51.661556243896484 65.8628261461854 44.66293928772211 44.18002092838287 108.4261836707592 -14.110312581062317
51.661556243896484 65.8628261461854 44.66293928772211 47.919349193573 117.322878818959 -22.639299422502518
51.661556243896484 65.8628261461854 44.66293928772211 52.271894216537476 126.60810917243361 -18.006140038371086
51.661556243896484 65.8628261461854 44.66293928772211 57.676366329193115 133.02464798092842 -12.277167193591595
51.661556243896484 65.8628261461854 44.66293928772211 43.22117280960083 118.705756444484 -5.045183800160885
51.661556243896484 65.8628261461854 44.66293928772211 39.16918611526489 126.09381847456098 -13.483164459466934
51.661556243896484 65.8628261461854 44.66293928772211 47.71083950996399 114.33144500479102 -10.616604171693325
51.661556243896484 65.8628261461854 44.66293928772211 46.68427610397339 127.01018287241459 -17.639470115303993
51.661556243896484 65.8628261461854 44.66293928772211 61.917232394218445 125.32615946233273 -23.954802989959717
51.661556243896484 65.8628261461854 44.66293928772211 40.2063707113266 130.86205844953656 -13.309961289167404
58.958863615989685 120.22655279561877 35.04171448945999 55.688127636909485 132.50221211835742 -13.519078738987446
58.958863615989685 120.22655279561877 35.04171448945999 50.1209853887558 131.77554031834006 -26.24977221339941
58.958863615989685 120.22655279561877 35.04171448945999 52.30993974208832 141.32317865639925 -26.896718762815
58.958863615989685 120.22655279561877 35.04171448945999 43.77549862861633 109.18871074169874 -16.16180118918419
58.958863615989685 120.22655279561877 35.04171448945999 59.54513204097748 122.59713363274932 -17.212213672697544
58.958863615989685 120.22655279561877 35.04171448945999 53.74102544784546 127.88191371783614 -17.82236421108246
58.958863615989685 120.22655279561877 35.04171448945999 47.97599470615387 141.61078594624996 -25.38002520799637
58.958863615989685 120.22655279561877 35.04171448945999 48.34735929965973 137.07198121398687 -7.267646960914135
58.958863615989685 120.22655279561877 35.04171448945999 41.12793982028961 141.89011737704277 -14.086473494768143
58.958863615989685 120.22655279561877 35.04171448945999 48.23258936405182 138.90119436383247 -29.40764693915844
57.045103907585144 117.54216051846743 37.81089224666357 47.71083950996399 114.33144500479102 -10.616604171693325
57.045103907585144 117.54216051846743 37.81089224666357 45.31704819202423 120.8425135537982 -15.853072591125965
57.045103907585144 117.54216051846743 37.81089224666357 53.56361281871796 141.208712246269 -25.74669513106346
57.045103907585144 117.54216051846743 37.81089224666357 37.835115909576416 123.70242681726813 -27.757656574249268
57.045103907585144 117.54216051846743 37.81089224666357 48.926018476486206 143.63595917448401 -26.254385098814964
57.045103907585144 117.54216051846743 37.81089224666357 43.77549862861633 109.18871074169874 -16.16180118918419
57.045103907585144 117.54216051846743 37.81089224666357 41.50812876224518 125.04656664282084 -4.164864137768745
57.045103907585144 117.54216051846743 37.81089224666357 44.58248257637024 120.20561128109694 -15.944960504770279
57.045103907585144 117.54216051846743 37.81089224666357 47.396305203437805 141.31778532639146 -8.336355336010456
57.045103907585144 117.54216051846743 37.81089224666357 36.83513128757477 138.0798621289432 -15.631153866648674
59.98748767375946 95.00586024671793 45.950716964900494 49.443329095840454 113.13286664709449 -26.53735549747944
59.98748767375946 95.00586024671793 45.950716964900494 47.467772245407104 117.51545394584537 -30.742793284356594
59.98748767375946 95.00586024671793 45.950716964900494 49.6587872505188 114.52113760262728 -27.50360330194235
59.98748767375946 95.00586024671793 45.950716964900494 50.06330955028534 113.75861053168774 -25.452114693820477
59.98748767375946 95.00586024671793 45.950716964900494 48.10146486759186 116.77524365112185 -30.67801045626402
59.98748767375946 95.00586024671793 45.950716964900494 49.54420208930969 114.50997921451926 -26.5102504119277
59.98748767375946 95.00586024671793 45.950716964900494 50.177894711494446 113.76976891979575 -26.445467583835125
59.98748767375946 95.00586024671793 45.950716964900494 49.025094628334045 115.26134789735079 -27.568386130034924
59.98748767375946 95.00586024671793 45.950716964900494 48.82334864139557 112.50712276250124 -27.6225963011384
59.98748767375946 95.00586024671793 45.950716964900494 48.70876348018646 112.49596437439322 -26.629243411123753
54.33601176738739 115.0168682038784 35.45663481205702 44.18002092838287 108.4261836707592 -14.110312581062317
54.33601176738739 115.0168682038784 35.45663481205702 38.050758838653564 123.25032623484731 -5.590551510453224
54.33601176738739 115.0168682038784 35.45663481205702 43.84791696071625 119.56870900839567 -16.036848418414593
54.33601176738739 115.0168682038784 35.45663481205702 45.96915602684021 131.51551244035363 -32.77178969234228
54.33601176738739 115.0168682038784 35.45663481205702 49.743887424468994 129.80615903064609 -30.342176772654057
54.33601176738739 115.0168682038784 35.45663481205702 47.441378235816956 113.97638496384025 -26.758809067308903
54.33601176738739 115.0168682038784 35.45663481205702 53.56361281871796 141.208712246269 -25.74669513106346
54.33601176738739 115.0168682038784 35.45663481205702 55.34540247917175 126.19775961339474 -8.595951803028584
54.33601176738739 115.0168682038784 35.45663481205702 47.68341517448425 117.06335336342454 -8.57568822056055
54.33601176738739 115.0168682038784 35.45663481205702 45.46008801460266 111.85078624263406 -16.94427316635847
30.215585947036743 140.97174460068345 37.999329537153244 45.930264949798584 121.23104875907302 -2.6909263655543327
30.215585947036743 140.97174460068345 37.999329537153244 43.5284948348999 135.61625750735402 -20.926910497248173
30.215585947036743 140.97174460068345 37.999329537153244 37.100550293922424 123.06552454456687 -27.84954448789358
30.215585947036743 140.97174460068345 37.999329537153244 45.72627353668213 132.85914984345436 -29.764625936746597
30.215585947036743 140.97174460068345 37.999329537153244 41.32376766204834 139.97652802988887 -23.14564250409603
30.215585947036743 140.97174460068345 37.999329537153244 46.358935832977295 138.3899168893695 -31.64291137456894
30.215585947036743 140.97174460068345 37.999329537153244 36.34653913974762 117.2863904312253 -12.901000738143921
30.215585947036743 140.97174460068345 37.999329537153244 48.46175968647003 138.9235111400485 -31.394352719187737
30.215585947036743 140.97174460068345 37.999329537153244 37.354238748550415 137.32849344611168 -14.57301814854145
30.215585947036743 140.97174460068345 37.999329537153244 46.22207796573639 109.7557801567018 -18.89330120384693
62.23129069805145 99.08968186751008 41.22193851321936 51.332491636276245 142.02991378679872 -23.98144292086363
62.23129069805145 99.08968186751008 41.22193851321936 52.410812735557556 142.70029122382402 -26.86961367726326
62.23129069805145 99.08968186751008 41.22193851321936 56.335532426834106 130.39604764431715 -14.474753886461258
62.23129069805145 99.08968186751008 41.22193851321936 49.443329095840454 113.13286664709449 -26.53735549747944
62.23129069805145 99.08968186751008 41.22193851321936 55.70183980464935 131.13625793904066 -14.539536714553833
62.23129069805145 99.08968186751008 41.22193851321936 51.85159909725189 141.2785451039672 -22.923307202756405
62.23129069805145 99.08968186751008 41.22193851321936 53.56361281871796 141.208712246269 -25.74669513106346
62.23129069805145 99.08968186751008 41.22193851321936 60.68421995639801 122.47150883451104 -15.068837150931358
62.23129069805145 99.08968186751008 41.22193851321936 51.95247209072113 142.65565767139196 -22.896202117204666
62.23129069805145 99.08968186751008 41.22193851321936 56.840927720069885 131.01063314080238 -12.396160192787647
64.5087000131607 62.81573108583689 46.11065370589495 52.55694353580475 114.89563189074397 -22.131609454751015
64.5087000131607 62.81573108583689 46.11065370589495 53.29150915145874 115.53253416344523 -22.0397215411067
64.5087000131607 62.81573108583689 46.11065370589495 46.32295095920563 111.13289272412658 -18.866196118295193
64.5087000131607 62.81573108583689 46.11065370589495 35.59826135635376 118.0154423378408 -11.972430676221848
64.5087000131607 62.81573108583689 46.11065370589495 47.41987204551697 121.37610780447721 -15.604513935744762
64.5087000131607 62.81573108583689 46.11065370589495 39.51989006996155 124.52413078024983 -5.406775683164597
64.5087000131607 62.81573108583689 46.11065370589495 33.38085234165192 117.47068969905376 -11.227636441588402
64.5087000131607 62.81573108583689 46.11065370589495 38.67073929309845 123.87607011944056 -4.505310706794262
64.5087000131607 62.81573108583689 46.11065370589495 36.23195397853851 117.27523204311728 -11.907647848129272
64.5087000131607 62.81573108583689 46.11065370589495 45.992907643318176 109.73346338048577 -16.906595423817635
46.78081560134888 111.92738900333643 44.617382660508156 48.08775269985199 118.14119783043861 -29.657552480697632
46.78081560134888 111.92738900333643 44.617382660508156 64.2070597410202 136.2509103678167 -24.574644453823566
46.78081560134888 111.92738900333643 44.617382660508156 48.46870815753937 137.32034828141332 -20.337905272841454
46.78081560134888 111.92738900333643 44.617382660508156 46.57072126865387 120.72804714366794 -14.703048959374428
46.78081560134888 111.92738900333643 44.617382660508156 36.24933886528015 134.95941856503487 -30.83421604335308
46.78081560134888 111.92738900333643 44.617382660508156 52.68703770637512 143.29255994409323 -22.804314203560352
46.78081560134888 111.92738900333643 44.617382660508156 36.34241783618927 142.37029979377985 -20.67327380180359
46.78081560134888 111.92738900333643 44.617382660508156 43.74028027057648 117.95438776165247 -3.9870480820536613
46.78081560134888 111.92738900333643 44.617382660508156 48.880178928375244 134.9546583518386 -7.229969218373299
46.78081560134888 111.92738900333643 44.617382660508156 46.24435067176819 138.37875850126147 -30.64955848455429
33.168590903282166 135.8824221715331 39.28949148207903 40.94093632698059 131.49896072223783 -13.21807337552309
33.168590903282166 135.8824221715331 39.28949148207903 34.129130125045776 116.74163779243827 -12.156206503510475
33.168590903282166 135.8824221715331 39.28949148207903 47.51089036464691 141.32894371449947 -9.329708226025105
33.168590903282166 135.8824221715331 39.28949148207903 44.93891990184784 125.14410960674286 -21.88854541629553
33.168590903282166 135.8824221715331 39.28949148207903 47.99956154823303 121.66910842433572 -32.648183807730675
33.168590903282166 135.8824221715331 39.28949148207903 52.36214601993561 110.53824389725924 -11.12937217950821
33.168590903282166 135.8824221715331 39.28949148207903 46.568660616874695 133.2700018249452 -18.589185491204262
33.168590903282166 135.8824221715331 39.28949148207903 46.332541823387146 134.85084790736437 -27.658927157521248
33.168590903282166 135.8824221715331 39.28949148207903 53.990856409072876 124.93511345610023 -9.77308052033186
33.168590903282166 135.8824221715331 39.28949148207903 37.68325173854828 144.99890013039112 -18.475687108933926
59.99604821205139 124.99479277059436 35.21491765975952 36.688233971595764 129.86182027682662 -19.7671959400177
59.99604821205139 124.99479277059436 35.21491765975952 38.68220603466034 136.8924421593547 -32.545258082449436
59.99604821205139 124.99479277059436 35.21491765975952 36.15438401699066 138.25012047961354 -21.747941948473454
59.99604821205139 124.99479277059436 35.21491765975952 46.920210123062134 127.26970832794905 -31.70308131724596
59.99604821205139 124.99479277059436 35.21491765975952 57.0700980424881 131.0329499170184 -14.382865972816944
59.99604821205139 124.99479277059436 35.21491765975952 44.1474449634552 142.5129787325859 -21.784737959504128
59.99604821205139 124.99479277059436 35.21491765975952 61.29622161388397 130.97139291837811 -26.983112059533596
59.99604821205139 124.99479277059436 35.21491765975952 52.29133975505829 131.75034101307392 -33.04657170176506
59.99604821205139 124.99479277059436 35.21491765975952 37.20142328739166 124.44263711199164 -27.822439402341843
59.99604821205139 124.99479277059436 35.21491765975952 44.831098437309265 125.37015989795327 -32.97209794819355
18.972052693367004 106.31198437139392 46.3799896761775 38.82524585723877 127.90071484819055 -33.63645865768194
18.972052693367004 106.31198437139392 46.3799896761775 47.71083950996399 114.33144500479102 -10.616604171693325
18.972052693367004 106.31198437139392 46.3799896761775 46.358935832977295 138.3899168893695 -31.64291137456894
18.972052693367004 106.31198437139392 46.3799896761775 50.740965843200684 132.4012842029333 -25.164531409740448
18.972052693367004 106.31198437139392 46.3799896761775 56.67233943939209 132.03268566727638 -28.511260002851486
18.972052693367004 106.31198437139392 46.3799896761775 64.84075236320496 135.51070007309318 -24.50986162573099
18.972052693367004 106.31198437139392 46.3799896761775 49.32874393463135 113.12170825898647 -25.54400260746479
18.972052693367004 106.31198437139392 46.3799896761775 39.990912556648254 129.47378749400377 -12.343713484704494
18.972052693367004 106.31198437139392 46.3799896761775 42.29445207118988 139.03258422017097 -13.984012924134731
18.972052693367004 106.31198437139392 46.3799896761775 48.2454559803009 141.96584598720074 -9.23782031238079
59.32045257091522 93.81016441807151 38.81347090750933 46.73320662975311 116.8785516731441 -30.834681198000908
59.32045257091522 93.81016441807151 38.81347090750933 48.08775269985199 118.14119783043861 -29.657552480697632
59.32045257091522 93.81016441807151 38.81347090750933 48.290529012680054 114.62444562464952 -27.660274043679237
59.32045257091522 93.81016441807151 38.81347090750933 47.99956154823303 121.66910842433572 -32.648183807730675
59.32045257091522 93.81016441807151 38.81347090750933 48.189656019210815 113.24733305722475 -27.687379129230976
59.32045257091522 93.81016441807151 38.81347090750933 49.6587872505188 114.52113760262728 -27.50360330194235
59.32045257091522 93.81016441807151 38.81347090750933 49.54420208930969 114.50997921451926 -26.5102504119277
59.32045257091522 93.81016441807151 38.81347090750933 47.23860192298889 117.49313716962934 -28.756087504327297
59.32045257091522 93.81016441807151 38.81347090750933 49.429616928100586 114.49882082641125 -25.51689752191305
59.32045257091522 93.81016441807151 38.81347090750933 48.07507085800171 113.23617466911674 -26.694026239216328
42.116060733795166 74.7928657643497 48.69563905894756 44.28089392185211 109.80329623818398 -14.083207495510578
42.116060733795166 74.7928657643497 48.69563905894756 39.41901707649231 123.14701821282506 -5.433880768716335
42.116060733795166 74.7928657643497 48.69563905894756 42.48557686805725 124.33983151242137 -7.080139979720116
42.116060733795166 74.7928657643497 48.69563905894756 50.92514216899872 119.3116943538189 -29.317105911672115
42.116060733795166 74.7928657643497 48.69563905894756 47.08982872962952 119.97667846083641 -13.644913241267204
42.116060733795166 74.7928657643497 48.69563905894756 60.79880511760712 122.48266722261906 -16.062190040946007
42.116060733795166 74.7928657643497 48.69563905894756 44.51476728916168 122.60477637499571 -32.03295522928238
42.116060733795166 74.7928657643497 48.69563905894756 58.41093194484711 133.66155025362968 -12.18527927994728
42.116060733795166 74.7928657643497 48.69563905894756 41.338510155677795 132.33959650993347 -22.2230322137475
42.116060733795166 74.7928657643497 48.69563905894756 55.96538293361664 126.82350349798799 -7.510710999369621
53.20490264892578 107.26835280284286 46.31277400255203 51.19254279136658 132.20870907604694 -17.06103754788637
53.20490264892578 107.26835280284286 46.31277400255203 49.36002576351166 127.59956906363368 -22.357675909996033
53.20490264892578 107.26835280284286 46.31277400255203 49.69006907939911 128.99899840727448 -24.31727660447359
53.20490264892578 107.26835280284286 46.31277400255203 53.20614516735077 142.5411912612617 -21.74617848545313
53.20490264892578 107.26835280284286 46.31277400255203 47.20441389083862 119.98783684894443 -14.638266131281853
53.20490264892578 107.26835280284286 46.31277400255203 47.41781139373779 133.9180624857545 -19.490650467574596
53.20490264892578 107.26835280284286 46.31277400255203 37.356114625930786 126.62691030278802 -33.82023448497057
53.20490264892578 107.26835280284286 46.31277400255203 40.05638241767883 141.4569486193359 -23.27520816028118
53.20490264892578 107.26835280284286 46.31277400255203 48.15340733528137 128.28398741781712 -17.455694288015366
53.20490264892578 107.26835280284286 46.31277400255203 47.53342688083649 127.65824353322387 -18.540935091674328
21.878769516944885 136.67541118338704 41.01618421822786 45.46479105949402 124.62994960322976 -32.907315120100975
21.878769516944885 136.67541118338704 41.01618421822786 45.00438976287842 137.12727073207498 -32.820040091872215
21.878769516944885 136.67541118338704 41.01618421822786 40.790948033332825 142.09385089203715 -23.183320246636868
21.878769516944885 136.67541118338704 41.01618421822786 43.853835105895996 124.23652349039912 -6.923469237983227
21.878769516944885 136.67541118338704 41.01618421822786 55.8645099401474 125.44639093056321 -7.53781608492136
21.878769516944885 136.67541118338704 41.01618421822786 55.47266948223114 131.11394116282463 -12.552830934524536
21.878769516944885 136.67541118338704 41.01618421822786 48.417980790138245 117.7002556361258 -8.483800306916237
21.878769516944885 136.67541118338704 41.01618421822786 47.41987204551697 121.37610780447721 -15.604513935744762
21.878769516944885 136.67541118338704 41.01618421822786 37.063271284103394 144.37315624579787 -19.560927912592888
21.878769516944885 136.67541118338704 41.01618421822786 47.9604856967926 113.22501628100872 -25.70067334920168
64.34576606750488 110.79927662014961 36.56390266120434 40.790948033332825 142.09385089203715 -23.183320246636868
64.34576606750488 110.79927662014961 36.56390266120434 38.21118354797363 131.94278544560075 -25.60832028090954
64.34576606750488 110.79927662014961 36.56390266120434 53.94174110889435 136.90711619332433 -19.711222305893898
64.34576606750488 110.79927662014961 36.56390266120434 33.9173446893692 134.40350753813982 -29.096068918704987
64.34576606750488 110.79927662014961 36.56390266120434 45.739985704422 131.4931956641376 -30.785083912312984
64.34576606750488 110.79927662014961 36.56390266120434 49.009321808815 129.16925675794482 -30.43406468629837
64.34576606750488 110.79927662014961 36.56390266120434 51.737013936042786 141.26738671585917 -21.929954312741756
64.34576606750488 110.79927662014961 36.56390266120434 45.8545708656311 131.50435405224562 -31.778436802327633
64.34576606750488 110.79927662014961 36.56390266120434 39.47856879234314 130.46236485615373 -25.478754624724388
64.34576606750488 110.79927662014961 36.56390266120434 59.10153388977051 114.91556856036186 -12.31619182229042
18.223774909973145 107.04103627800941 47.308559738099575 41.386595129966736 126.63857111334801 -14.22795869410038
18.223774909973145 107.04103627800941 47.308559738099575 50.14944005012512 122.77265461906791 -26.347619898617268
18.223774909973145 107.04103627800941 47.308559738099575 47.09350144863129 139.02681916207075 -31.551023460924625
18.223774909973145 107.04103627800941 47.308559738099575 45.21617519855499 119.46540098637342 -15.880177676677704
18.223774909973145 107.04103627800941 47.308559738099575 36.775394797325134 132.60488702356815 -18.719632878899574
18.223774909973145 107.04103627800941 47.308559738099575 53.49325513839722 118.28675929829478 -21.985511370003223
18.223774909973145 107.04103627800941 47.308559738099575 34.551037311553955 133.6632972434163 -29.03128609061241
18.223774909973145 107.04103627800941 47.308559738099575 63.413787961006165 123.86805564910173 -25.811943113803864
18.223774909973145 107.04103627800941 47.308559738099575 48.21887719631195 140.26714854314923 -28.387188963592052
18.223774909973145 107.04103627800941 47.308559738099575 43.852620005607605 132.34787236899137 -31.999890372157097
55.64942133426666 120.37737689912319 39.695137456059456 46.18564450740814 126.63280605524778 -31.794969230890274
55.64942133426666 120.37737689912319 39.695137456059456 54.582197427749634 136.40411457791924 -31.723344899713993
55.64942133426666 120.37737689912319 39.695137456059456 35.49738836288452 116.63832977041602 -11.999535761773586
55.64942133426666 120.37737689912319 39.695137456059456 37.93617367744446 123.23916784673929 -4.597198620438576
55.64942133426666 120.37737689912319 39.695137456059456 55.40128147602081 114.46296555548906 -10.734715439379215
55.64942133426666 120.37737689912319 39.695137456059456 58.86438477039337 122.76739198341966 -23.329001754522324
55.64942133426666 120.37737689912319 39.695137456059456 49.344252943992615 141.50747792422771 -25.22335446625948
55.64942133426666 120.37737689912319 39.695137456059456 34.86736845970154 136.42868076637387 -29.970428809523582
55.64942133426666 120.37737689912319 39.695137456059456 37.354238748550415 137.32849344611168 -14.57301814854145
55.64942133426666 120.37737689912319 39.695137456059456 47.70080006122589 134.74753988534212 -27.50225641578436
55.85219764709473 116.8606246933341 41.69241589307785 48.40426862239838 119.06620981544256 -7.46334233134985
55.85219764709473 116.8606246933341 41.69241589307785 47.71348190307617 139.652563046664 -30.465782657265663
55.85219764709473 116.8606246933341 41.69241589307785 36.34653913974762 117.2863904312253 -12.901000738143921
55.85219764709473 116.8606246933341 41.69241589307785 38.50891470909119 125.13533132523298 -32.69731593877077
55.85219764709473 116.8606246933341 41.69241589307785 53.7891104221344 122.18088832125068 -9.827290691435337
55.85219764709473 116.8606246933341 41.69241589307785 41.63642609119415 123.69177085161209 -6.178675003349781
55.85219764709473 116.8606246933341 41.69241589307785 47.55776023864746 143.73926719650626 -26.411055840551853
55.85219764709473 116.8606246933341 41.69241589307785 50.291449546813965 120.0519046485424 -29.38188873976469
55.85219764709473 116.8606246933341 41.69241589307785 62.678192019462585 129.5021307170391 -27.846899293363094
55.85219764709473 116.8606246933341 41.69241589307785 40.25445568561554 125.1610330529511 -5.314887769520283
48.324689626693726 68.74555860832334 51.35727820545435 47.31308090686798 115.33118075504899 -24.744998201727867
48.324689626693726 68.74555860832334 51.35727820545435 47.5119206905365 135.05796637386084 -7.3866399601101875
48.324689626693726 68.74555860832334 51.35727820545435 34.978280901908875 117.38969845324755 -13.05767147988081
48.324689626693726 68.74555860832334 51.35727820545435 55.44627547264099 127.57487218081951 -8.568846717476845
48.324689626693726 68.74555860832334 51.35727820545435 45.930264949798584 121.23104875907302 -2.6909263655543327
48.324689626693726 68.74555860832334 51.35727820545435 48.92422163486481 113.88423532992601 -27.595491215586662
48.324689626693726 68.74555860832334 51.35727820545435 48.57164180278778 126.15550616756082 -16.42466365545988
48.324689626693726 68.74555860832334 51.35727820545435 47.32679307460785 113.96522657573223 -25.765456177294254
48.324689626693726 68.74555860832334 51.35727820545435 40.67269015312195 123.0325518026948 -4.283857136964798
48.324689626693726 68.74555860832334 51.35727820545435 46.45613610744476 120.71688875555992 -13.70969606935978
56.51228427886963 119.65948338061571 37.773214504122734 54.25318443775177 128.7337078936398 -27.820675939321518
56.51228427886963 119.65948338061571 37.773214504122734 53.803852915763855 114.54395680129528 -8.904680401086807
56.51228427886963 119.65948338061571 37.773214504122734 49.6587872505188 114.52113760262728 -27.50360330194235
56.51228427886963 119.65948338061571 37.773214504122734 48.569581151008606 138.6974608488381 -20.310800187289715
56.51228427886963 119.65948338061571 37.773214504122734 51.21790647506714 142.0187553986907 -22.98809003084898
56.51228427886963 119.65948338061571 37.773214504122734 48.36088669300079 137.54639857262373 -31.421457804739475
56.51228427886963 119.65948338061571 37.773214504122734 39.45809292793274 131.59111035615206 -12.38139122724533
56.51228427886963 119.65948338061571 37.773214504122734 43.22014248371124 124.97673378512263 -6.988252066075802
56.51228427886963 119.65948338061571 37.773214504122734 39.1898467540741 123.12470143660903 -3.4471749886870384
56.51228427886963 119.65948338061571 37.773214504122734 39.215025663375854 134.7751192972064 -32.5075803399086
14.912271976470947 119.73381506279111 48.075846172869205 48.189656019210815 113.24733305722475 -27.687379129230976
14.912271976470947 119.73381506279111 48.075846172869205 48.594178318977356 112.48480598628521 -25.635890521109104
14.912271976470947 119.73381506279111 48.075846172869205 45.47380018234253 110.4848320633173 -17.964731141924858
14.912271976470947 119.73381506279111 48.075846172869205 49.55791425704956 113.1440250352025 -27.530708387494087
14.912271976470947 119.73381506279111 48.075846172869205 44.95469272136688 111.23620074614882 -19.02286686003208
14.912271976470947 119.73381506279111 48.075846172869205 44.72552239894867 111.2138839699328 -17.036161080002785
14.912271976470947 119.73381506279111 48.075846172869205 45.588385343551636 110.49599045142531 -18.958084031939507
14.912271976470947 119.73381506279111 48.075846172869205 48.70876348018646 112.49596437439322 -26.629243411123753
14.912271976470947 119.73381506279111 48.075846172869205 48.07507085800171 113.23617466911674 -26.694026239216328
14.912271976470947 119.73381506279111 48.075846172869205 46.22207796573639 109.7557801567018 -18.89330120384693
45.81707966327667 111.26816995441914 46.51220052689314 37.835115909576416 123.70242681726813 -27.757656574249268
45.81707966327667 111.26816995441914 46.51220052689314 51.85159909725189 141.2785451039672 -22.923307202756405
45.81707966327667 111.26816995441914 46.51220052689314 41.63642609119415 123.69177085161209 -6.178675003349781
45.81707966327667 111.26816995441914 46.51220052689314 63.37162113189697 134.23689552769065 -24.69363745301962
45.81707966327667 111.26816995441914 46.51220052689314 38.20338952541351 137.97655410692096 -15.474483124911785
45.81707966327667 111.26816995441914 46.51220052689314 35.8253710269928 130.5797137953341 -17.84527298808098
45.81707966327667 111.26816995441914 46.51220052689314 64.95533752441406 135.5218584612012 -25.50321451574564
45.81707966327667 111.26816995441914 46.51220052689314 51.188685297966 114.99893991276622 -22.288280196487904
45.81707966327667 111.26816995441914 46.51220052689314 37.00353479385376 138.89818114042282 -22.649406924843788
45.81707966327667 111.26816995441914 46.51220052689314 46.17108678817749 132.42936603724957 -9.58422665297985
52.98944449424744 105.88008184731007 47.27902180701494 39.24348032474518 125.77223359793425 -32.60542802512646
52.98944449424744 105.88008184731007 47.27902180701494 40.685187220573425 129.7779465019703 -30.380736246705055
52.98944449424744 105.88008184731007 47.27902180701494 53.121044993400574 127.2561698332429 -18.90760501474142
52.98944449424744 105.88008184731007 47.27902180701494 43.86633217334747 130.98191818967462 -33.020348347723484
52.98944449424744 105.88008184731007 47.27902180701494 47.70080006122589 134.74753988534212 -27.50225641578436
52.98944449424744 105.88008184731007 47.27902180701494 46.468817949295044 125.6219119168818 -16.673222310841084
52.98944449424744 105.88008184731007 47.27902180701494 40.06520676612854 129.15220261737704 -31.465977050364017
52.98944449424744 105.88008184731007 47.27902180701494 55.34540247917175 126.19775961339474 -8.595951803028584
52.98944449424744 105.88008184731007 47.27902180701494 51.21790647506714 142.0187553986907 -22.98809003084898
52.98944449424744 105.88008184731007 47.27902180701494 43.63716185092926 130.95960141345859 -31.033642567694187
44.79257690906525 111.40495314076543 43.375471115112305 42.17291843891144 140.62458869069815 -24.047107480466366
44.79257690906525 111.40495314076543 43.375471115112305 48.24648630619049 135.6948686465621 -7.294752046465874
44.79257690906525 111.40495314076543 43.375471115112305 37.60980308055878 140.88987920433283 -20.54370814561844
44.79257690906525 111.40495314076543 43.375471115112305 48.66369044780731 139.83736473694444 -8.206789679825306
44.79257690906525 111.40495314076543 43.375471115112305 44.46789741516113 120.19445289298892 -14.95160761475563
44.79257690906525 111.40495314076543 43.375471115112305 47.080819606781006 134.12179600074887 -28.58749721944332
44.79257690906525 111.40495314076543 43.375471115112305 61.32364594936371 128.2394845597446 -29.02402801066637
44.79257690906525 111.40495314076543 43.375471115112305 52.405924916267395 131.76149940118194 -34.03992459177971
44.79257690906525 111.40495314076543 43.375471115112305 45.181987166404724 121.96010066568851 -1.7623563036322594
44.79257690906525 111.40495314076543 43.375471115112305 44.06826293468475 131.89577178657055 -9.832785308361053
58.09600067138672 120.94444631412625 36.96363744139671 60.689953327178955 128.9796948544681 -29.088810838758945
58.09600067138672 120.94444631412625 36.96363744139671 56.18084108829498 128.21177445352077 -8.476958803832531
58.09600067138672 120.94444631412625 36.96363744139671 50.95172095298767 121.0103917978704 -10.167737260460854
58.09600067138672 120.94444631412625 36.96363744139671 49.32771360874176 119.39268559962511 -27.487070873379707
58.09600067138672 120.94444631412625 36.96363744139671 53.80282258987427 120.81493414193392 -10.847748667001724
58.09600067138672 120.94444631412625 36.96363744139671 46.23166882991791 133.4737353399396 -27.686032243072987
58.09600067138672 120.94444631412625 36.96363744139671 47.29936873912811 116.69713493436575 -23.72454022616148
58.09600067138672 120.94444631412625 36.96363744139671 62.5509250164032 124.58594916760921 -23.89002016186714
58.09600067138672 120.94444631412625 36.96363744139671 43.853835105895996 124.23652349039912 -6.923469237983227
58.09600067138672 120.94444631412625 36.96363744139671 38.216071367263794 142.88157726824284 -18.43800936639309
36.238505482673645 75.96862492337823 46.017467483878136 52.56080102920532 132.1054010540247 -16.904366806149483
36.238505482673645 75.96862492337823 46.017467483878136 48.77827560901642 139.84852312505245 -9.200142569839954
36.238505482673645 75.96862492337823 46.017467483878136 49.443329095840454 113.13286664709449 -26.53735549747944
36.238505482673645 75.96862492337823 46.017467483878136 37.928194880485535 131.11330804601312 -17.596714332699776
36.238505482673645 75.96862492337823 46.017467483878136 57.227880358695984 114.40429108589888 -14.55145625770092
36.238505482673645 75.96862492337823 46.017467483878136 60.91339027881622 122.49382561072707 -17.055542930960655
36.238505482673645 75.96862492337823 46.017467483878136 47.919349193573 117.322878818959 -22.639299422502518
36.238505482673645 75.96862492337823 46.017467483878136 34.8499835729599 118.74449424445629 -11.043860614299774
36.238505482673645 75.96862492337823 46.017467483878136 43.74028027057648 117.95438776165247 -3.9870480820536613
36.238505482673645 75.96862492337823 46.017467483878136 45.47380018234253 110.4848320633173 -17.964731141924858
34.75436794757843 124.62543042376637 42.36605095118284 48.57634484767914 138.93466952815652 -32.387705609202385
34.75436794757843 124.62543042376637 42.36605095118284 43.6852468252182 125.25857601687312 -23.038569048047066
34.75436794757843 124.62543042376637 42.36605095118284 48.417980790138245 117.7002556361258 -8.483800306916237
34.75436794757843 124.62543042376637 42.36605095118284 54.13962960243225 122.45157216489315 -24.884254783391953
34.75436794757843 124.62543042376637 42.36605095118284 33.647037863731384 138.47905329987407 -24.047989211976528
34.75436794757843 124.62543042376637 42.36605095118284 63.257035970687866 134.22573713958263 -23.70028456300497
34.75436794757843 124.62543042376637 42.36605095118284 38.365874886512756 134.12705863639712 -31.606115363538265
34.75436794757843 124.62543042376637 42.36605095118284 39.57944178581238 131.8394774235785 -25.45164953917265
34.75436794757843 124.62543042376637 42.36605095118284 62.45005202293396 123.20883660018444 -23.91712524741888
34.75436794757843 124.62543042376637 42.36605095118284 46.5264937877655 143.63884170353413 -17.470879830420017
33.238182067871094 122.78167393431067 36.13026987016201 46.468817949295044 125.6219119168818 -16.673222310841084
33.238182067871094 122.78167393431067 36.13026987016201 45.46008801460266 111.85078624263406 -16.94427316635847
33.238182067871094 122.78167393431067 36.13026987016201 43.75174701213837 130.9707598015666 -32.026995457708836
33.238182067871094 122.78167393431067 36.13026987016201 50.92308151721954 131.85364903509617 -33.20324244350195
33.238182067871094 122.78167393431067 36.13026987016201 40.90553319454193 142.10500928014517 -24.176673136651516
33.238182067871094 122.78167393431067 36.13026987016201 45.930264949798584 121.23104875907302 -2.6909263655543327
33.238182067871094 122.78167393431067 36.13026987016201 36.04082918167114 131.9679847508669 -18.811520792543888
33.238182067871094 122.78167393431067 36.13026987016201 42.80069291591644 135.21656391397119 -33.09570383280516
33.238182067871094 122.78167393431067 36.13026987016201 43.853835105895996 124.23652349039912 -6.923469237983227
33.238182067871094 122.78167393431067 36.13026987016201 48.852569818496704 139.52693824842572 -28.322406135499477
45.29694187641144 118.2905159778893 43.510996542871 50.1209853887558 131.77554031834006 -26.24977221339941
45.29694187641144 118.2905159778893 43.510996542871 56.06625592708588 128.20061606541276 -7.4836059138178825
45.29694187641144 118.2905159778893 43.510996542871 48.1308708190918 141.95468759909272 -8.244467422366142
45.29694187641144 118.2905159778893 43.510996542871 60.23264300823212 122.66408396139741 -23.172331012785435
45.29694187641144 118.2905159778893 43.510996542871 48.189656019210815 113.24733305722475 -27.687379129230976
45.29694187641144 118.2905159778893 43.510996542871 42.134872913360596 125.90951920673251 -15.156528756022453
45.29694187641144 118.2905159778893 43.510996542871 38.71066069602966 127.88955646008253 -32.64310576766729
45.29694187641144 118.2905159778893 43.510996542871 42.04094839096069 122.92924378067255 -4.127186395227909
45.29694187641144 118.2905159778893 43.510996542871 40.25445568561554 125.1610330529511 -5.314887769520283
45.29694187641144 118.2905159778893 43.510996542871 36.15541434288025 131.9791431389749 -19.804873682558537
14.925984144210815 118.36786088347435 47.05538819730282 48.10146486759186 116.77524365112185 -30.67801045626402
14.925984144210815 118.36786088347435 47.05538819730282 48.17594385147095 114.61328723654151 -26.66692115366459
14.925984144210815 118.36786088347435 47.05538819730282 48.91050946712494 115.25018950924277 -26.575033240020275
14.925984144210815 118.36786088347435 47.05538819730282 48.08775269985199 118.14119783043861 -29.657552480697632
14.925984144210815 118.36786088347435 47.05538819730282 33.61002266407013 117.4930064752698 -13.214342221617699
14.925984144210815 118.36786088347435 47.05538819730282 48.80860614776611 120.14405428245664 -28.54520659148693
14.925984144210815 118.36786088347435 47.05538819730282 47.08391058444977 115.30886397883296 -22.75829242169857
14.925984144210815 118.36786088347435 47.05538819730282 35.49738836288452 116.63832977041602 -11.999535761773586
14.925984144210815 118.36786088347435 47.05538819730282 35.712846517562866 118.02660072594881 -12.965783566236496
14.925984144210815 118.36786088347435 47.05538819730282 48.707733154296875 118.76694171503186 -28.57231167703867
41.54963481426239 117.26796102896333 39.04046767205 63.357908964157104 135.6028497070074 -23.673179477453232
41.54963481426239 117.26796102896333 39.04046767205 58.48155343532562 114.28982467576861 -13.401432625949383
41.54963481426239 117.26796102896333 39.04046767205 46.45613610744476 120.71688875555992 -13.70969606935978
41.54963481426239 117.26796102896333 39.04046767205 53.833919644355774 137.13316648453474 -30.79477483779192
41.54963481426239 117.26796102896333 39.04046767205 44.87609243392944 138.48206652328372 -30.80622922629118
41.54963481426239 117.26796102896333 39.04046767205 44.840107560157776 111.22504235804081 -18.029513970017433
41.54963481426239 117.26796102896333 39.04046767205 60.13177001476288 121.28697139397264 -23.199436098337173
41.54963481426239 117.26796102896333 39.04046767205 53.06928730010986 113.90705452859402 -8.996568314731121
41.54963481426239 117.26796102896333 39.04046767205 43.23263955116272 131.72212848439813 -33.08513117581606
41.54963481426239 117.26796102896333 39.04046767205 50.331740498542786 120.38464791327715 -11.252978064119816
55.461387515068054 116.25719758495688 38.62046930938959 47.08391058444977 115.30886397883296 -22.75829242169857
55.461387515068054 116.25719758495688 38.62046930938959 46.093780636787415 111.11057594791055 -16.879490338265896
55.461387515068054 116.25719758495688 38.62046930938959 48.726333141326904 128.3397793583572 -22.422458738088608
55.461387515068054 116.25719758495688 38.62046930938959 43.954708099365234 125.6136360578239 -6.896364152431488
55.461387515068054 116.25719758495688 38.62046930938959 37.24152946472168 126.61575191468 -32.82688159495592
55.461387515068054 116.25719758495688 38.62046930938959 51.167179107666016 122.39866275340319 -11.133985064923763
55.461387515068054 116.25719758495688 38.62046930938959 45.46008801460266 111.85078624263406 -16.94427316635847
55.461387515068054 116.25719758495688 38.62046930938959 37.31600844860077 124.45379550009966 -28.81579229235649
55.461387515068054 116.25719758495688 38.62046930938959 49.009321808815 129.16925675794482 -30.43406468629837
55.461387515068054 116.25719758495688 38.62046930938959 44.57571887969971 119.96840260177851 -3.868055082857609
55.20685350894928 106.4248344860971 46.534227572381496 47.304256558418274 127.63592675700784 -16.55422931164503
55.20685350894928 106.4248344860971 46.534227572381496 45.21617519855499 119.46540098637342 -15.880177676677704
55.20685350894928 106.4248344860971 46.534227572381496 48.76456344127655 141.2144773043692 -8.179684594273567
55.20685350894928 106.4248344860971 46.534227572381496 47.29543220996857 139.94067275896668 -8.363460421562195
55.20685350894928 106.4248344860971 46.534227572381496 36.57364881038666 129.8506618887186 -18.77384305000305
55.20685350894928 106.4248344860971 46.534227572381496 34.86736845970154 136.42868076637387 -29.970428809523582
55.20685350894928 106.4248344860971 46.534227572381496 42.679344058036804 134.96819684654474 -20.025445520877838
55.20685350894928 106.4248344860971 46.534227572381496 42.81252920627594 144.5521928779781 -14.868945471942425
55.20685350894928 106.4248344860971 46.534227572381496 40.84006333351135 130.12184815481305 -13.245178461074829
55.20685350894928 106.4248344860971 46.534227572381496 42.287503600120544 140.63574707880616 -25.040460370481014
70.00606632232666 78.48352266103029 38.86721592396498 49.77131175994873 127.07425067201257 -32.38309272378683
70.00606632232666 78.48352266103029 38.86721592396498 47.872294545173645 116.75292687490582 -28.691304676234722
70.00606632232666 78.48352266103029 38.86721592396498 49.54420208930969 114.50997921451926 -26.5102504119277
70.00606632232666 78.48352266103029 38.86721592396498 38.35422337055206 122.95105813443661 -26.699520856142044
70.00606632232666 78.48352266103029 38.86721592396498 46.73320662975311 116.8785516731441 -30.834681198000908
70.00606632232666 78.48352266103029 38.86721592396498 40.46972906589508 128.3896755464375 -29.414488442242146
70.00606632232666 78.48352266103029 38.86721592396498 39.57944178581238 131.8394774235785 -25.45164953917265
70.00606632232666 78.48352266103029 38.86721592396498 41.103421688079834 127.64946525171399 -29.34970561414957
70.00606632232666 78.48352266103029 38.86721592396498 38.73029100894928 131.19141676276922 -24.550184562802315
70.00606632232666 78.48352266103029 38.86721592396498 46.171932339668274 127.99876023456454 -30.774511255323887
54.395748257637024 120.49184330925345 38.54511382430792 62.56360685825348 129.4909723289311 -26.853546403348446
54.395748257637024 120.49184330925345 38.54511382430792 37.93617367744446 123.23916784673929 -4.597198620438576
54.395748257637024 120.49184330925345 38.54511382430792 56.18084108829498 128.21177445352077 -8.476958803832531
54.395748257637024 120.49184330925345 38.54511382430792 42.358309864997864 119.42364996299148 -3.123260848224163
54.395748257637024 120.49184330925345 38.54511382430792 55.54714846611023 128.95198474824429 -8.541741631925106
54.395748257637024 120.49184330925345 38.54511382430792 48.84091830253601 128.3509377464652 -23.415811628103256
54.395748257637024 120.49184330925345 38.54511382430792 52.30993974208832 141.32317865639925 -26.896718762815
54.395748257637024 120.49184330925345 38.54511382430792 54.83897686004639 131.85415145754814 -12.617613762617111
54.395748257637024 120.49184330925345 38.54511382430792 61.54708290100098 121.75361531600356 -16.99076010286808
54.395748257637024 120.49184330925345 38.54511382430792 36.352272510528564 123.79457645118237 -26.920974425971508
20.225725769996643 106.19751796126366 47.53001330792904 42.679344058036804 134.96819684654474 -20.025445520877838
20.225725769996643 106.19751796126366 47.53001330792904 54.29817843437195 141.84561451897025 -25.654807217419147
20.225725769996643 106.19751796126366 47.53001330792904 55.0681471824646 131.87646823376417 -14.604319542646408
20.225725769996643 106.19751796126366 47.53001330792904 54.95356202125549 131.86530984565616 -13.61096665263176
20.225725769996643 106.19751796126366 47.53001330792904 38.04278004169464 131.12446643412113 -18.590067222714424
20.225725769996643 106.19751796126366 47.53001330792904 44.297433257102966 131.91808856278658 -11.81949108839035
20.225725769996643 106.19751796126366 47.53001330792904 49.99371838569641 126.85935876891017 -22.292893081903458
20.225725769996643 106.19751796126366 47.53001330792904 48.27475619316101 128.53235448524356 -30.525952599942684
20.225725769996643 106.19751796126366 47.53001330792904 48.017131209373474 137.51292340829968 -28.44139913469553
20.225725769996643 106.19751796126366 47.53001330792904 40.285552740097046 141.47926539555192 -25.261913940310478
71.47519755363464 79.75732720643282 39.050991751253605 60.01718485355377 121.27581300586462 -22.206083208322525
71.47519755363464 79.75732720643282 39.050991751253605 53.29150915145874 115.53253416344523 -22.0397215411067
71.47519755363464 79.75732720643282 39.050991751253605 50.13469755649567 130.4095861390233 -27.270230188965797
71.47519755363464 79.75732720643282 39.050991751253605 55.621442675590515 128.63039987161756 -27.66400519758463
71.47519755363464 79.75732720643282 39.050991751253605 52.56080102920532 132.1054010540247 -16.904366806149483
71.47519755363464 79.75732720643282 39.050991751253605 59.94965434074402 121.83460656180978 -15.160725064575672
71.47519755363464 79.75732720643282 39.050991751253605 40.46972906589508 128.3896755464375 -29.414488442242146
71.47519755363464 79.75732720643282 39.050991751253605 54.35405743122101 130.11082046106458 -27.79357085376978
71.47519755363464 79.75732720643282 39.050991751253605 61.30993378162384 129.60543873906136 -28.003570035099983
71.47519755363464 79.75732720643282 39.050991751253605 47.576624035835266 111.01842631399632 -17.716172486543655
62.52122783660889 98.31599640846252 44.26678001135588 60.05052733421326 123.21171912923455 -15.133619979023933
62.52122783660889 98.31599640846252 44.26678001135588 51.737013936042786 141.26738671585917 -21.929954312741756
62.52122783660889 98.31599640846252 44.26678001135588 51.93875992298126 144.02161185070872 -21.87574414163828
62.52122783660889 98.31599640846252 44.26678001135588 53.320730328559875 142.55234964936972 -22.739531375467777
62.52122783660889 98.31599640846252 44.26678001135588 53.20614516735077 142.5411912612617 -21.74617848545313
62.52122783660889 98.31599640846252 44.26678001135588 52.080769419670105 141.30086188018322 -24.9100129827857
62.52122783660889 98.31599640846252 44.26678001135588 65.47444498538971 134.77048977836967 -24.445078797638416
62.52122783660889 98.31599640846252 44.26678001135588 48.191452860832214 142.99905690178275 -26.346273012459278
62.52122783660889 98.31599640846252 44.26678001135588 51.10332131385803 142.00759701058269 -21.99473714083433
62.52122783660889 98.31599640846252 44.26678001135588 55.57354247570038 132.4910537302494 -12.525725848972797
62.85127115249634 99.71542575210333 42.30717931687832 58.16889500617981 130.5745818540454 -30.368400126695633
62.85127115249634 99.71542575210333 42.30717931687832 61.30993378162384 129.60543873906136 -28.003570035099983
62.85127115249634 99.71542575210333 42.30717931687832 53.04450535774231 141.9600809291005 -26.804830849170685
62.85127115249634 99.71542575210333 42.30717931687832 56.436405420303345 131.77316021174192 -14.44764880090952
62.85127115249634 99.71542575210333 42.30717931687832 48.926018476486206 143.63595917448401 -26.254385098814964
62.85127115249634 99.71542575210333 42.30717931687832 51.93875992298126 144.02161185070872 -21.87574414163828
62.85127115249634 99.71542575210333 42.30717931687832 55.80271279811859 132.51337050646544 -14.512431629002094
62.85127115249634 99.71542575210333 42.30717931687832 55.304081201553345 132.13599368929863 -28.667930744588375
62.85127115249634 99.71542575210333 42.30717931687832 47.51089036464691 141.32894371449947 -9.329708226025105
62.85127115249634 99.71542575210333 42.30717931687832 47.97599470615387 141.61078594624996 -25.38002520799637
60.789583802223206 95.08396896347404 38.997246734797955 46.83407962322235 118.25566424056888 -30.80757611244917
60.789583802223206 95.08396896347404 38.997246734797955 47.25231409072876 116.12718299031258 -29.776545479893684
60.789583802223206 95.08396896347404 38.997246734797955 48.202337861061096 118.15235621854663 -30.65090537071228
60.789583802223206 95.08396896347404 38.997246734797955 49.025094628334045 115.26134789735079 -27.568386130034924
60.789583802223206 95.08396896347404 38.997246734797955 48.82334864139557 112.50712276250124 -27.6225963011384
60.789583802223206 95.08396896347404 38.997246734797955 47.55596339702606 113.98754335194826 -27.75216195732355
60.789583802223206 95.08396896347404 38.997246734797955 48.594178318977356 112.48480598628521 -25.635890521109104
60.789583802223206 95.08396896347404 38.997246734797955 49.429616928100586 114.49882082641125 -25.51689752191305
60.789583802223206 95.08396896347404 38.997246734797955 49.32874393463135 113.12170825898647 -25.54400260746479
60.789583802223206 95.08396896347404 38.997246734797955 49.55791425704956 113.1440250352025 -27.530708387494087
19.968682527542114 153.04115960747004 25.87925175577402 50.9701361656189 132.42360097914934 -27.151237189769745
19.968682527542114 153.04115960747004 25.87925175577402 47.31308090686798 115.33118075504899 -24.744998201727867
19.968682527542114 153.04115960747004 25.87925175577402 46.568660616874695 133.2700018249452 -18.589185491204262
19.968682527542114 153.04115960747004 25.87925175577402 49.46887755393982 121.10254143178463 -9.331055112183094
19.968682527542114 153.04115960747004 25.87925175577402 64.22077190876007 134.88495618849993 -25.595102429389954
19.968682527542114 153.04115960747004 25.87925175577402 53.74102544784546 127.88191371783614 -17.82236421108246
19.968682527542114 153.04115960747004 25.87925175577402 39.57944178581238 131.8394774235785 -25.45164953917265
19.968682527542114 153.04115960747004 25.87925175577402 46.95664358139038 110.39268242940307 -18.801413290202618
19.968682527542114 153.04115960747004 25.87925175577402 37.98201322555542 131.92046866938472 -23.62161450088024
19.968682527542114 153.04115960747004 25.87925175577402 49.75759959220886 128.44020485132933 -31.362634748220444
20.98771572113037 104.1025118753314 45.58098527044058 32.898760080337524 139.20810520648956 -23.119419150054455
20.98771572113037 104.1025118753314 45.58098527044058 56.436405420303345 131.77316021174192 -14.44764880090952
20.98771572113037 104.1025118753314 45.58098527044058 44.95469272136688 111.23620074614882 -19.02286686003208
20.98771572113037 104.1025118753314 45.58098527044058 53.7790709733963 142.59698320180178 -26.71294293552637
20.98771572113037 104.1025118753314 45.58098527044058 56.95551288127899 131.0217915289104 -13.389513082802296
20.98771572113037 104.1025118753314 45.58098527044058 41.574628949165344 130.75875042751431 -13.153290547430515
20.98771572113037 104.1025118753314 45.58098527044058 40.67269015312195 123.0325518026948 -4.283857136964798
20.98771572113037 104.1025118753314 45.58098527044058 49.75759959220886 128.44020485132933 -31.362634748220444
20.98771572113037 104.1025118753314 45.58098527044058 45.87832248210907 109.72230499237776 -15.913242533802986
20.98771572113037 104.1025118753314 45.58098527044058 42.779186725616455 142.61628675460815 -21.941408701241016
71.92471385002136 92.10670676082373 43.26834908127785 46.45407545566559 133.2588434368372 -17.595832601189613
71.92471385002136 92.10670676082373 43.26834908127785 60.57536816596985 128.9685364663601 -28.095457948744297
71.92471385002136 92.10670676082373 43.26834908127785 50.31802833080292 121.75060209259391 -10.232520088553429
71.92471385002136 92.10670676082373 43.26834908127785 52.18164241313934 142.677974447608 -24.882907897233963
71.92471385002136 92.10670676082373 43.26834908127785 60.13177001476288 121.28697139397264 -23.199436098337173
71.92471385002136 92.10670676082373 43.26834908127785 46.358935832977295 138.3899168893695 -31.64291137456894
71.92471385002136 92.10670676082373 43.26834908127785 48.594178318977356 112.48480598628521 -25.635890521109104
71.92471385002136 92.10670676082373 43.26834908127785 51.60382878780365 131.68339068442583 -27.08645436167717
71.92471385002136 92.10670676082373 43.26834908127785 40.48344123363495 127.02372136712074 -30.434946417808533
71.92471385002136 92.10670676082373 43.26834908127785 60.91339027881622 122.49382561072707 -17.055542930960655
71.36061239242554 79.7461688183248 40.04434464126825 50.209176540374756 128.24762972444296 -23.259140886366367
71.36061239242554 79.7461688183248 40.04434464126825 38.05057406425476 125.09069777280092 -28.723904378712177
71.36061239242554 79.7461688183248 40.04434464126825 49.905527234077454 130.38726936280727 -25.2835244089365
71.36061239242554 79.7461688183248 40.04434464126825 48.14851951599121 117.34519559517503 -24.626005202531815
71.36061239242554 79.7461688183248 40.04434464126825 46.67938828468323 116.0713910497725 -24.809781029820442
71.36061239242554 79.7461688183248 40.04434464126825 45.87034368515015 117.59644519165158 -28.912758246064186
71.36061239242554 79.7461688183248 40.04434464126825 44.71651327610016 125.35900150984526 -31.9787450581789
71.36061239242554 79.7461688183248 40.04434464126825 57.90064883232117 122.10817293450236 -21.43418388813734
71.36061239242554 79.7461688183248 40.04434464126825 48.10635268688202 127.71403547376394 -23.50769954174757
71.36061239242554 79.7461688183248 40.04434464126825 58.68800246715546 129.82321317121387 -29.31026440858841
49.659605383872986 66.70634446293116 44.44148571789265 43.66091346740723 109.17755235359073 -15.16844829916954
49.659605383872986 66.70634446293116 44.44148571789265 45.35921502113342 110.47367367520928 -16.97137825191021
49.659605383872986 66.70634446293116 44.44148571789265 40.038997530937195 123.77276209741831 -4.348639965057373
49.659605383872986 66.70634446293116 44.44148571789265 53.91843807697296 114.5551151894033 -9.898033291101456
49.659605383872986 66.70634446293116 44.44148571789265 59.73522651195526 114.17535826563835 -12.251408994197845
49.659605383872986 66.70634446293116 44.44148571789265 50.432613492012024 121.76176048070192 -11.225872978568077
49.659605383872986 66.70634446293116 44.44148571789265 53.68823742866516 120.8037757538259 -9.854395776987076
49.659605383872986 66.70634446293116 44.44148571789265 47.71083950996399 114.33144500479102 -10.616604171693325
49.659605383872986 66.70634446293116 44.44148571789265 57.227880358695984 114.40429108589888 -14.55145625770092
49.659605383872986 66.70634446293116 44.44148571789265 39.45809292793274 131.59111035615206 -12.38139122724533
21.102300882339478 104.11367026343942 44.58763238042593 48.04764652252197 115.96808302775025 -24.653110288083553
21.102300882339478 104.11367026343942 44.58763238042593 45.13004469871521 110.45135689899325 -14.984672471880913
21.102300882339478 104.11367026343942 44.58763238042593 37.72053074836731 123.69126842916012 -26.76430368423462
21.102300882339478 104.11367026343942 44.58763238042593 61.411837100982666 124.71157396584749 -26.033396683633327
21.102300882339478 104.11367026343942 44.58763238042593 41.438352823257446 139.98768641799688 -24.13899539411068
21.102300882339478 104.11367026343942 44.58763238042593 43.549155473709106 132.64714046940207 -10.890921026468277
21.102300882339478 104.11367026343942 44.58763238042593 47.49820852279663 136.4239205531776 -6.3661819845438
21.102300882339478 104.11367026343942 44.58763238042593 59.168034076690674 120.62775234505534 -21.30461823195219
21.102300882339478 104.11367026343942 44.58763238042593 47.441378235816956 113.97638496384025 -26.758809067308903
21.102300882339478 104.11367026343942 44.58763238042593 39.57061743736267 144.14422342553735 -17.260880649089813
57.27427423000336 117.56447729468346 35.82418646663427 37.94970107078552 123.71358520537615 -28.751009464263916
57.27427423000336 117.56447729468346 35.82418646663427 61.019996643066406 130.3791241981089 -31.048411533236504
57.27427423000336 117.56447729468346 35.82418646663427 33.61002266407013 117.4930064752698 -13.214342221617699
57.27427423000336 117.56447729468346 35.82418646663427 44.20435428619385 124.5072073340416 -21.980433329939842
57.27427423000336 117.56447729468346 35.82418646663427 37.61965775489807 122.31415586173534 -26.791408769786358
57.27427423000336 117.56447729468346 35.82418646663427 48.144582986831665 140.58873341977596 -9.26492539793253
57.27427423000336 117.56447729468346 35.82418646663427 49.614744544029236 135.59156062453985 -7.138081304728985
57.27427423000336 117.56447729468346 35.82418646663427 37.93617367744446 123.23916784673929 -4.597198620438576
57.27427423000336 117.56447729468346 35.82418646663427 48.94977009296417 121.85391011461616 -10.389190830290318
57.27427423000336 117.56447729468346 35.82418646663427 43.841153264045715 119.33150032907724 -3.9599429965019226
24.345242977142334 98.25066237524152 48.922635823488235 57.80466365814209 131.66985218971968 -14.29097805917263
24.345242977142334 98.25066237524152 48.922635823488235 44.831098437309265 125.37015989795327 -32.97209794819355
24.345242977142334 98.25066237524152 48.922635823488235 56.30810809135437 133.12795600295067 -12.433837935328484
24.345242977142334 98.25066237524152 48.922635823488235 39.799787759780884 144.16654020175338 -19.24758642911911
24.345242977142334 98.25066237524152 48.922635823488235 52.18164241313934 142.677974447608 -24.882907897233963
24.345242977142334 98.25066237524152 48.922635823488235 47.598896741867065 139.64140465855598 -29.472429767251015
24.345242977142334 98.25066237524152 48.922635823488235 58.810566425323486 121.96023136004806 -17.304101586341858
24.345242977142334 98.25066237524152 48.922635823488235 41.521840929985046 123.68061246350408 -5.185322113335133
24.345242977142334 98.25066237524152 48.922635823488235 48.36088669300079 137.54639857262373 -31.421457804739475
24.345242977142334 98.25066237524152 48.922635823488235 36.688233971595764 129.86182027682662 -19.7671959400177
19.867809534072876 151.66404704004526 25.852146670222282 49.02303397655487 127.80330257862806 -31.454522661864758
19.867809534072876 151.66404704004526 25.852146670222282 51.50295579433441 130.30627811700106 -27.11355944722891
19.867809534072876 151.66404704004526 25.852146670222282 46.76261258125305 142.05799562111497 -8.401138164103031
19.867809534072876 151.66404704004526 25.852146670222282 59.65173840522766 130.48243222013116 -31.205082274973392
19.867809534072876 151.66404704004526 25.852146670222282 39.57061743736267 144.14422342553735 -17.260880649089813
19.867809534072876 151.66404704004526 25.852146670222282 38.83605182170868 143.50732115283608 -17.352768562734127
19.867809534072876 151.66404704004526 25.852146670222282 49.373737931251526 126.23361488431692 -23.37813388556242
19.867809534072876 151.66404704004526 25.852146670222282 51.657647132873535 132.49055130779743 -33.111354529857635
19.867809534072876 151.66404704004526 25.852146670222282 36.383554339408875 138.27243725582957 -23.73464772850275
19.867809534072876 151.66404704004526 25.852146670222282 64.84075236320496 135.51070007309318 -24.50986162573099
21.777896523475647 135.29829861596227 40.989079132676125 47.97316753864288 118.1300394423306 -28.664199590682983
21.777896523475647 135.29829861596227 40.989079132676125 58.0543098449707 130.56342346593738 -29.375047236680984
21.777896523475647 135.29829861596227 40.989079132676125 45.32399666309357 119.23935069516301 -4.796625144779682
21.777896523475647 135.29829861596227 40.989079132676125 47.30322623252869 133.90690409764647 -18.497297577559948
21.777896523475647 135.29829861596227 40.989079132676125 64.84075236320496 135.51070007309318 -24.50986162573099
21.777896523475647 135.29829861596227 40.989079132676125 59.48436522483826 123.3931358680129 -22.24376095086336
21.777896523475647 135.29829861596227 40.989079132676125 47.184783577919006 116.68597654625773 -22.73118733614683
21.777896523475647 135.29829861596227 40.989079132676125 48.939730644226074 142.27000499516726 -27.27484307438135
21.777896523475647 135.29829861596227 40.989079132676125 47.282750368118286 135.0356495976448 -5.399934180080891
21.777896523475647 135.29829861596227 40.989079132676125 56.915406703948975 128.84867672622204 -8.385070890188217
2.1776527166366577 135.3340231925249 41.74864233285189 47.55596339702606 113.98754335194826 -27.75216195732355
2.1776527166366577 135.3340231925249 41.74864233285189 38.68220603466034 136.8924421593547 -32.545258082449436
2.1776527166366577 135.3340231925249 41.74864233285189 38.83116400241852 132.568529330194 -24.523079477250576
2.1776527166366577 135.3340231925249 41.74864233285189 36.98596513271332 123.05436615645885 -26.856191597878933
2.1776527166366577 135.3340231925249 41.74864233285189 47.84177923202515 138.29776725545526 -32.4795935228467
2.1776527166366577 135.3340231925249 41.74864233285189 33.41786754131317 138.45673652365804 -22.06128343194723
2.1776527166366577 135.3340231925249 41.74864233285189 44.15523898601532 136.4792100712657 -31.91857511550188
2.1776527166366577 135.3340231925249 41.74864233285189 47.98687970638275 116.76408526301384 -29.68465756624937
2.1776527166366577 135.3340231925249 41.74864233285189 49.78399360179901 131.97927383333445 -35.346618965268135
2.1776527166366577 135.3340231925249 41.74864233285189 44.38440930843353 136.50152684748173 -33.90528089553118
65.65737879276276 86.4080614708364 39.46129918843508 47.441378235816956 113.97638496384025 -26.758809067308903
65.65737879276276 86.4080614708364 39.46129918843508 48.10146486759186 116.77524365112185 -30.67801045626402
65.65737879276276 86.4080614708364 39.46129918843508 49.6587872505188 114.52113760262728 -27.50360330194235
65.65737879276276 86.4080614708364 39.46129918843508 45.03387475013733 121.85340769216418 -30.974819511175156
65.65737879276276 86.4080614708364 39.46129918843508 48.70876348018646 112.49596437439322 -26.629243411123753
65.65737879276276 86.4080614708364 39.46129918843508 40.06520676612854 129.15220261737704 -31.465977050364017
65.65737879276276 86.4080614708364 39.46129918843508 47.9604856967926 113.22501628100872 -25.70067334920168
65.65737879276276 86.4080614708364 39.46129918843508 46.09951400756836 117.61876196786761 -30.899464026093483
65.65737879276276 86.4080614708364 39.46129918843508 48.91050946712494 115.25018950924277 -26.575033240020275
65.65737879276276 86.4080614708364 39.46129918843508 48.633254170417786 120.92889812961221 -32.5834009796381
29.5074143409729 143.8739113099873 33.92345740646124 50.378610372543335 122.79497139528394 -28.334325678646564
29.5074143409729 143.8739113099873 33.92345740646124 35.61197352409363 116.64948815852404 -12.992888651788235
29.5074143409729 143.8739113099873 33.92345740646124 47.20441389083862 119.98783684894443 -14.638266131281853
29.5074143409729 143.8739113099873 33.92345740646124 54.65300369262695 115.19201746210456 -9.806145377457142
29.5074143409729 143.8739113099873 33.92345740646124 55.1721111536026 114.44064877927303 -8.748009659349918
29.5074143409729 143.8739113099873 33.92345740646124 57.04267370700836 133.76485827565193 -12.34195002168417
29.5074143409729 143.8739113099873 33.92345740646124 36.15541434288025 131.9791431389749 -19.804873682558537
29.5074143409729 143.8739113099873 33.92345740646124 51.50295579433441 130.30627811700106 -27.11355944722891
29.5074143409729 143.8739113099873 33.92345740646124 43.66091346740723 109.17755235359073 -15.16844829916954
29.5074143409729 143.8739113099873 33.92345740646124 50.92514216899872 119.3116943538189 -29.317105911672115
16.88191068172455 110.68341328203678 43.167904779314995 47.42475986480713 132.3148996271193 -8.434203021228313
16.88191068172455 110.68341328203678 43.167904779314995 50.69879901409149 142.77012408152223 -24.046225748956203
16.88191068172455 110.68341328203678 43.167904779314995 59.55086541175842 129.10531965270638 -31.23218736052513
16.88191068172455 110.68341328203678 43.167904779314995 42.06528174877167 139.01026744395494 -11.997307144105434
16.88191068172455 110.68341328203678 43.167904779314995 46.071059346199036 126.62164766713977 -30.801616340875626
16.88191068172455 110.68341328203678 43.167904779314995 61.525391936302185 130.99370969459414 -28.969817839562893
16.88191068172455 110.68341328203678 43.167904779314995 46.66953361034393 134.64711439236999 -18.562080405652523
16.88191068172455 110.68341328203678 43.167904779314995 44.87712275981903 132.21108918264508 -28.863160960376263
16.88191068172455 110.68341328203678 43.167904779314995 50.46962869167328 142.7478073053062 -22.059519968926907
16.88191068172455 110.68341328203678 43.167904779314995 49.55688393115997 119.41500237584114 -29.473776653409004
87.43003761768341 73.80518290773034 35.7910730317235 55.54714846611023 128.95198474824429 -8.541741631925106
87.43003761768341 73.80518290773034 35.7910730317235 45.14375686645508 109.0854027196765 -16.0051304474473
87.43003761768341 73.80518290773034 35.7910730317235 46.19465363025665 112.48768851533532 -16.852385252714157
87.43003761768341 73.80518290773034 35.7910730317235 56.82721555233002 132.37658732011914 -11.37570221722126
87.43003761768341 73.80518290773034 35.7910730317235 45.87832248210907 109.72230499237776 -15.913242533802986
87.43003761768341 73.80518290773034 35.7910730317235 56.915406703948975 128.84867672622204 -8.385070890188217
87.43003761768341 73.80518290773034 35.7910730317235 44.409191250801086 108.44850044697523 -16.097018361091614
87.43003761768341 73.80518290773034 35.7910730317235 56.94180071353912 132.38774570822716 -12.369055107235909
87.43003761768341 73.80518290773034 35.7910730317235 58.31005895137787 132.2844376862049 -12.21238436549902
87.43003761768341 73.80518290773034 35.7910730317235 58.080888628959656 132.26212090998888 -10.225678585469723
32.434025287628174 135.24551989883184 39.197603568434715 44.49635207653046 111.19156719371676 -15.049455299973488
32.434025287628174 135.24551989883184 39.197603568434715 39.68829357624054 125.34244979172945 -12.42502874135971
32.434025287628174 135.24551989883184 39.197603568434715 55.80580377578735 113.70043848454952 -8.683226831257343
32.434025287628174 135.24551989883184 39.197603568434715 35.07915389537811 118.76681102067232 -13.030566394329071
32.434025287628174 135.24551989883184 39.197603568434715 48.03985249996185 122.00185168907046 -14.5192731320858
32.434025287628174 135.24551989883184 39.197603568434715 48.57634484767914 138.93466952815652 -32.387705609202385
32.434025287628174 135.24551989883184 39.197603568434715 55.0681471824646 131.87646823376417 -14.604319542646408
32.434025287628174 135.24551989883184 39.197603568434715 42.79392921924591 134.97935523465276 -21.018798410892487
32.434025287628174 135.24551989883184 39.197603568434715 46.842058420181274 110.38152404129505 -17.80806040018797
32.434025287628174 135.24551989883184 39.197603568434715 51.2737854719162 130.28396134078503 -25.12685366719961
24.14246666431427 101.76741458103061 46.92535738646984 41.42464065551758 141.35364059731364 -23.118537418544292
24.14246666431427 101.76741458103061 46.92535738646984 52.89187467098236 127.23385305702686 -16.920899234712124
24.14246666431427 101.76741458103061 46.92535738646984 47.09368622303009 137.18644762411714 -8.417670592665672
24.14246666431427 101.76741458103061 46.92535738646984 44.18002092838287 108.4261836707592 -14.110312581062317
24.14246666431427 101.76741458103061 46.92535738646984 62.0582115650177 128.87638683244586 -28.932140097022057
24.14246666431427 101.76741458103061 46.92535738646984 47.938979506492615 120.62473912164569 -14.546378217637539
24.14246666431427 101.76741458103061 46.92535738646984 34.43645215034485 133.6521388553083 -28.037933200597763
24.14246666431427 101.76741458103061 46.92535738646984 46.80562496185303 127.25854993984103 -30.709728427231312
24.14246666431427 101.76741458103061 46.92535738646984 59.94965434074402 121.83460656180978 -15.160725064575672
24.14246666431427 101.76741458103061 46.92535738646984 40.08483707904816 132.45406292006373 -23.37305584549904
64.62328517436981 62.8268894739449 45.1173008158803 47.29936873912811 116.69713493436575 -23.72454022616148
64.62328517436981 62.8268894739449 45.1173008158803 53.39238214492798 116.90964673087001 -22.012616455554962
64.62328517436981 62.8268894739449 45.1173008158803 45.588385343551636 110.49599045142531 -18.958084031939507
64.62328517436981 62.8268894739449 45.1173008158803 46.95664358139038 110.39268242940307 -18.801413290202618
64.62328517436981 62.8268894739449 45.1173008158803 34.74911057949066 117.36738167703152 -11.070965699851513
64.62328517436981 62.8268894739449 45.1173008158803 47.938979506492615 120.62473912164569 -14.546378217637539
64.62328517436981 62.8268894739449 45.1173008158803 45.57467317581177 111.86194463074207 -17.93762605637312
64.62328517436981 62.8268894739449 45.1173008158803 46.10749280452728 109.74462176859379 -17.899948313832283
64.62328517436981 62.8268894739449 45.1173008158803 43.84791696071625 119.56870900839567 -16.036848418414593
64.62328517436981 62.8268894739449 45.1173008158803 47.520745038986206 122.75322037190199 -15.577408850193024
58.6730477809906 95.91632889211178 39.76914605498314 49.025094628334045 115.26134789735079 -27.568386130034924
58.6730477809906 95.91632889211178 39.76914605498314 50.29247987270355 113.78092730790377 -27.438820473849773
58.6730477809906 95.91632889211178 39.76914605498314 49.55791425704956 113.1440250352025 -27.530708387494087
58.6730477809906 95.91632889211178 39.76914605498314 47.98687970638275 116.76408526301384 -29.68465756624937
58.6730477809906 95.91632889211178 39.76914605498314 50.177894711494446 113.76976891979575 -26.445467583835125
58.6730477809906 95.91632889211178 39.76914605498314 50.06330955028534 113.75861053168774 -25.452114693820477
58.6730477809906 95.91632889211178 39.76914605498314 49.6587872505188 114.52113760262728 -27.50360330194235
58.6730477809906 95.91632889211178 39.76914605498314 48.10146486759186 116.77524365112185 -30.67801045626402
58.6730477809906 95.91632889211178 39.76914605498314 47.467772245407104 117.51545394584537 -30.742793284356594
58.6730477809906 95.91632889211178 39.76914605498314 49.54420208930969 114.50997921451926 -26.5102504119277
57.98141551017761 120.93328792601824 37.95699033141136 39.16609513759613 144.9067504964769 -19.312369257211685
57.98141551017761 120.93328792601824 37.95699033141136 53.64015245437622 126.50480115041137 -17.849469296634197
57.98141551017761 120.93328792601824 37.95699033141136 47.98687970638275 116.76408526301384 -29.68465756624937
57.98141551017761 120.93328792601824 37.95699033141136 58.749799609184265 122.75623359531164 -22.335648864507675
57.98141551017761 120.93328792601824 37.95699033141136 51.80087172985077 121.65845245867968 -11.069202236831188
57.98141551017761 120.93328792601824 37.95699033141136 36.86152529716492 141.61893111094832 -19.615138083696365
57.98141551017761 120.93328792601824 37.95699033141136 46.719494462013245 118.24450585246086 -29.81422322243452
57.98141551017761 120.93328792601824 37.95699033141136 44.49635207653046 111.19156719371676 -15.049455299973488
57.98141551017761 120.93328792601824 37.95699033141136 51.93019938468933 114.0326793268323 -11.139944836497307
57.98141551017761 120.93328792601824 37.95699033141136 34.66562247276306 133.67445563152432 -30.02463898062706
45.93166482448578 111.27932834252715 45.51884763687849 58.68800246715546 129.82321317121387 -29.31026440858841
45.93166482448578 111.27932834252715 45.51884763687849 48.417980790138245 117.7002556361258 -8.483800306916237
45.93166482448578 111.27932834252715 45.51884763687849 38.10148620605469 142.87041888013482 -17.44465647637844
45.93166482448578 111.27932834252715 45.51884763687849 49.77252686023712 118.96290179342031 -7.306671589612961
45.93166482448578 111.27932834252715 45.51884763687849 61.30993378162384 129.60543873906136 -28.003570035099983
45.93166482448578 111.27932834252715 45.51884763687849 48.448047518730164 140.28946531936526 -30.37389474362135
45.93166482448578 111.27932834252715 45.51884763687849 48.15443766117096 122.01301007717848 -15.512626022100449
45.93166482448578 111.27932834252715 45.51884763687849 47.08982872962952 119.97667846083641 -13.644913241267204
45.93166482448578 111.27932834252715 45.51884763687849 60.285431027412415 129.74222192540765 -31.140299446880817
45.93166482448578 111.27932834252715 45.51884763687849 42.48557686805725 124.33983151242137 -7.080139979720116
71.81012868881226 92.09554837271571 44.261701971292496 45.13474774360657 123.23052025958896 -30.947714425623417
71.81012868881226 92.09554837271571 44.261701971292496 41.97709059715271 142.53817803785205 -14.987938471138477
71.81012868881226 92.09554837271571 44.261701971292496 52.65781652927399 116.27274445816875 -22.104504369199276
71.81012868881226 92.09554837271571 44.261701971292496 63.37162113189697 134.23689552769065 -24.69363745301962
71.81012868881226 92.09554837271571 44.261701971292496 42.7116562128067 143.1750803105533 -14.896050557494164
71.81012868881226 92.09554837271571 44.261701971292496 48.10146486759186 116.77524365112185 -30.67801045626402
71.81012868881226 92.09554837271571 44.261701971292496 49.55971109867096 142.8957488797605 -26.18960227072239
71.81012868881226 92.09554837271571 44.261701971292496 44.28559696674347 122.58245959877968 -30.046249449253082
71.81012868881226 92.09554837271571 44.261701971292496 62.73792850971222 134.97710582241416 -24.758420281112194
71.81012868881226 92.09554837271571 44.261701971292496 38.216071367263794 142.88157726824284 -18.43800936639309
33.33905506134033 124.15878650173545 36.15737495571375 35.635276556015015 139.00148916244507 -22.806077666580677
33.33905506134033 124.15878650173545 36.15737495571375 49.152546405792236 118.33715790882707 -8.391912393271923
33.33905506134033 124.15878650173545 36.15737495571375 35.6156462430954 135.69962885975838 -30.898998871445656
33.33905506134033 124.15878650173545 36.15737495571375 51.388370633125305 130.29511972889304 -26.12020655721426
33.33905506134033 124.15878650173545 36.15737495571375 46.346253991127014 133.4848937280476 -28.679385133087635
33.33905506134033 124.15878650173545 36.15737495571375 53.7891104221344 122.18088832125068 -9.827290691435337
33.33905506134033 124.15878650173545 36.15737495571375 59.84981167316437 114.18651665374637 -13.244761884212494
33.33905506134033 124.15878650173545 36.15737495571375 58.19547379016876 132.2732792980969 -11.219031475484371
33.33905506134033 124.15878650173545 36.15737495571375 40.94770002365112 131.73616940155625 -25.29497879743576
33.33905506134033 124.15878650173545 36.15737495571375 44.20435428619385 124.5072073340416 -21.980433329939842
59.32045257091522 93.81016441807151 38.81347090750933 48.290529012680054 114.62444562464952 -27.660274043679237
59.32045257091522 93.81016441807151 38.81347090750933 48.8096364736557 113.873076941818 -26.602138325572014
59.32045257091522 93.81016441807151 38.81347090750933 48.594178318977356 112.48480598628521 -25.635890521109104
59.32045257091522 93.81016441807151 38.81347090750933 50.177894711494446 113.76976891979575 -26.445467583835125
59.32045257091522 93.81016441807151 38.81347090750933 46.73320662975311 116.8785516731441 -30.834681198000908
59.32045257091522 93.81016441807151 38.81347090750933 49.54420208930969 114.50997921451926 -26.5102504119277
59.32045257091522 93.81016441807151 38.81347090750933 47.97316753864288 118.1300394423306 -28.664199590682983
59.32045257091522 93.81016441807151 38.81347090750933 49.6587872505188 114.52113760262728 -27.50360330194235
59.32045257091522 93.81016441807151 38.81347090750933 48.08775269985199 118.14119783043861 -29.657552480697632
59.32045257091522 93.81016441807151 38.81347090750933 49.32874393463135 113.12170825898647 -25.54400260746479
21.979642510414124 138.05252375081182 41.0432893037796 39.358065485954285 125.78339198604226 -33.598780915141106
21.979642510414124 138.05252375081182 41.0432893037796 59.436280250549316 129.09416126459837 -30.238834470510483
21.979642510414124 138.05252375081182 41.0432893037796 44.66287970542908 122.71146934852004 -2.820492021739483
21.979642510414124 138.05252375081182 41.0432893037796 40.092631101608276 126.42029425874352 -33.50689300149679
21.979642510414124 138.05252375081182 41.0432893037796 48.191452860832214 142.99905690178275 -26.346273012459278
21.979642510414124 138.05252375081182 41.0432893037796 46.4119086265564 143.6276833154261 -16.47752694040537
21.979642510414124 138.05252375081182 41.0432893037796 58.296346783638 133.65039186552167 -11.191926389932632
21.979642510414124 138.05252375081182 41.0432893037796 47.23860192298889 117.49313716962934 -28.756087504327297
21.979642510414124 138.05252375081182 41.0432893037796 37.20142328739166 124.44263711199164 -27.822439402341843
21.979642510414124 138.05252375081182 41.0432893037796 44.318939447402954 124.51836572214961 -22.97378621995449
55.24592936038971 114.8689266294241 39.5867171138525 44.36026072502136 118.58013164624572 -2.901807278394699
55.24592936038971 114.8689266294241 39.5867171138525 46.57072126865387 120.72804714366794 -14.703048959374428
55.24592936038971 114.8689266294241 39.5867171138525 48.782212138175964 116.60498530045152 -24.56122237443924
55.24592936038971 114.8689266294241 39.5867171138525 38.096598386764526 131.93162705749273 -24.61496739089489
55.24592936038971 114.8689266294241 39.5867171138525 58.424644112586975 132.29559607431293 -13.205737255513668
55.24592936038971 114.8689266294241 39.5867171138525 43.853835105895996 124.23652349039912 -6.923469237983227
55.24592936038971 114.8689266294241 39.5867171138525 44.409191250801086 108.44850044697523 -16.097018361091614
55.24592936038971 114.8689266294241 39.5867171138525 44.831098437309265 125.37015989795327 -32.97209794819355
55.24592936038971 114.8689266294241 39.5867171138525 49.238492131233215 129.19157353416085 -32.42077046632767
55.24592936038971 114.8689266294241 39.5867171138525 45.64915215969086 109.69998821616173 -13.92653675377369
61.15296959877014 98.41930443048477 44.11010926961899 63.257035970687866 134.22573713958263 -23.70028456300497
61.15296959877014 98.41930443048477 44.11010926961899 63.37162113189697 134.23689552769065 -24.69363745301962
61.15296959877014 98.41930443048477 44.11010926961899 64.2070597410202 136.2509103678167 -24.574644453823566
61.15296959877014 98.41930443048477 44.11010926961899 64.62529420852661 134.1224291175604 -23.54361382126808
61.15296959877014 98.41930443048477 44.11010926961899 49.32874393463135 113.12170825898647 -25.54400260746479
61.15296959877014 98.41930443048477 44.11010926961899 64.22077190876007 134.88495618849993 -25.595102429389954
61.15296959877014 98.41930443048477 44.11010926961899 53.20614516735077 142.5411912612617 -21.74617848545313
61.15296959877014 98.41930443048477 44.11010926961899 56.436405420303345 131.77316021174192 -14.44764880090952
61.15296959877014 98.41930443048477 44.11010926961899 58.94375157356262 131.5442273914814 -12.147601537406445
61.15296959877014 98.41930443048477 44.11010926961899 58.424644112586975 132.29559607431293 -13.205737255513668
60.44067668914795 126.40538050234318 32.261964075267315 36.134753704071045 134.94826017692685 -29.840863153338432
60.44067668914795 126.40538050234318 32.261964075267315 42.04094839096069 122.92924378067255 -4.127186395227909
60.44067668914795 126.40538050234318 32.261964075267315 51.12585783004761 128.33689682930708 -31.205964006483555
60.44067668914795 126.40538050234318 32.261964075267315 44.36026072502136 118.58013164624572 -2.901807278394699
60.44067668914795 126.40538050234318 32.261964075267315 55.47266948223114 131.11394116282463 -12.552830934524536
60.44067668914795 126.40538050234318 32.261964075267315 43.22117280960083 118.705756444484 -5.045183800160885
60.44067668914795 126.40538050234318 32.261964075267315 56.052358984947205 131.40694178268313 -29.59650080651045
60.44067668914795 126.40538050234318 32.261964075267315 46.842058420181274 110.38152404129505 -17.80806040018797
60.44067668914795 126.40538050234318 32.261964075267315 55.92038893699646 113.71159687265754 -9.676579721271992
60.44067668914795 126.40538050234318 32.261964075267315 49.65775692462921 120.79211494326591 -29.446671567857265
36.22479331493378 77.33457910269499 47.03792545944452 55.70183980464935 131.13625793904066 -14.539536714553833
36.22479331493378 77.33457910269499 47.03792545944452 53.32176065444946 136.28137230873108 -20.79646310955286
36.22479331493378 77.33457910269499 47.03792545944452 48.17594385147095 114.61328723654151 -26.66692115366459
36.22479331493378 77.33457910269499 47.03792545944452 49.26694679260254 120.1886878348887 -32.518618151545525
36.22479331493378 77.33457910269499 47.03792545944452 38.71657884120941 132.55737094208598 -23.529726587235928
36.22479331493378 77.33457910269499 47.03792545944452 49.42079257965088 126.8035668283701 -17.326128631830215
36.22479331493378 77.33457910269499 47.03792545944452 61.43249773979187 121.74245692789555 -15.997407212853432
36.22479331493378 77.33457910269499 47.03792545944452 50.20344316959381 121.7394437044859 -9.23916719853878
36.22479331493378 77.33457910269499 47.03792545944452 62.14640271663666 125.34847623854876 -25.941508769989014
36.22479331493378 77.33457910269499 47.03792545944452 36.789106965065 131.2389328442514 -19.74009085446596
54.58996403217316 86.98615857958794 51.278191566467285 49.6587872505188 114.52113760262728 -27.50360330194235
54.58996403217316 86.98615857958794 51.278191566467285 49.36781978607178 121.56580040231347 -32.491513065993786
54.58996403217316 86.98615857958794 51.278191566467285 50.40603470802307 120.06306303665042 -30.37524162977934
54.58996403217316 86.98615857958794 51.278191566467285 50.29247987270355 113.78092730790377 -27.438820473849773
54.58996403217316 86.98615857958794 51.278191566467285 48.82334864139557 112.50712276250124 -27.6225963011384
54.58996403217316 86.98615857958794 51.278191566467285 49.55791425704956 113.1440250352025 -27.530708387494087
54.58996403217316 86.98615857958794 51.278191566467285 47.797815561294556 118.91488328948617 -32.70239397883415
54.58996403217316 86.98615857958794 51.278191566467285 50.92514216899872 119.3116943538189 -29.317105911672115
54.58996403217316 86.98615857958794 51.278191566467285 50.177894711494446 113.76976891979575 -26.445467583835125
54.58996403217316 86.98615857958794 51.278191566467285 48.83603048324585 117.41214592382312 -30.586122542619705
64.44663906097412 112.17638918757439 36.59100774675608 48.34735929965973 137.07198121398687 -7.267646960914135
64.44663906097412 112.17638918757439 36.59100774675608 49.8584725856781 129.8173174187541 -31.335529662668705
64.44663906097412 112.17638918757439 36.59100774675608 49.42079257965088 126.8035668283701 -17.326128631830215
64.44663906097412 112.17638918757439 36.59100774675608 49.57548391819 128.98784001916647 -23.323923714458942
64.44663906097412 112.17638918757439 36.59100774675608 57.79095149040222 133.03580636903644 -13.270520083606243
64.44663906097412 112.17638918757439 36.59100774675608 55.40128147602081 114.46296555548906 -10.734715439379215
64.44663906097412 112.17638918757439 36.59100774675608 60.79082632064819 130.35680742189288 -29.061705753207207
64.44663906097412 112.17638918757439 36.59100774675608 64.73987936973572 134.1335875056684 -24.53696671128273
64.44663906097412 112.17638918757439 36.59100774675608 48.448047518730164 140.28946531936526 -30.37389474362135
64.44663906097412 112.17638918757439 36.59100774675608 35.50106108188629 135.68847047165036 -29.905645981431007
55.447675347328186 117.62315176427364 39.64092728495598 54.98775005340576 129.37061016634107 -27.728788025677204
55.447675347328186 117.62315176427364 39.64092728495598 36.789106965065 131.2389328442514 -19.74009085446596
55.447675347328186 117.62315176427364 39.64092728495598 62.67922234535217 123.23115337640047 -25.903831027448177
55.447675347328186 117.62315176427364 39.64092728495598 59.436280250549316 129.09416126459837 -30.238834470510483
55.447675347328186 117.62315176427364 39.64092728495598 44.95469272136688 111.23620074614882 -19.02286686003208
55.447675347328186 117.62315176427364 39.64092728495598 46.87804329395294 137.63854820653796 -30.584775656461716
55.447675347328186 117.62315176427364 39.64092728495598 59.315961718559265 122.57481685653329 -15.225507892668247
55.447675347328186 117.62315176427364 39.64092728495598 39.45809292793274 131.59111035615206 -12.38139122724533
55.447675347328186 117.62315176427364 39.64092728495598 45.588385343551636 110.49599045142531 -18.958084031939507
55.447675347328186 117.62315176427364 39.64092728495598 47.51089036464691 141.32894371449947 -9.329708226025105
18.223774909973145 107.04103627800941 47.308559738099575 54.308217883110046 121.42951963841915 -8.769154973328114
18.223774909973145 107.04103627800941 47.308559738099575 56.928088545799255 133.75369988754392 -11.348597131669521
18.223774909973145 107.04103627800941 47.308559738099575 55.72231566905975 130.00751243904233 -27.63690011203289
18.223774909973145 107.04103627800941 47.308559738099575 62.564637184143066 123.21999498829246 -24.91047813743353
18.223774909973145 107.04103627800941 47.308559738099575 48.25916814804077 140.59989180788398 -10.258278287947178
18.223774909973145 107.04103627800941 47.308559738099575 37.29450225830078 131.85351834073663 -17.66149716079235
18.223774909973145 107.04103627800941 47.308559738099575 48.330819964408875 114.95718888938427 -9.531363368034363
18.223774909973145 107.04103627800941 47.308559738099575 58.86438477039337 122.76739198341966 -23.329001754522324
18.223774909973145 107.04103627800941 47.308559738099575 49.095452308654785 138.183300845325 -31.32956989109516
18.223774909973145 107.04103627800941 47.308559738099575 42.914432525634766 139.65832810476422 -12.898772120475769
61.98840820789337 100.43331927061081 44.22910226881504 45.053505063056946 125.15526799485087 -22.881898306310177
61.98840820789337 100.43331927061081 44.22910226881504 43.86633217334747 130.98191818967462 -33.020348347723484
61.98840820789337 100.43331927061081 44.22910226881504 47.4061598777771 122.74206198379397 -14.584055960178375
61.98840820789337 100.43331927061081 44.22910226881504 47.42475986480713 132.3148996271193 -8.434203021228313
61.98840820789337 100.43331927061081 44.22910226881504 46.842058420181274 110.38152404129505 -17.80806040018797
61.98840820789337 100.43331927061081 44.22910226881504 37.40908741950989 131.86467672884464 -18.654850050807
61.98840820789337 100.43331927061081 44.22910226881504 39.24939846992493 130.4400480799377 -23.49204884469509
61.98840820789337 100.43331927061081 44.22910226881504 49.373737931251526 126.23361488431692 -23.37813388556242
61.98840820789337 100.43331927061081 44.22910226881504 50.492165207862854 129.0771071240306 -31.27074683457613
61.98840820789337 100.43331927061081 44.22910226881504 38.46880853176117 122.96221652254462 -27.692873746156693
25.814374208450317 99.52446692064404 49.10641165077686 48.5589599609375 121.25048300623894 -13.461137413978577
25.814374208450317 99.52446692064404 49.10641165077686 50.32376170158386 128.25878811255097 -24.252493776381016
25.814374208450317 99.52446692064404 49.10641165077686 54.88790738582611 121.72252025827765 -25.812824845314026
25.814374208450317 99.52446692064404 49.10641165077686 50.02011239528656 130.3984277509153 -26.27687729895115
25.814374208450317 99.52446692064404 49.10641165077686 51.13853967189789 133.24191999062896 -34.16949024796486
25.814374208450317 99.52446692064404 49.10641165077686 46.23964762687683 125.59959514066577 -14.686516530811787
25.814374208450317 99.52446692064404 49.10641165077686 44.37172746658325 131.59650368615985 -30.941754654049873
25.814374208450317 99.52446692064404 49.10641165077686 38.53240251541138 145.6469607912004 -19.37715208530426
25.814374208450317 99.52446692064404 49.10641165077686 53.68823742866516 120.8037757538259 -9.854395776987076
25.814374208450317 99.52446692064404 49.10641165077686 59.26890707015991 122.00486491248012 -21.27751314640045
19.61842715740204 110.47679723799229 43.48124626278877 50.10830354690552 126.87051715701818 -23.286245971918106
19.61842715740204 110.47679723799229 43.48124626278877 59.54513204097748 122.59713363274932 -17.212213672697544
19.61842715740204 110.47679723799229 43.48124626278877 44.510064244270325 109.8256130144 -16.069913275539875
19.61842715740204 110.47679723799229 43.48124626278877 44.51476728916168 122.60477637499571 -32.03295522928238
19.61842715740204 110.47679723799229 43.48124626278877 47.198495745658875 115.32002236694098 -23.75164531171322
19.61842715740204 110.47679723799229 43.48124626278877 39.21605598926544 128.50414195656776 -30.564512073993683
19.61842715740204 110.47679723799229 43.48124626278877 38.94001579284668 126.07150169834495 -11.496458679437637
19.61842715740204 110.47679723799229 43.48124626278877 37.87522208690643 125.8755416199565 -32.762098766863346
19.61842715740204 110.47679723799229 43.48124626278877 44.28559696674347 122.58245959877968 -30.046249449253082
19.61842715740204 110.47679723799229 43.48124626278877 46.14347767829895 137.0016459338367 -30.67666357010603
56.195953130722046 116.89409985765815 38.712357223033905 48.14851951599121 117.34519559517503 -24.626005202531815
56.195953130722046 116.89409985765815 38.712357223033905 46.77632474899292 140.6920414417982 -9.421596139669418
56.195953130722046 116.89409985765815 38.712357223033905 45.45107889175415 125.99590378254652 -31.886857144534588
56.195953130722046 116.89409985765815 38.712357223033905 43.948789954185486 120.94582157582045 -16.009743332862854
56.195953130722046 116.89409985765815 38.712357223033905 38.037046670913696 124.61628041416407 -4.570093534886837
56.195953130722046 116.89409985765815 38.712357223033905 47.49820852279663 136.4239205531776 -6.3661819845438
56.195953130722046 116.89409985765815 38.712357223033905 38.609787702560425 126.51244389265776 -32.67021085321903
56.195953130722046 116.89409985765815 38.712357223033905 44.831098437309265 125.37015989795327 -32.97209794819355
56.195953130722046 116.89409985765815 38.712357223033905 45.29657232761383 121.97125905379653 -2.755709193646908
56.195953130722046 116.89409985765815 38.712357223033905 46.05161380767822 121.47941582649946 -15.761184677481651
55.47509968280792 114.89124340564013 37.600011333823204 41.31887984275818 129.03773620724678 -30.31595341861248
55.47509968280792 114.89124340564013 37.600011333823204 54.10544157028198 124.94627184420824 -10.766433410346508
55.47509968280792 114.89124340564013 37.600011333823204 49.152546405792236 118.33715790882707 -8.391912393271923
55.47509968280792 114.89124340564013 37.600011333823204 49.77252686023712 118.96290179342031 -7.306671589612961
55.47509968280792 114.89124340564013 37.600011333823204 44.28089392185211 109.80329623818398 -14.083207495510578
55.47509968280792 114.89124340564013 37.600011333823204 49.58919608592987 127.62188583984971 -24.34438169002533
55.47509968280792 114.89124340564013 37.600011333823204 50.65380501747131 129.65821745619178 -26.212094470858574
55.47509968280792 114.89124340564013 37.600011333823204 49.56975054740906 122.4796539992094 -9.303950026631355
55.47509968280792 114.89124340564013 37.600011333823204 51.09166979789734 130.83159650862217 -17.08814263343811
55.47509968280792 114.89124340564013 37.600011333823204 41.50812876224518 125.04656664282084 -4.164864137768745
20.23943793773651 104.8315637819469 46.50955533236265 44.25611197948456 137.85632263869047 -31.891470029950142
20.23943793773651 104.8315637819469 46.50955533236265 63.29920279979706 123.85689726099372 -24.818590223789215
20.23943793773651 104.8315637819469 46.50955533236265 50.07599139213562 118.66363369300961 -28.41564093530178
20.23943793773651 104.8315637819469 46.50955533236265 58.749799609184265 122.75623359531164 -22.335648864507675
20.23943793773651 104.8315637819469 46.50955533236265 56.052358984947205 131.40694178268313 -29.59650080651045
20.23943793773651 104.8315637819469 46.50955533236265 35.386475920677185 135.67731208354235 -28.91229309141636
20.23943793773651 104.8315637819469 46.50955533236265 36.58144283294678 123.8168932273984 -28.907680206000805
20.23943793773651 104.8315637819469 46.50955533236265 48.76456344127655 141.2144773043692 -8.179684594273567
20.23943793773651 104.8315637819469 46.50955533236265 48.30603802204132 143.01021528989077 -27.339625902473927
20.23943793773651 104.8315637819469 46.50955533236265 46.22207796573639 109.7557801567018 -18.89330120384693
6.829989552497864 125.26984474435449 43.17894259095192 36.98596513271332 123.05436615645885 -26.856191597878933
6.829989552497864 125.26984474435449 43.17894259095192 38.46880853176117 122.96221652254462 -27.692873746156693
6.829989552497864 125.26984474435449 43.17894259095192 45.689258337020874 111.87310301885009 -18.930978946387768
6.829989552497864 125.26984474435449 43.17894259095192 43.76648950576782 123.3338282816112 -31.104385167360306
6.829989552497864 125.26984474435449 43.17894259095192 39.86346077919006 126.3979774825275 -31.520187221467495
6.829989552497864 125.26984474435449 43.17894259095192 47.56864523887634 118.89256651327014 -30.715688198804855
6.829989552497864 125.26984474435449 43.17894259095192 48.79592430591583 115.23903112113476 -25.581680350005627
6.829989552497864 125.26984474435449 43.17894259095192 49.443329095840454 113.13286664709449 -26.53735549747944
6.829989552497864 125.26984474435449 43.17894259095192 48.83603048324585 117.41214592382312 -30.586122542619705
6.829989552497864 125.26984474435449 43.17894259095192 45.87034368515015 117.59644519165158 -28.912758246064186
58.52691698074341 123.72098822519183 35.031141832470894 39.799787759780884 144.16654020175338 -19.24758642911911
58.52691698074341 123.72098822519183 35.031141832470894 52.36214601993561 110.53824389725924 -11.12937217950821
58.52691698074341 123.72098822519183 35.031141832470894 47.78428816795349 118.44046593084931 -8.548583135008812
58.52691698074341 123.72098822519183 35.031141832470894 48.16711950302124 126.91803323850036 -18.476152263581753
58.52691698074341 123.72098822519183 35.031141832470894 57.90064883232117 122.10817293450236 -21.43418388813734
58.52691698074341 123.72098822519183 35.031141832470894 52.06705725193024 142.66681605949998 -23.889555007219315
58.52691698074341 123.72098822519183 35.031141832470894 45.8545708656311 131.50435405224562 -31.778436802327633
58.52691698074341 123.72098822519183 35.031141832470894 61.93094456195831 123.96020528301597 -24.975260965526104
58.52691698074341 123.72098822519183 35.031141832470894 48.15443766117096 122.01301007717848 -15.512626022100449
58.52691698074341 123.72098822519183 35.031141832470894 45.76373732089996 109.71114660426974 -14.919889643788338
30.14213728904724 136.86272367462516 35.93130850046873 44.97799575328827 133.58820175006986 -28.836055874824524
30.14213728904724 136.86272367462516 35.93130850046873 49.600847601890564 138.79788634181023 -29.25097619742155
30.14213728904724 136.86272367462516 35.93130850046873 45.16809022426605 125.16642638295889 -23.875251196324825
30.14213728904724 136.86272367462516 35.93130850046873 44.1474449634552 142.5129787325859 -21.784737959504128
30.14213728904724 136.86272367462516 35.93130850046873 54.25318443775177 128.7337078936398 -27.820675939321518
30.14213728904724 136.86272367462516 35.93130850046873 49.93783938884735 138.59415282681584 -20.154129445552826
30.14213728904724 136.86272367462516 35.93130850046873 49.36781978607178 121.56580040231347 -32.491513065993786
30.14213728904724 136.86272367462516 35.93130850046873 39.950621604919434 129.14104422926903 -30.47262416034937
30.14213728904724 136.86272367462516 35.93130850046873 52.77240169048309 116.28390284627676 -23.097857259213924
30.14213728904724 136.86272367462516 35.93130850046873 55.8645099401474 125.44639093056321 -7.53781608492136
35.60351872444153 125.27349108457565 41.46458597481251 38.71657884120941 132.55737094208598 -23.529726587235928
35.60351872444153 125.27349108457565 41.46458597481251 44.88980460166931 137.11611234396696 -31.826687201857567
35.60351872444153 125.27349108457565 41.46458597481251 38.71066069602966 127.88955646008253 -32.64310576766729
35.60351872444153 125.27349108457565 41.46458597481251 37.21513545513153 123.07668293267488 -28.84289737790823
35.60351872444153 125.27349108457565 41.46458597481251 63.99160158634186 134.8626394122839 -23.608396649360657
35.60351872444153 125.27349108457565 41.46458597481251 48.10146486759186 116.77524365112185 -30.67801045626402
35.60351872444153 125.27349108457565 41.46458597481251 43.62569510936737 117.94322937354445 -2.993695192039013
35.60351872444153 125.27349108457565 41.46458597481251 39.78916656970978 126.71956235915422 -12.397923655807972
35.60351872444153 125.27349108457565 41.46458597481251 42.05833327770233 140.61343030259013 -23.053754590451717
35.60351872444153 125.27349108457565 41.46458597481251 45.619667172431946 124.97385125607252 -15.771757334470749
19.49116015434265 105.5606156885624 47.438125394284725 49.13761913776398 127.81446096673608 -32.447875551879406
19.49116015434265 105.5606156885624 47.438125394284725 48.26799249649048 128.29514580592513 -18.449047178030014
19.49116015434265 105.5606156885624 47.438125394284725 52.19535458087921 141.31202026829123 -25.90336587280035
19.49116015434265 105.5606156885624 47.438125394284725 48.21887719631195 140.26714854314923 -28.387188963592052
19.49116015434265 105.5606156885624 47.438125394284725 60.11805784702301 122.6529255732894 -22.178978122770786
19.49116015434265 105.5606156885624 47.438125394284725 47.09350144863129 139.02681916207075 -31.551023460924625
19.49116015434265 105.5606156885624 47.438125394284725 53.11042380332947 109.80919199064374 -12.057942241430283
19.49116015434265 105.5606156885624 47.438125394284725 37.32765996456146 135.62979600206017 -33.72238679975271
19.49116015434265 105.5606156885624 47.438125394284725 42.48557686805725 124.33983151242137 -7.080139979720116
19.49116015434265 105.5606156885624 47.438125394284725 45.57467317581177 111.86194463074207 -17.93762605637312
30.559341430664062 141.0052197650075 35.0192708671093 40.83311486244202 131.72501101344824 -24.301625907421112
30.559341430664062 141.0052197650075 35.0192708671093 49.429616928100586 114.49882082641125 -25.51689752191305
30.559341430664062 141.0052197650075 35.0192708671093 47.62547552585602 141.3401021026075 -10.323061116039753
30.559341430664062 141.0052197650075 35.0192708671093 48.681339144706726 115.22787273302674 -24.58832745999098
30.559341430664062 141.0052197650075 35.0192708671093 46.4735209941864 138.4010752774775 -32.63626426458359
30.559341430664062 141.0052197650075 35.0192708671093 44.38440930843353 136.50152684748173 -33.90528089553118
30.559341430664062 141.0052197650075 35.0192708671093 45.12000524997711 130.86745177954435 -31.870324715971947
30.559341430664062 141.0052197650075 35.0192708671093 46.03113794326782 122.6081613264978 -2.663821280002594
30.559341430664062 141.0052197650075 35.0192708671093 58.64892661571503 121.37912102788687 -22.362753950059414
30.559341430664062 141.0052197650075 35.0192708671093 38.945749163627625 132.579687718302 -25.516432367265224
30.30789840221405 112.3599246442318 48.762233927845955 58.080888628959656 132.26212090998888 -10.225678585469723
30.30789840221405 112.3599246442318 48.762233927845955 41.8625054359436 142.52701964974403 -13.994585581123829
30.30789840221405 112.3599246442318 48.762233927845955 41.54617428779602 139.76163612678647 -13.055442862212658
30.30789840221405 112.3599246442318 48.762233927845955 49.38557422161102 135.56924384832382 -5.151375524699688
30.30789840221405 112.3599246442318 48.762233927845955 39.57061743736267 144.14422342553735 -17.260880649089813
30.30789840221405 112.3599246442318 48.762233927845955 46.5264937877655 143.63884170353413 -17.470879830420017
30.30789840221405 112.3599246442318 48.762233927845955 48.77827560901642 139.84852312505245 -9.200142569839954
30.30789840221405 112.3599246442318 48.762233927845955 46.76364290714264 135.78701828047633 -6.458069898188114
30.30789840221405 112.3599246442318 48.762233927845955 42.81355953216553 138.28121553733945 -12.925877206027508
30.30789840221405 112.3599246442318 48.762233927845955 47.04560124874115 142.8874730207026 -16.412744112312794
70.51146161556244 79.09810815751553 40.94580961763859 47.25231409072876 116.12718299031258 -29.776545479893684
70.51146161556244 79.09810815751553 40.94580961763859 47.441378235816956 113.97638496384025 -26.758809067308903
70.51146161556244 79.09810815751553 40.94580961763859 46.83407962322235 118.25566424056888 -30.80757611244917
70.51146161556244 79.09810815751553 40.94580961763859 59.436280250549316 129.09416126459837 -30.238834470510483
70.51146161556244 79.09810815751553 40.94580961763859 45.03387475013733 121.85340769216418 -30.974819511175156
70.51146161556244 79.09810815751553 40.94580961763859 47.467772245407104 117.51545394584537 -30.742793284356594
70.51146161556244 79.09810815751553 40.94580961763859 48.07507085800171 113.23617466911674 -26.694026239216328
70.51146161556244 79.09810815751553 40.94580961763859 46.171932339668274 127.99876023456454 -30.774511255323887
70.51146161556244 79.09810815751553 40.94580961763859 48.82334864139557 112.50712276250124 -27.6225963011384
70.51146161556244 79.09810815751553 40.94580961763859 58.80258762836456 129.83437155932188 -30.303617298603058
34.134387493133545 123.99968653917313 41.28081014752388 53.211296796798706 111.18630455806851 -12.030837155878544
34.134387493133545 123.99968653917313 41.28081014752388 50.14944005012512 122.77265461906791 -26.347619898617268
34.134387493133545 123.99968653917313 41.28081014752388 48.852569818496704 139.52693824842572 -28.322406135499477
34.134387493133545 123.99968653917313 41.28081014752388 39.088788986206055 123.58796040713787 -26.60763294249773
34.134387493133545 123.99968653917313 41.28081014752388 48.07507085800171 113.23617466911674 -26.694026239216328
34.134387493133545 123.99968653917313 41.28081014752388 41.46004378795624 130.7475920394063 -12.159937657415867
34.134387493133545 123.99968653917313 41.28081014752388 43.948789954185486 120.94582157582045 -16.009743332862854
34.134387493133545 123.99968653917313 41.28081014752388 56.106362104415894 130.37373086810112 -12.488048106431961
34.134387493133545 123.99968653917313 41.28081014752388 47.55596339702606 113.98754335194826 -27.75216195732355
34.134387493133545 123.99968653917313 41.28081014752388 47.48431158065796 139.63024627044797 -28.479076877236366
72.57211863994598 90.00054228678346 42.312673933804035 47.45688724517822 142.3621546290815 -26.438160926103592
72.57211863994598 90.00054228678346 42.312673933804035 37.29450225830078 131.85351834073663 -17.66149716079235
72.57211863994598 90.00054228678346 42.312673933804035 61.917232394218445 125.32615946233273 -23.954802989959717
72.57211863994598 90.00054228678346 42.312673933804035 55.70183980464935 131.13625793904066 -14.539536714553833
72.57211863994598 90.00054228678346 42.312673933804035 60.79082632064819 130.35680742189288 -29.061705753207207
72.57211863994598 90.00054228678346 42.312673933804035 52.410812735557556 142.70029122382402 -26.86961367726326
72.57211863994598 90.00054228678346 42.312673933804035 48.191452860832214 142.99905690178275 -26.346273012459278
72.57211863994598 90.00054228678346 42.312673933804035 36.789106965065 131.2389328442514 -19.74009085446596
72.57211863994598 90.00054228678346 42.312673933804035 37.523672580718994 131.87583511695266 -19.648202940821648
72.57211863994598 90.00054228678346 42.312673933804035 38.583393692970276 122.97337491065264 -28.68622663617134
29.863269925117493 110.94933691248298 51.71518751233816 49.38557422161102 135.56924384832382 -5.151375524699688
29.863269925117493 110.94933691248298 51.71518751233816 58.19547379016876 132.2732792980969 -11.219031475484371
29.863269925117493 110.94933691248298 51.71518751233816 47.91644299030304 134.2954393029213 -5.335151351988316
29.863269925117493 110.94933691248298 51.71518751233816 47.62547552585602 141.3401021026075 -10.323061116039753
29.863269925117493 110.94933691248298 51.71518751233816 58.080888628959656 132.26212090998888 -10.225678585469723
29.863269925117493 110.94933691248298 51.71518751233816 46.66173958778381 140.6808830536902 -8.42824324965477
29.863269925117493 110.94933691248298 51.71518751233816 41.12793982028961 141.89011737704277 -14.086473494768143
29.863269925117493 110.94933691248298 51.71518751233816 56.928088545799255 133.75369988754392 -11.348597131669521
29.863269925117493 110.94933691248298 51.71518751233816 42.597071051597595 143.1639219224453 -13.902697667479515
29.863269925117493 110.94933691248298 51.71518751233816 47.282750368118286 135.0356495976448 -5.399934180080891
63.63212490081787 64.89957878366113 49.053034633398056 34.34458827972412 118.12990874797106 -13.122454307973385
63.63212490081787 64.89957878366113 49.053034633398056 44.29460608959198 108.43734205886722 -15.103665471076965
63.63212490081787 64.89957878366113 49.053034633398056 46.94293141365051 111.75863660871983 -17.78095531463623
63.63212490081787 64.89957878366113 49.053034633398056 47.198495745658875 115.32002236694098 -23.75164531171322
63.63212490081787 64.89957878366113 49.053034633398056 47.46203887462616 111.0072679258883 -16.722819596529007
63.63212490081787 64.89957878366113 49.053034633398056 43.14180600643158 109.92892103642225 -16.226584017276764
63.63212490081787 64.89957878366113 49.053034633398056 34.129130125045776 116.74163779243827 -12.156206503510475
63.63212490081787 64.89957878366113 49.053034633398056 44.18002092838287 108.4261836707592 -14.110312581062317
63.63212490081787 64.89957878366113 49.053034633398056 45.87832248210907 109.72230499237776 -15.913242533802986
63.63212490081787 64.89957878366113 49.053034633398056 34.978280901908875 117.38969845324755 -13.05767147988081
55.43602383136749 106.44715126231313 44.5475217923522 37.23965358734131 137.31733505800366 -13.579665258526802
55.43602383136749 106.44715126231313 44.5475217923522 39.78916656970978 126.71956235915422 -12.397923655807972
55.43602383136749 106.44715126231313 44.5475217923522 41.34339797496796 143.27838833257556 -15.052721299231052
55.43602383136749 106.44715126231313 44.5475217923522 47.91541266441345 140.56641664355993 -7.278219617903233
55.43602383136749 106.44715126231313 44.5475217923522 39.799787759780884 144.16654020175338 -19.24758642911911
55.43602383136749 106.44715126231313 44.5475217923522 41.525513648986816 142.73075316473842 -23.091432332992554
55.43602383136749 106.44715126231313 44.5475217923522 46.76261258125305 142.05799562111497 -8.401138164103031
55.43602383136749 106.44715126231313 44.5475217923522 41.24252498149872 141.90127576515079 -15.079826384782791
55.43602383136749 106.44715126231313 44.5475217923522 48.87914860248566 141.22563569247723 -9.173037484288216
55.43602383136749 106.44715126231313 44.5475217923522 44.91741371154785 132.54383244737983 -10.734250284731388
55.7502943277359 121.75448946654797 39.722242541611195 38.785324454307556 123.88722850754857 -5.49866359680891
55.7502943277359 121.75448946654797 39.722242541611195 55.96538293361664 126.82350349798799 -7.510710999369621
55.7502943277359 121.75448946654797 39.722242541611195 48.23258936405182 138.90119436383247 -29.40764693915844
55.7502943277359 121.75448946654797 39.722242541611195 48.10635268688202 127.71403547376394 -23.50769954174757
55.7502943277359 121.75448946654797 39.722242541611195 45.76373732089996 109.71114660426974 -14.919889643788338
55.7502943277359 121.75448946654797 39.722242541611195 52.476731181144714 110.54940228536725 -12.122725069522858
55.7502943277359 121.75448946654797 39.722242541611195 42.80069291591644 135.21656391397119 -33.09570383280516
55.7502943277359 121.75448946654797 39.722242541611195 60.23264300823212 122.66408396139741 -23.172331012785435
55.7502943277359 121.75448946654797 39.722242541611195 43.63613152503967 137.23057875409722 -32.976710833609104
55.7502943277359 121.75448946654797 39.722242541611195 48.144582986831665 140.58873341977596 -9.26492539793253
38.515387177467346 124.28203119337559 45.816121846437454 53.04450535774231 141.9600809291005 -26.804830849170685
38.515387177467346 124.28203119337559 45.816121846437454 46.83407962322235 118.25566424056888 -30.80757611244917
38.515387177467346 124.28203119337559 45.816121846437454 36.49137580394745 138.04638696461916 -12.651095196604729
38.515387177467346 124.28203119337559 45.816121846437454 51.28955829143524 116.37605248019099 -22.261175110936165
38.515387177467346 124.28203119337559 45.816121846437454 58.41093194484711 133.66155025362968 -12.18527927994728
38.515387177467346 124.28203119337559 45.816121846437454 49.42079257965088 126.8035668283701 -17.326128631830215
38.515387177467346 124.28203119337559 45.816121846437454 43.86633217334747 130.98191818967462 -33.020348347723484
38.515387177467346 124.28203119337559 45.816121846437454 48.908448815345764 127.79214419052005 -30.46116977185011
38.515387177467346 124.28203119337559 45.816121846437454 46.56969094276428 126.99902448430657 -16.646117225289345
38.515387177467346 124.28203119337559 45.816121846437454 42.597071051597595 143.1639219224453 -13.902697667479515
8.111086964607239 122.4234699755907 42.28805027157068 38.609787702560425 126.51244389265776 -32.67021085321903
8.111086964607239 122.4234699755907 42.28805027157068 44.318939447402954 124.51836572214961 -22.97378621995449
8.111086964607239 122.4234699755907 42.28805027157068 37.28079009056091 133.2194725200534 -16.641039185225964
8.111086964607239 122.4234699755907 42.28805027157068 36.201438665390015 138.82007242366672 -15.695936694741249
8.111086964607239 122.4234699755907 42.28805027157068 37.31600844860077 124.45379550009966 -28.81579229235649
8.111086964607239 122.4234699755907 42.28805027157068 47.46203887462616 111.0072679258883 -16.722819596529007
8.111086964607239 122.4234699755907 42.28805027157068 55.300408482551575 113.08585298806429 -10.761820524930954
8.111086964607239 122.4234699755907 42.28805027157068 43.105557322502136 124.96557539701462 -5.994899176061153
8.111086964607239 122.4234699755907 42.28805027157068 47.81171250343323 115.7085575722158 -10.589499086141586
8.111086964607239 122.4234699755907 42.28805027157068 43.63716185092926 130.95960141345859 -31.033642567694187
35.63712501525879 84.91571868211031 51.082079619169235 44.37172746658325 131.59650368615985 -30.941754654049873
35.63712501525879 84.91571868211031 51.082079619169235 37.31600844860077 124.45379550009966 -28.81579229235649
35.63712501525879 84.91571868211031 51.082079619169235 50.378610372543335 122.79497139528394 -28.334325678646564
35.63712501525879 84.91571868211031 51.082079619169235 44.840107560157776 111.22504235804081 -18.029513970017433
35.63712501525879 84.91571868211031 51.082079619169235 43.14180600643158 109.92892103642225 -16.226584017276764
35.63712501525879 84.91571868211031 51.082079619169235 37.12694430351257 126.60459352657199 -31.833528704941273
35.63712501525879 84.91571868211031 51.082079619169235 45.588385343551636 110.49599045142531 -18.958084031939507
35.63712501525879 84.91571868211031 51.082079619169235 37.82140374183655 125.06838099658489 -26.73719859868288
35.63712501525879 84.91571868211031 51.082079619169235 40.48344123363495 127.02372136712074 -30.434946417808533
35.63712501525879 84.91571868211031 51.082079619169235 37.861509919166565 127.24149579927325 -31.74164079129696
26.822073817253113 119.56656993553042 47.43439424037933 61.525391936302185 130.99370969459414 -28.969817839562893
26.822073817253113 119.56656993553042 47.43439424037933 56.436405420303345 131.77316021174192 -14.44764880090952
26.822073817253113 119.56656993553042 47.43439424037933 55.57354247570038 132.4910537302494 -12.525725848972797
26.822073817253113 119.56656993553042 47.43439424037933 56.82721555233002 132.37658732011914 -11.37570221722126
26.822073817253113 119.56656993553042 47.43439424037933 47.08879840373993 126.24765580147505 -15.587981507182121
26.822073817253113 119.56656993553042 47.43439424037933 42.48557686805725 124.33983151242137 -7.080139979720116
26.822073817253113 119.56656993553042 47.43439424037933 62.04449939727783 130.24234101176262 -27.91168212145567
26.822073817253113 119.56656993553042 47.43439424037933 49.42079257965088 126.8035668283701 -17.326128631830215
26.822073817253113 119.56656993553042 47.43439424037933 56.57146644592285 130.6555730998516 -28.538365088403225
26.822073817253113 119.56656993553042 47.43439424037933 58.829166412353516 131.53306900337338 -11.154248647391796
61.77295005321503 99.04504831507802 45.19535007327795 46.77632474899292 140.6920414417982 -9.421596139669418
61.77295005321503 99.04504831507802 45.19535007327795 59.65173840522766 130.48243222013116 -31.205082274973392
61.77295005321503 99.04504831507802 45.19535007327795 47.2082713842392 137.19760601222515 -9.41102348268032
61.77295005321503 99.04504831507802 45.19535007327795 48.1308708190918 141.95468759909272 -8.244467422366142
61.77295005321503 99.04504831507802 45.19535007327795 58.080888628959656 132.26212090998888 -10.225678585469723
61.77295005321503 99.04504831507802 45.19535007327795 60.285431027412415 129.74222192540765 -31.140299446880817
61.77295005321503 99.04504831507802 45.19535007327795 48.02999782562256 140.57757503166795 -8.271572507917881
61.77295005321503 99.04504831507802 45.19535007327795 48.2454559803009 141.96584598720074 -9.23782031238079
61.77295005321503 99.04504831507802 45.19535007327795 36.49137580394745 138.04638696461916 -12.651095196604729
61.77295005321503 99.04504831507802 45.19535007327795 48.189656019210815 113.24733305722475 -27.687379129230976
64.44663906097412 112.17638918757439 36.59100774675608 47.31899905204773 119.99899523705244 -15.631619021296501
64.44663906097412 112.17638918757439 36.59100774675608 50.85555100440979 132.41244259104133 -26.157884299755096
64.44663906097412 112.17638918757439 36.59100774675608 52.1229362487793 130.9320220015943 -26.028318643569946
64.44663906097412 112.17638918757439 36.59100774675608 46.09951400756836 117.61876196786761 -30.899464026093483
64.44663906097412 112.17638918757439 36.59100774675608 44.43352460861206 124.52952411025763 -23.96713910996914
64.44663906097412 112.17638918757439 36.59100774675608 49.009321808815 129.16925675794482 -30.43406468629837
64.44663906097412 112.17638918757439 36.59100774675608 37.861509919166565 127.24149579927325 -31.74164079129696
64.44663906097412 112.17638918757439 36.59100774675608 39.088788986206055 123.58796040713787 -26.60763294249773
64.44663906097412 112.17638918757439 36.59100774675608 48.71056032180786 142.24768821895123 -25.288137294352055
64.44663906097412 112.17638918757439 36.59100774675608 38.609787702560425 126.51244389265776 -32.67021085321903
1.8613215684890747 132.56863966956735 42.68778505176306 38.69591820240021 135.52648798003793 -33.56571605801582
1.8613215684890747 132.56863966956735 42.68778505176306 39.12889516353607 125.76107520982623 -31.61207513511181
1.8613215684890747 132.56863966956735 42.68778505176306 38.83116400241852 132.568529330194 -24.523079477250576
1.8613215684890747 132.56863966956735 42.68778505176306 44.38176691532135 111.18040880560875 -14.05610240995884
1.8613215684890747 132.56863966956735 42.68778505176306 37.56866657733917 144.9877417422831 -17.482334218919277
1.8613215684890747 132.56863966956735 42.68778505176306 45.8545708656311 131.50435405224562 -31.778436802327633
1.8613215684890747 132.56863966956735 42.68778505176306 37.732182264328 134.86726893112063 -31.67089819163084
1.8613215684890747 132.56863966956735 42.68778505176306 40.58431422710419 128.40083393454552 -30.407841332256794
1.8613215684890747 132.56863966956735 42.68778505176306 44.90351676940918 135.7501581646502 -32.847145177423954
1.8613215684890747 132.56863966956735 42.68778505176306 41.103421688079834 127.64946525171399 -29.34970561414957
59.25292205810547 94.36895797401667 45.85882905125618 50.06330955028534 113.75861053168774 -25.452114693820477
59.25292205810547 94.36895797401667 45.85882905125618 49.025094628334045 115.26134789735079 -27.568386130034924
59.25292205810547 94.36895797401667 45.85882905125618 47.98687970638275 116.76408526301384 -29.68465756624937
59.25292205810547 94.36895797401667 45.85882905125618 48.82334864139557 112.50712276250124 -27.6225963011384
59.25292205810547 94.36895797401667 45.85882905125618 48.189656019210815 113.24733305722475 -27.687379129230976
59.25292205810547 94.36895797401667 45.85882905125618 48.92422163486481 113.88423532992601 -27.595491215586662
59.25292205810547 94.36895797401667 45.85882905125618 48.10146486759186 116.77524365112185 -30.67801045626402
59.25292205810547 94.36895797401667 45.85882905125618 47.467772245407104 117.51545394584537 -30.742793284356594
59.25292205810547 94.36895797401667 45.85882905125618 48.70876348018646 112.49596437439322 -26.629243411123753
59.25292205810547 94.36895797401667 45.85882905125618 49.55791425704956 113.1440250352025 -27.530708387494087
54.92856788635254 118.37452044710517 38.582791566848755 48.10146486759186 116.77524365112185 -30.67801045626402
54.92856788635254 118.37452044710517 38.582791566848755 47.62547552585602 141.3401021026075 -10.323061116039753
54.92856788635254 118.37452044710517 38.582791566848755 36.100565671920776 137.44295985624194 -15.723041780292988
54.92856788635254 118.37452044710517 38.582791566848755 60.05052733421326 123.21171912923455 -15.133619979023933
54.92856788635254 118.37452044710517 38.582791566848755 48.202337861061096 118.15235621854663 -30.65090537071228
54.92856788635254 118.37452044710517 38.582791566848755 55.40701484680176 120.97115157544613 -24.754689127206802
54.92856788635254 118.37452044710517 38.582791566848755 60.56165599822998 130.33449064567685 -27.07499997317791
54.92856788635254 118.37452044710517 38.582791566848755 53.20614516735077 142.5411912612617 -21.74617848545313
54.92856788635254 118.37452044710517 38.582791566848755 47.46203887462616 111.0072679258883 -16.722819596529007
54.92856788635254 118.37452044710517 38.582791566848755 36.688233971595764 129.86182027682662 -19.7671959400177
56.195953130722046 116.89409985765815 38.712357223033905 47.190701723098755 121.35379102826118 -13.617808155715466
56.195953130722046 116.89409985765815 38.712357223033905 42.15920627117157 141.9905428700149 -23.02664950489998
56.195953130722046 116.89409985765815 38.712357223033905 46.94293141365051 111.75863660871983 -17.78095531463623
56.195953130722046 116.89409985765815 38.712357223033905 45.87034368515015 117.59644519165158 -28.912758246064186
56.195953130722046 116.89409985765815 38.712357223033905 50.14944005012512 122.77265461906791 -26.347619898617268
56.195953130722046 116.89409985765815 38.712357223033905 45.57467317581177 111.86194463074207 -17.93762605637312
56.195953130722046 116.89409985765815 38.712357223033905 38.42090833187103 126.82287038117647 -12.55459439754486
56.195953130722046 116.89409985765815 38.712357223033905 49.614744544029236 135.59156062453985 -7.138081304728985
56.195953130722046 116.89409985765815 38.712357223033905 47.20441389083862 119.98783684894443 -14.638266131281853
56.195953130722046 116.89409985765815 38.712357223033905 47.46203887462616 111.0072679258883 -16.722819596529007
14.406876683235168 119.11922956630588 45.997252479195595 46.32295095920563 111.13289272412658 -18.866196118295193
14.406876683235168 119.11922956630588 45.997252479195595 52.0378360748291 115.6470005735755 -23.189745172858238
14.406876683235168 119.11922956630588 45.997252479195595 44.29460608959198 108.43734205886722 -15.103665471076965
14.406876683235168 119.11922956630588 45.997252479195595 46.093780636787415 111.11057594791055 -16.879490338265896
14.406876683235168 119.11922956630588 45.997252479195595 46.20836579799652 111.12173433601856 -17.872843228280544
14.406876683235168 119.11922956630588 45.997252479195595 46.842058420181274 110.38152404129505 -17.80806040018797
14.406876683235168 119.11922956630588 45.997252479195595 34.978280901908875 117.38969845324755 -13.05767147988081
14.406876683235168 119.11922956630588 45.997252479195595 45.57467317581177 111.86194463074207 -17.93762605637312
14.406876683235168 119.11922956630588 45.997252479195595 43.54632830619812 109.16639396548271 -14.175095409154892
14.406876683235168 119.11922956630588 45.997252479195595 43.66091346740723 109.17755235359073 -15.16844829916954
52.14029371738434 105.23202118650079 48.18048678338528 49.905527234077454 130.38726936280727 -25.2835244089365
52.14029371738434 105.23202118650079 48.18048678338528 48.82514548301697 142.25884660705924 -26.281490184366703
52.14029371738434 105.23202118650079 48.18048678338528 47.30528688430786 121.3649494163692 -14.611161045730114
52.14029371738434 105.23202118650079 48.18048678338528 56.436405420303345 131.77316021174192 -14.44764880090952
52.14029371738434 105.23202118650079 48.18048678338528 51.571701407432556 121.63613568246365 -9.082496456801891
52.14029371738434 105.23202118650079 48.18048678338528 48.25916814804077 140.59989180788398 -10.258278287947178
52.14029371738434 105.23202118650079 48.18048678338528 45.739985704422 131.4931956641376 -30.785083912312984
52.14029371738434 105.23202118650079 48.18048678338528 44.50002479553223 130.2417078949511 -32.95556551963091
52.14029371738434 105.23202118650079 48.18048678338528 47.92526733875275 121.99069330096245 -13.525920242071152
52.14029371738434 105.23202118650079 48.18048678338528 50.10257017612457 120.36233113706112 -9.266272284090519
71.36061239242554 79.7461688183248 40.04434464126825 61.32364594936371 128.2394845597446 -29.02402801066637
71.36061239242554 79.7461688183248 40.04434464126825 60.11805784702301 122.6529255732894 -22.178978122770786
71.36061239242554 79.7461688183248 40.04434464126825 44.19740581512451 126.11037019267678 -33.036880776286125
71.36061239242554 79.7461688183248 40.04434464126825 49.443329095840454 113.13286664709449 -26.53735549747944
71.36061239242554 79.7461688183248 40.04434464126825 48.033934354782104 117.33403720706701 -23.632652312517166
71.36061239242554 79.7461688183248 40.04434464126825 44.270854473114014 130.21939111873507 -30.968859739601612
71.36061239242554 79.7461688183248 40.04434464126825 58.63521444797516 122.74507520720363 -21.342295974493027
71.36061239242554 79.7461688183248 40.04434464126825 51.2737854719162 130.28396134078503 -25.12685366719961
71.36061239242554 79.7461688183248 40.04434464126825 62.14640271663666 125.34847623854876 -25.941508769989014
71.36061239242554 79.7461688183248 40.04434464126825 39.47856879234314 130.46236485615373 -25.478754624724388
65.55650579929352 85.03094890341163 39.43419410288334 43.76648950576782 123.3338282816112 -31.104385167360306
65.55650579929352 85.03094890341163 39.43419410288334 37.861509919166565 127.24149579927325 -31.74164079129696
65.55650579929352 85.03094890341163 39.43419410288334 38.72437286376953 126.52360228076577 -33.66356374323368
65.55650579929352 85.03094890341163 39.43419410288334 49.26694679260254 120.1886878348887 -32.518618151545525
65.55650579929352 85.03094890341163 39.43419410288334 48.10146486759186 116.77524365112185 -30.67801045626402
65.55650579929352 85.03094890341163 39.43419410288334 39.849748611450195 127.76393166184425 -30.499729245901108
65.55650579929352 85.03094890341163 39.43419410288334 49.32771360874176 119.39268559962511 -27.487070873379707
65.55650579929352 85.03094890341163 39.43419410288334 40.685187220573425 129.7779465019703 -30.380736246705055
65.55650579929352 85.03094890341163 39.43419410288334 39.21605598926544 128.50414195656776 -30.564512073993683
65.55650579929352 85.03094890341163 39.43419410288334 38.583393692970276 122.97337491065264 -28.68622663617134
18.250168919563293 110.58010526001453 43.324575521051884 46.618621468544006 116.86739328503609 -29.84132830798626
18.250168919563293 110.58010526001453 43.324575521051884 41.65381097793579 141.37595737352967 -25.10524319857359
18.250168919563293 110.58010526001453 43.324575521051884 48.05356466770172 120.6358975097537 -15.539731107652187
18.250168919563293 110.58010526001453 43.324575521051884 35.191678404808044 131.3199240900576 -17.910055816173553
18.250168919563293 110.58010526001453 43.324575521051884 32.898760080337524 139.20810520648956 -23.119419150054455
18.250168919563293 110.58010526001453 43.324575521051884 54.13962960243225 122.45157216489315 -24.884254783391953
18.250168919563293 110.58010526001453 43.324575521051884 53.121044993400574 127.2561698332429 -18.90760501474142
18.250168919563293 110.58010526001453 43.324575521051884 50.235570549964905 131.78669870644808 -27.24312510341406
18.250168919563293 110.58010526001453 43.324575521051884 39.533602237701416 123.15817660093307 -6.427233658730984
18.250168919563293 110.58010526001453 43.324575521051884 39.201313495635986 136.14107347652316 -31.487122364342213
51.62118625640869 105.98338986933231 47.12235106527805 48.85463047027588 126.98498356714845 -24.436269603669643
51.62118625640869 105.98338986933231 47.12235106527805 48.782212138175964 116.60498530045152 -24.56122237443924
51.62118625640869 105.98338986933231 47.12235106527805 56.95551288127899 131.0217915289104 -13.389513082802296
51.62118625640869 105.98338986933231 47.12235106527805 46.56480312347412 116.06023266166449 -23.816428139805794
51.62118625640869 105.98338986933231 47.12235106527805 49.58919608592987 127.62188583984971 -24.34438169002533
51.62118625640869 105.98338986933231 47.12235106527805 50.89771783351898 122.04360271245241 -27.27618996053934
51.62118625640869 105.98338986933231 47.12235106527805 47.383623361587524 136.41276216506958 -5.372829094529152
51.62118625640869 105.98338986933231 47.12235106527805 50.957454323768616 127.51857781782746 -24.18771094828844
51.62118625640869 105.98338986933231 47.12235106527805 45.61168837547302 132.84799145534635 -28.77127304673195
51.62118625640869 105.98338986933231 47.12235106527805 56.94180071353912 132.38774570822716 -12.369055107235909
63.583776116371155 112.89428270608187 38.5129306986928 44.04657196998596 141.13586616516113 -21.811843045055866
63.583776116371155 112.89428270608187 38.5129306986928 58.749799609184265 122.75623359531164 -22.335648864507675
63.583776116371155 112.89428270608187 38.5129306986928 61.42451894283295 129.61659712716937 -28.99692292511463
63.583776116371155 112.89428270608187 38.5129306986928 53.11042380332947 109.80919199064374 -12.057942241430283
63.583776116371155 112.89428270608187 38.5129306986928 41.02011835575104 142.11616766825318 -25.170026026666164
63.583776116371155 112.89428270608187 38.5129306986928 61.31096410751343 123.33446139842272 -26.060501769185066
63.583776116371155 112.89428270608187 38.5129306986928 60.285431027412415 129.74222192540765 -31.140299446880817
63.583776116371155 112.89428270608187 38.5129306986928 59.216119050979614 114.92672694846988 -13.309544712305069
63.583776116371155 112.89428270608187 38.5129306986928 50.89771783351898 122.04360271245241 -27.27618996053934
63.583776116371155 112.89428270608187 38.5129306986928 59.55086541175842 129.10531965270638 -31.23218736052513
6.7291165590286255 123.89273217692971 43.15183750540018 43.02722084522247 109.91776264831424 -15.233231127262115
6.7291165590286255 123.89273217692971 43.15183750540018 47.31899905204773 119.99899523705244 -15.631619021296501
6.7291165590286255 123.89273217692971 43.15183750540018 59.94965434074402 121.83460656180978 -15.160725064575672
6.7291165590286255 123.89273217692971 43.15183750540018 34.129130125045776 116.74163779243827 -12.156206503510475
6.7291165590286255 123.89273217692971 43.15183750540018 44.38176691532135 111.18040880560875 -14.05610240995884
6.7291165590286255 123.89273217692971 43.15183750540018 39.24939846992493 130.4400480799377 -23.49204884469509
6.7291165590286255 123.89273217692971 43.15183750540018 58.080888628959656 132.26212090998888 -10.225678585469723
6.7291165590286255 123.89273217692971 43.15183750540018 58.58139610290527 121.93791458383203 -15.317395806312561
6.7291165590286255 123.89273217692971 43.15183750540018 46.618621468544006 116.86739328503609 -29.84132830798626
6.7291165590286255 123.89273217692971 43.15183750540018 53.990856409072876 124.93511345610023 -9.77308052033186
38.124577045440674 123.67860408499837 42.744175262749195 51.167179107666016 122.39866275340319 -11.133985064923763
38.124577045440674 123.67860408499837 42.744175262749195 47.70080006122589 134.74753988534212 -27.50225641578436
38.124577045440674 123.67860408499837 42.744175262749195 60.05052733421326 123.21171912923455 -15.133619979023933
38.124577045440674 123.67860408499837 42.744175262749195 42.914432525634766 139.65832810476422 -12.898772120475769
38.124577045440674 123.67860408499837 42.744175262749195 64.95533752441406 135.5218584612012 -25.50321451574564
38.124577045440674 123.67860408499837 42.744175262749195 45.21617519855499 119.46540098637342 -15.880177676677704
38.124577045440674 123.67860408499837 42.744175262749195 55.10233521461487 129.38176855444908 -28.722140915691853
38.124577045440674 123.67860408499837 42.744175262749195 55.34540247917175 126.19775961339474 -8.595951803028584
38.124577045440674 123.67860408499837 42.744175262749195 51.19254279136658 132.20870907604694 -17.06103754788637
38.124577045440674 123.67860408499837 42.744175262749195 37.87522208690643 125.8755416199565 -32.762098766863346
68.62409591674805 79.9527848623693 39.731003157794476 36.352272510528564 123.79457645118237 -26.920974425971508
68.62409591674805 79.9527848623693 39.731003157794476 38.844876170158386 131.20257515087724 -25.543537452816963
68.62409591674805 79.9527848623693 39.731003157794476 48.202337861061096 118.15235621854663 -30.65090537071228
68.62409591674805 79.9527848623693 39.731003157794476 47.13772892951965 116.11602460220456 -28.783192589879036
68.62409591674805 79.9527848623693 39.731003157794476 48.06135869026184 114.6021288484335 -25.67356826364994
68.62409591674805 79.9527848623693 39.731003157794476 47.25231409072876 116.12718299031258 -29.776545479893684
68.62409591674805 79.9527848623693 39.731003157794476 38.609787702560425 126.51244389265776 -32.67021085321903
68.62409591674805 79.9527848623693 39.731003157794476 39.86346077919006 126.3979774825275 -31.520187221467495
68.62409591674805 79.9527848623693 39.731003157794476 44.28559696674347 122.58245959877968 -30.046249449253082
68.62409591674805 79.9527848623693 39.731003157794476 47.198495745658875 115.32002236694098 -23.75164531171322
58.51835644245148 93.7320557013154 45.766941137611866 47.467772245407104 117.51545394584537 -30.742793284356594
58.51835644245148 93.7320557013154 45.766941137611866 48.83603048324585 117.41214592382312 -30.586122542619705
58.51835644245148 93.7320557013154 45.766941137611866 50.177894711494446 113.76976891979575 -26.445467583835125
58.51835644245148 93.7320557013154 45.766941137611866 49.443329095840454 113.13286664709449 -26.53735549747944
58.51835644245148 93.7320557013154 45.766941137611866 50.06330955028534 113.75861053168774 -25.452114693820477
58.51835644245148 93.7320557013154 45.766941137611866 48.189656019210815 113.24733305722475 -27.687379129230976
58.51835644245148 93.7320557013154 45.766941137611866 50.29247987270355 113.78092730790377 -27.438820473849773
58.51835644245148 93.7320557013154 45.766941137611866 49.6587872505188 114.52113760262728 -27.50360330194235
58.51835644245148 93.7320557013154 45.766941137611866 48.10146486759186 116.77524365112185 -30.67801045626402
58.51835644245148 93.7320557013154 45.766941137611866 48.72144532203674 117.4009875357151 -29.592769652605057
59.99604821205139 124.99479277059436 35.21491765975952 47.83218836784363 114.57981207221746 -23.686862483620644
59.99604821205139 124.99479277059436 35.21491765975952 48.74004530906677 126.97382517904043 -23.442916713654995
59.99604821205139 124.99479277059436 35.21491765975952 36.949716448783875 138.09102051705122 -16.624506756663322
59.99604821205139 124.99479277059436 35.21491765975952 46.30923879146576 112.49884690344334 -17.845738142728806
59.99604821205139 124.99479277059436 35.21491765975952 47.08879840373993 126.24765580147505 -15.587981507182121
59.99604821205139 124.99479277059436 35.21491765975952 40.285552740097046 141.47926539555192 -25.261913940310478
59.99604821205139 124.99479277059436 35.21491765975952 37.467793583869934 143.61062917485833 -17.509439304471016
59.99604821205139 124.99479277059436 35.21491765975952 48.74783933162689 120.94005651772022 -33.57675386965275
59.99604821205139 124.99479277059436 35.21491765975952 44.15523898601532 136.4792100712657 -31.91857511550188
59.99604821205139 124.99479277059436 35.21491765975952 62.73792850971222 134.97710582241416 -24.758420281112194
64.36669051647186 65.53648105636239 49.14492254704237 34.34458827972412 118.12990874797106 -13.122454307973385
64.36669051647186 65.53648105636239 49.14492254704237 45.992907643318176 109.73346338048577 -16.906595423817635
64.36669051647186 65.53648105636239 49.14492254704237 47.83218836784363 114.57981207221746 -23.686862483620644
64.36669051647186 65.53648105636239 49.14492254704237 46.10749280452728 109.74462176859379 -17.899948313832283
64.36669051647186 65.53648105636239 49.14492254704237 51.188685297966 114.99893991276622 -22.288280196487904
64.36669051647186 65.53648105636239 49.14492254704237 48.04764652252197 115.96808302775025 -24.653110288083553
64.36669051647186 65.53648105636239 49.14492254704237 34.129130125045776 116.74163779243827 -12.156206503510475
64.36669051647186 65.53648105636239 49.14492254704237 48.033934354782104 117.33403720706701 -23.632652312517166
64.36669051647186 65.53648105636239 49.14492254704237 53.29150915145874 115.53253416344523 -22.0397215411067
64.36669051647186 65.53648105636239 49.14492254704237 45.02917170524597 109.07424433156848 -15.011777557432652
2.1776527166366577 135.3340231925249 41.74864233285189 52.5205100774765 131.77265778928995 -35.03327748179436
2.1776527166366577 135.3340231925249 41.74864233285189 51.13853967189789 133.24191999062896 -34.16949024796486
2.1776527166366577 135.3340231925249 41.74864233285189 38.68220603466034 136.8924421593547 -32.545258082449436
2.1776527166366577 135.3340231925249 41.74864233285189 47.946773529052734 114.59097046032548 -24.680215373635292
2.1776527166366577 135.3340231925249 41.74864233285189 35.28560292720795 134.30019951611757 -28.939398176968098
2.1776527166366577 135.3340231925249 41.74864233285189 47.107213616371155 137.660864982754 -32.57148143649101
2.1776527166366577 135.3340231925249 41.74864233285189 36.23562669754028 136.32537274435163 -29.813758067786694
2.1776527166366577 135.3340231925249 41.74864233285189 38.21118354797363 131.94278544560075 -25.60832028090954
2.1776527166366577 135.3340231925249 41.74864233285189 50.30310106277466 131.22790515050292 -34.28848324716091
2.1776527166366577 135.3340231925249 41.74864233285189 36.02016854286194 134.93710178881884 -28.847510263323784
39.9982305765152 124.18988155946136 44.979439698159695 43.86633217334747 130.98191818967462 -33.020348347723484
39.9982305765152 124.18988155946136 44.979439698159695 51.31877946853638 143.39586796611547 -22.96098494529724
39.9982305765152 124.18988155946136 44.979439698159695 38.04278004169464 131.12446643412113 -18.590067222714424
39.9982305765152 124.18988155946136 44.979439698159695 64.62529420852661 134.1224291175604 -23.54361382126808
39.9982305765152 124.18988155946136 44.979439698159695 50.10830354690552 126.87051715701818 -23.286245971918106
39.9982305765152 124.18988155946136 44.979439698159695 47.41884171962738 127.64708514511585 -17.54758220165968
39.9982305765152 124.18988155946136 44.979439698159695 60.86633563041687 121.9238736666739 -23.10754818469286
39.9982305765152 124.18988155946136 44.979439698159695 38.365874886512756 134.12705863639712 -31.606115363538265
39.9982305765152 124.18988155946136 44.979439698159695 55.1721111536026 114.44064877927303 -8.748009659349918
39.9982305765152 124.18988155946136 44.979439698159695 63.257035970687866 134.22573713958263 -23.70028456300497
20.859418392181396 105.45730766654015 47.594796136021614 47.09350144863129 139.02681916207075 -31.551023460924625
20.859418392181396 105.45730766654015 47.594796136021614 43.00346922874451 131.6998117081821 -31.098425395786762
20.859418392181396 105.45730766654015 47.594796136021614 47.184783577919006 116.68597654625773 -22.73118733614683
20.859418392181396 105.45730766654015 47.594796136021614 45.13004469871521 110.45135689899325 -14.984672471880913
20.859418392181396 105.45730766654015 47.594796136021614 46.83407962322235 118.25566424056888 -30.80757611244917
20.859418392181396 105.45730766654015 47.594796136021614 33.9173446893692 134.40350753813982 -29.096068918704987
20.859418392181396 105.45730766654015 47.594796136021614 49.429616928100586 114.49882082641125 -25.51689752191305
20.859418392181396 105.45730766654015 47.594796136021614 42.80764138698578 133.613401055336 -22.039256386458874
20.859418392181396 105.45730766654015 47.594796136021614 46.67938828468323 116.0713910497725 -24.809781029820442
20.859418392181396 105.45730766654015 47.594796136021614 33.38085234165192 117.47068969905376 -11.227636441588402
53.737722277641296 105.15102994069457 46.35045174509287 52.06705725193024 142.66681605949998 -23.889555007219315
53.737722277641296 105.15102994069457 46.35045174509287 52.80162286758423 143.30371833220124 -23.797667093575
53.737722277641296 105.15102994069457 46.35045174509287 44.16895115375519 135.11325589194894 -32.93903309106827
53.737722277641296 105.15102994069457 46.35045174509287 47.92526733875275 121.99069330096245 -13.525920242071152
53.737722277641296 105.15102994069457 46.35045174509287 46.05161380767822 121.47941582649946 -15.761184677481651
53.737722277641296 105.15102994069457 46.35045174509287 47.342302083969116 142.35099624097347 -25.444808036088943
53.737722277641296 105.15102994069457 46.35045174509287 37.09848964214325 135.60747922584414 -31.735681019723415
53.737722277641296 105.15102994069457 46.35045174509287 49.08868861198425 137.94609216600657 -19.25266446918249
53.737722277641296 105.15102994069457 46.35045174509287 35.534403562545776 137.6243765950203 -22.833182752132416
53.737722277641296 105.15102994069457 46.35045174509287 40.80466020107269 140.7278967127204 -24.203778222203255
73.29297208786011 92.00339873880148 43.425019823014736 58.12981915473938 122.1304897107184 -23.420889668166637
73.29297208786011 92.00339873880148 43.425019823014736 62.56360685825348 129.4909723289311 -26.853546403348446
73.29297208786011 92.00339873880148 43.425019823014736 36.49137580394745 138.04638696461916 -12.651095196604729
73.29297208786011 92.00339873880148 43.425019823014736 52.080769419670105 141.30086188018322 -24.9100129827857
73.29297208786011 92.00339873880148 43.425019823014736 54.873164892196655 129.35945177823305 -26.735435135662556
73.29297208786011 92.00339873880148 43.425019823014736 59.36978006362915 123.38197747990489 -21.250408060848713
73.29297208786011 92.00339873880148 43.425019823014736 59.964396834373474 114.19767504185438 -14.238114774227142
73.29297208786011 92.00339873880148 43.425019823014736 63.257035970687866 134.22573713958263 -23.70028456300497
73.29297208786011 92.00339873880148 43.425019823014736 52.410812735557556 142.70029122382402 -26.86961367726326
73.29297208786011 92.00339873880148 43.425019823014736 49.76660871505737 114.29508731141686 -16.420050770044327
76.98653984069824 51.76548607647419 33.332126408815384 44.61093723773956 111.20272558182478 -16.042808189988136
76.98653984069824 51.76548607647419 33.332126408815384 45.244629859924316 110.46251528710127 -15.978025361895561
76.98653984069824 51.76548607647419 33.332126408815384 46.828346252441406 111.74747822061181 -16.787602424621582
76.98653984069824 51.76548607647419 33.332126408815384 47.69120919704437 111.02958470210433 -18.709525376558304
76.98653984069824 51.76548607647419 33.332126408815384 49.76660871505737 114.29508731141686 -16.420050770044327
76.98653984069824 51.76548607647419 33.332126408815384 46.72747325897217 110.37036565318704 -16.81470751017332
76.98653984069824 51.76548607647419 33.332126408815384 46.10749280452728 109.74462176859379 -17.899948313832283
76.98653984069824 51.76548607647419 33.332126408815384 45.47380018234253 110.4848320633173 -17.964731141924858
76.98653984069824 51.76548607647419 33.332126408815384 45.35921502113342 110.47367367520928 -16.97137825191021
76.98653984069824 51.76548607647419 33.332126408815384 45.57467317581177 111.86194463074207 -17.93762605637312
65.67109096050262 85.04210729151964 38.44084121286869 47.872294545173645 116.75292687490582 -28.691304676234722
65.67109096050262 85.04210729151964 38.44084121286869 38.609787702560425 126.51244389265776 -32.67021085321903
65.67109096050262 85.04210729151964 38.44084121286869 48.60686016082764 117.38982914760709 -28.59941676259041
65.67109096050262 85.04210729151964 38.44084121286869 45.336493730545044 125.9847453944385 -30.89350425451994
65.67109096050262 85.04210729151964 38.44084121286869 46.5040363073349 116.85623489692807 -28.84797541797161
65.67109096050262 85.04210729151964 38.44084121286869 47.797815561294556 118.91488328948617 -32.70239397883415
65.67109096050262 85.04210729151964 38.44084121286869 48.82334864139557 112.50712276250124 -27.6225963011384
65.67109096050262 85.04210729151964 38.44084121286869 37.12694430351257 126.60459352657199 -31.833528704941273
65.67109096050262 85.04210729151964 38.44084121286869 48.17594385147095 114.61328723654151 -26.66692115366459
65.67109096050262 85.04210729151964 38.44084121286869 45.03387475013733 121.85340769216418 -30.974819511175156
59.872902512550354 94.99470185860991 46.94406985491514 49.025094628334045 115.26134789735079 -27.568386130034924
59.872902512550354 94.99470185860991 46.94406985491514 49.55791425704956 113.1440250352025 -27.530708387494087
59.872902512550354 94.99470185860991 46.94406985491514 49.443329095840454 113.13286664709449 -26.53735549747944
59.872902512550354 94.99470185860991 46.94406985491514 50.06330955028534 113.75861053168774 -25.452114693820477
59.872902512550354 94.99470185860991 46.94406985491514 49.6587872505188 114.52113760262728 -27.50360330194235
59.872902512550354 94.99470185860991 46.94406985491514 48.10146486759186 116.77524365112185 -30.67801045626402
59.872902512550354 94.99470185860991 46.94406985491514 48.82334864139557 112.50712276250124 -27.6225963011384
59.872902512550354 94.99470185860991 46.94406985491514 49.54420208930969 114.50997921451926 -26.5102504119277
59.872902512550354 94.99470185860991 46.94406985491514 48.70876348018646 112.49596437439322 -26.629243411123753
59.872902512550354 94.99470185860991 46.94406985491514 50.177894711494446 113.76976891979575 -26.445467583835125
44.79257690906525 111.40495314076543 43.375471115112305 37.09848964214325 135.60747922584414 -31.735681019723415
44.79257690906525 111.40495314076543 43.375471115112305 39.31692898273468 129.88125452399254 -30.537406988441944
44.79257690906525 111.40495314076543 43.375471115112305 45.61168837547302 132.84799145534635 -28.77127304673195
44.79257690906525 111.40495314076543 43.375471115112305 33.9173446893692 134.40350753813982 -29.096068918704987
44.79257690906525 111.40495314076543 43.375471115112305 40.098549246788025 131.08810874074697 -24.393513821065426
44.79257690906525 111.40495314076543 43.375471115112305 46.68427610397339 127.01018287241459 -17.639470115303993
44.79257690906525 111.40495314076543 43.375471115112305 49.55971109867096 142.8957488797605 -26.18960227072239
44.79257690906525 111.40495314076543 43.375471115112305 47.190701723098755 121.35379102826118 -13.617808155715466
44.79257690906525 111.40495314076543 43.375471115112305 49.69006907939911 128.99899840727448 -24.31727660447359
44.79257690906525 111.40495314076543 43.375471115112305 39.860554575920105 143.3705379664898 -14.216039150953293
21.66331136226654 135.28714022785425 41.98243202269077 56.840927720069885 131.01063314080238 -12.396160192787647
21.66331136226654 135.28714022785425 41.98243202269077 54.98775005340576 129.37061016634107 -27.728788025677204
21.66331136226654 135.28714022785425 41.98243202269077 59.22983121871948 113.56077276915312 -14.330002687871456
21.66331136226654 135.28714022785425 41.98243202269077 46.35423278808594 125.61075352877378 -15.679869420826435
21.66331136226654 135.28714022785425 41.98243202269077 48.14851951599121 117.34519559517503 -24.626005202531815
21.66331136226654 135.28714022785425 41.98243202269077 53.04450535774231 141.9600809291005 -26.804830849170685
21.66331136226654 135.28714022785425 41.98243202269077 55.10130488872528 135.65274589508772 -30.66520918160677
21.66331136226654 135.28714022785425 41.98243202269077 58.53434145450592 121.36796263977885 -21.369401060044765
21.66331136226654 135.28714022785425 41.98243202269077 42.06528174877167 139.01026744395494 -11.997307144105434
21.66331136226654 135.28714022785425 41.98243202269077 46.568660616874695 133.2700018249452 -18.589185491204262
42.435219049453735 101.03899579122663 51.04067072272301 55.57354247570038 132.4910537302494 -12.525725848972797
42.435219049453735 101.03899579122663 51.04067072272301 37.58340907096863 137.3508102223277 -16.559723928570747
42.435219049453735 101.03899579122663 51.04067072272301 37.063271284103394 144.37315624579787 -19.560927912592888
42.435219049453735 101.03899579122663 51.04067072272301 43.954708099365234 125.6136360578239 -6.896364152431488
42.435219049453735 101.03899579122663 51.04067072272301 44.09653282165527 124.73325762525201 -33.063985861837864
42.435219049453735 101.03899579122663 51.04067072272301 38.844876170158386 131.20257515087724 -25.543537452816963
42.435219049453735 101.03899579122663 51.04067072272301 39.21605598926544 128.50414195656776 -30.564512073993683
42.435219049453735 101.03899579122663 51.04067072272301 53.04450535774231 141.9600809291005 -26.804830849170685
42.435219049453735 101.03899579122663 51.04067072272301 46.920210123062134 127.26970832794905 -31.70308131724596
42.435219049453735 101.03899579122663 51.04067072272301 44.46789741516113 120.19445289298892 -14.95160761475563
41.58606827259064 100.39093513041735 51.94213569909334 56.18084108829498 128.21177445352077 -8.476958803832531
41.58606827259064 100.39093513041735 51.94213569909334 58.31005895137787 132.2844376862049 -12.21238436549902
41.58606827259064 100.39093513041735 51.94213569909334 56.928088545799255 133.75369988754392 -11.348597131669521
41.58606827259064 100.39093513041735 51.94213569909334 58.94375157356262 131.5442273914814 -12.147601537406445
41.58606827259064 100.39093513041735 51.94213569909334 56.814533710479736 127.47156415879726 -8.412175975739956
41.58606827259064 100.39093513041735 51.94213569909334 47.91644299030304 134.2954393029213 -5.335151351988316
41.58606827259064 100.39093513041735 51.94213569909334 57.676366329193115 133.02464798092842 -12.277167193591595
41.58606827259064 100.39093513041735 51.94213569909334 48.2454559803009 141.96584598720074 -9.23782031238079
41.58606827259064 100.39093513041735 51.94213569909334 49.38557422161102 135.56924384832382 -5.151375524699688
41.58606827259064 100.39093513041735 51.94213569909334 47.282750368118286 135.0356495976448 -5.399934180080891
57.65137219429016 119.53385858237743 39.91659102588892 43.64720129966736 110.54350653290749 -14.147990323603153
57.65137219429016 119.53385858237743 39.91659102588892 42.17291843891144 140.62458869069815 -24.047107480466366
57.65137219429016 119.53385858237743 39.91659102588892 36.34241783618927 142.37029979377985 -20.67327380180359
57.65137219429016 119.53385858237743 39.91659102588892 46.98792541027069 124.87054323405027 -15.61508659273386
57.65137219429016 119.53385858237743 39.91659102588892 36.688233971595764 129.86182027682662 -19.7671959400177
57.65137219429016 119.53385858237743 39.91659102588892 53.60784029960632 118.2979176864028 -22.978864260017872
57.65137219429016 119.53385858237743 39.91659102588892 48.30339562892914 117.68909724801779 -7.490447416901588
57.65137219429016 119.53385858237743 39.91659102588892 34.76282274723053 116.00142749771476 -12.0914236754179
57.65137219429016 119.53385858237743 39.91659102588892 50.75467801094055 131.03533002361655 -26.184989385306835
57.65137219429016 119.53385858237743 39.91659102588892 45.0154595375061 110.44019851088524 -13.991319581866264
25.467527747154236 118.30392377823591 46.25726552307606 55.0681471824646 131.87646823376417 -14.604319542646408
25.467527747154236 118.30392377823591 46.25726552307606 47.51089036464691 141.32894371449947 -9.329708226025105
25.467527747154236 118.30392377823591 46.25726552307606 46.76261258125305 142.05799562111497 -8.401138164103031
25.467527747154236 118.30392377823591 46.25726552307606 48.1308708190918 141.95468759909272 -8.244467422366142
25.467527747154236 118.30392377823591 46.25726552307606 49.38557422161102 135.56924384832382 -5.151375524699688
25.467527747154236 118.30392377823591 46.25726552307606 64.00531375408173 133.49668523296714 -24.628854624927044
25.467527747154236 118.30392377823591 46.25726552307606 56.220947265625 130.38488925620914 -13.48140099644661
25.467527747154236 118.30392377823591 46.25726552307606 59.04462456703186 132.92133995890617 -12.120496451854706
25.467527747154236 118.30392377823591 46.25726552307606 58.296346783638 133.65039186552167 -11.191926389932632
25.467527747154236 118.30392377823591 46.25726552307606 56.335532426834106 130.39604764431715 -14.474753886461258
56.5259964466095 118.29352920129895 36.75275652855635 51.152251839637756 131.8759658113122 -35.189948223531246
56.5259964466095 118.29352920129895 36.75275652855635 42.597071051597595 143.1639219224453 -13.902697667479515
56.5259964466095 118.29352920129895 36.75275652855635 46.32295095920563 111.13289272412658 -18.866196118295193
56.5259964466095 118.29352920129895 36.75275652855635 41.44530129432678 138.3845235593617 -13.082547947764397
56.5259964466095 118.29352920129895 36.75275652855635 39.949591279029846 135.41202156990767 -32.415692426264286
56.5259964466095 118.29352920129895 36.75275652855635 43.6852468252182 125.25857601687312 -23.038569048047066
56.5259964466095 118.29352920129895 36.75275652855635 49.6587872505188 114.52113760262728 -27.50360330194235
56.5259964466095 118.29352920129895 36.75275652855635 42.29445207118988 139.03258422017097 -13.984012924134731
56.5259964466095 118.29352920129895 36.75275652855635 37.797836899757385 145.01005851849914 -19.469039998948574
56.5259964466095 118.29352920129895 36.75275652855635 54.6587370634079 121.70020348206162 -23.82611906528473
39.364537954330444 124.93009185418487 44.91465687006712 39.22976815700531 127.138187777251 -31.58497004956007
39.364537954330444 124.93009185418487 44.91465687006712 50.14944005012512 122.77265461906791 -26.347619898617268
39.364537954330444 124.93009185418487 44.91465687006712 45.22087824344635 132.24456434696913 -31.843219630420208
39.364537954330444 124.93009185418487 44.91465687006712 43.527464509010315 141.88723484799266 -22.86997876316309
39.364537954330444 124.93009185418487 44.91465687006712 40.06417644023895 135.42317995801568 -33.409045316278934
39.364537954330444 124.93009185418487 44.91465687006712 48.90168511867523 127.55493551120162 -18.38426434993744
39.364537954330444 124.93009185418487 44.91465687006712 40.725478172302246 130.11068976670504 -12.25182557106018
39.364537954330444 124.93009185418487 44.91465687006712 55.72231566905975 130.00751243904233 -27.63690011203289
39.364537954330444 124.93009185418487 44.91465687006712 42.927114367485046 144.5633512660861 -15.862298361957073
39.364537954330444 124.93009185418487 44.91465687006712 50.07599139213562 118.66363369300961 -28.41564093530178
38.22545003890991 125.05571665242314 42.771280348300934 51.60382878780365 131.68339068442583 -27.08645436167717
38.22545003890991 125.05571665242314 42.771280348300934 53.803852915763855 114.54395680129528 -8.904680401086807
38.22545003890991 125.05571665242314 42.771280348300934 54.25318443775177 128.7337078936398 -27.820675939321518
38.22545003890991 125.05571665242314 42.771280348300934 40.685187220573425 129.7779465019703 -30.380736246705055
38.22545003890991 125.05571665242314 42.771280348300934 37.20142328739166 124.44263711199164 -27.822439402341843
38.22545003890991 125.05571665242314 42.771280348300934 43.58437383174896 123.88146344944835 -23.065674133598804
38.22545003890991 125.05571665242314 42.771280348300934 59.22983121871948 113.56077276915312 -14.330002687871456
38.22545003890991 125.05571665242314 42.771280348300934 45.03387475013733 121.85340769216418 -30.974819511175156
38.22545003890991 125.05571665242314 42.771280348300934 62.04552972316742 123.97136367112398 -25.968613855540752
38.22545003890991 125.05571665242314 42.771280348300934 48.55304181575775 116.58266852423549 -22.574516594409943
55.07057738304138 115.65377047657967 35.54852272570133 49.54420208930969 114.50997921451926 -26.5102504119277
55.07057738304138 115.65377047657967 35.54852272570133 43.77549862861633 109.18871074169874 -16.16180118918419
55.07057738304138 115.65377047657967 35.54852272570133 48.835184931755066 121.84275172650814 -9.395837940275669
55.07057738304138 115.65377047657967 35.54852272570133 49.17997074127197 115.60524955019355 -10.432828344404697
55.07057738304138 115.65377047657967 35.54852272570133 42.58644986152649 125.71694407984614 -7.053034894168377
55.07057738304138 115.65377047657967 35.54852272570133 47.78428816795349 118.44046593084931 -8.548583135008812
55.07057738304138 115.65377047657967 35.54852272570133 50.85555100440979 132.41244259104133 -26.157884299755096
55.07057738304138 115.65377047657967 35.54852272570133 53.990856409072876 124.93511345610023 -9.77308052033186
55.07057738304138 115.65377047657967 35.54852272570133 47.29157471656799 122.73090359568596 -13.590703070163727
55.07057738304138 115.65377047657967 35.54852272570133 51.05137884616852 130.49885324388742 -35.217053309082985
70.45558261871338 90.8329022154212 43.08457325398922 45.33546340465546 132.25572273507714 -32.836572520434856
70.45558261871338 90.8329022154212 43.08457325398922 48.36088669300079 137.54639857262373 -31.421457804739475
70.45558261871338 90.8329022154212 43.08457325398922 38.50891470909119 125.13533132523298 -32.69731593877077
70.45558261871338 90.8329022154212 43.08457325398922 42.81252920627594 144.5521928779781 -14.868945471942425
70.45558261871338 90.8329022154212 43.08457325398922 51.2737854719162 130.28396134078503 -25.12685366719961
70.45558261871338 90.8329022154212 43.08457325398922 64.10618674755096 134.8737978003919 -24.601749539375305
70.45558261871338 90.8329022154212 43.08457325398922 46.85164928436279 134.09947922453284 -26.600791439414024
70.45558261871338 90.8329022154212 43.08457325398922 58.41093194484711 133.66155025362968 -12.18527927994728
70.45558261871338 90.8329022154212 43.08457325398922 51.388370633125305 130.29511972889304 -26.12020655721426
70.45558261871338 90.8329022154212 43.08457325398922 61.019996643066406 130.3791241981089 -31.048411533236504
34.38345193862915 85.03018509224057 49.9320559874177 38.037046670913696 124.61628041416407 -4.570093534886837
34.38345193862915 85.03018509224057 49.9320559874177 49.83696639537811 137.21704025939107 -20.181234531104565
34.38345193862915 85.03018509224057 49.9320559874177 36.97611045837402 141.63008949905634 -20.608490973711014
34.38345193862915 85.03018509224057 49.9320559874177 51.240442991256714 128.3480552174151 -32.1993168964982
34.38345193862915 85.03018509224057 49.9320559874177 36.61967313289642 136.69159117341042 -14.664906062185764
34.38345193862915 85.03018509224057 49.9320559874177 45.31704819202423 120.8425135537982 -15.853072591125965
34.38345193862915 85.03018509224057 49.9320559874177 45.29657232761383 121.97125905379653 -2.755709193646908
34.38345193862915 85.03018509224057 49.9320559874177 45.22087824344635 132.24456434696913 -31.843219630420208
34.38345193862915 85.03018509224057 49.9320559874177 46.568660616874695 133.2700018249452 -18.589185491204262
34.38345193862915 85.03018509224057 49.9320559874177 37.861509919166565 127.24149579927325 -31.74164079129696
56.31053829193115 116.90525824576616 37.71900433301926 48.80860614776611 120.14405428245664 -28.54520659148693
56.31053829193115 116.90525824576616 37.71900433301926 43.761786460876465 110.5546649210155 -15.141343213617802
56.31053829193115 116.90525824576616 37.71900433301926 46.920210123062134 127.26970832794905 -31.70308131724596
56.31053829193115 116.90525824576616 37.71900433301926 41.521840929985046 123.68061246350408 -5.185322113335133
56.31053829193115 116.90525824576616 37.71900433301926 44.831098437309265 125.37015989795327 -32.97209794819355
56.31053829193115 116.90525824576616 37.71900433301926 43.74028027057648 117.95438776165247 -3.9870480820536613
56.31053829193115 116.90525824576616 37.71900433301926 48.866466760635376 136.32061253115535 -6.2095112428069115
56.31053829193115 116.90525824576616 37.71900433301926 46.30923879146576 112.49884690344334 -17.845738142728806
56.31053829193115 116.90525824576616 37.71900433301926 46.557009100914 122.0940013229847 -13.68259098380804
56.31053829193115 116.90525824576616 37.71900433301926 46.786179423332214 122.11631809920073 -15.669296763837337
43.2551486492157 74.66724096611142 50.83901558071375 39.41901707649231 123.14701821282506 -5.433880768716335
43.2551486492157 74.66724096611142 50.83901558071375 36.66080963611603 132.59372863546014 -17.726279988884926
43.2551486492157 74.66724096611142 50.83901558071375 46.828346252441406 111.74747822061181 -16.787602424621582
43.2551486492157 74.66724096611142 50.83901558071375 48.66762697696686 116.5938269123435 -23.56786948442459
43.2551486492157 74.66724096611142 50.83901558071375 39.47180509567261 130.2251561768353 -13.401849202811718
43.2551486492157 74.66724096611142 50.83901558071375 59.84878134727478 120.457493994385 -15.187830150127411
43.2551486492157 74.66724096611142 50.83901558071375 45.03387475013733 121.85340769216418 -30.974819511175156
43.2551486492157 74.66724096611142 50.83901558071375 51.188685297966 114.99893991276622 -22.288280196487904
43.2551486492157 74.66724096611142 50.83901558071375 36.15541434288025 131.9791431389749 -19.804873682558537
43.2551486492157 74.66724096611142 50.83901558071375 47.203383564949036 126.25881418958306 -16.58133439719677
56.32425045967102 115.5393040664494 36.69854635745287 39.12889516353607 125.76107520982623 -31.61207513511181
56.32425045967102 115.5393040664494 36.69854635745287 45.6871976852417 124.41505770012736 -22.8171154782176
56.32425045967102 115.5393040664494 36.69854635745287 43.11805438995361 131.7109700962901 -32.09177828580141
56.32425045967102 115.5393040664494 36.69854635745287 59.04462456703186 132.92133995890617 -12.120496451854706
56.32425045967102 115.5393040664494 36.69854635745287 43.54632830619812 109.16639396548271 -14.175095409154892
56.32425045967102 115.5393040664494 36.69854635745287 37.24152946472168 126.61575191468 -32.82688159495592
56.32425045967102 115.5393040664494 36.69854635745287 48.77827560901642 139.84852312505245 -9.200142569839954
56.32425045967102 115.5393040664494 36.69854635745287 43.20746064186096 120.07171062380075 -4.024725824594498
56.32425045967102 115.5393040664494 36.69854635745287 43.96720516681671 132.3590307570994 -32.993243262171745
56.32425045967102 115.5393040664494 36.69854635745287 43.62569510936737 117.94322937354445 -2.993695192039013
66.52024173736572 85.69016795232892 37.539376236498356 39.12889516353607 125.76107520982623 -31.61207513511181
66.52024173736572 85.69016795232892 37.539376236498356 39.31795930862427 123.6102771833539 -28.594338722527027
66.52024173736572 85.69016795232892 37.539376236498356 38.59607553482056 127.87839807197452 -31.649752877652645
66.52024173736572 85.69016795232892 37.539376236498356 48.56675398349762 115.21671434491873 -23.59497456997633
66.52024173736572 85.69016795232892 37.539376236498356 38.609787702560425 126.51244389265776 -32.67021085321903
66.52024173736572 85.69016795232892 37.539376236498356 46.83407962322235 118.25566424056888 -30.80757611244917
66.52024173736572 85.69016795232892 37.539376236498356 37.848828077316284 122.33647263795137 -28.778114549815655
66.52024173736572 85.69016795232892 37.539376236498356 46.5040363073349 116.85623489692807 -28.84797541797161
66.52024173736572 85.69016795232892 37.539376236498356 47.198495745658875 115.32002236694098 -23.75164531171322
66.52024173736572 85.69016795232892 37.539376236498356 47.29936873912811 116.69713493436575 -23.72454022616148
22.24138879776001 103.98804546520114 46.731008902192116 46.20836579799652 111.12173433601856 -17.872843228280544
22.24138879776001 103.98804546520114 46.731008902192116 37.98201322555542 131.92046866938472 -23.62161450088024
22.24138879776001 103.98804546520114 46.731008902192116 47.38343858718872 138.2531337030232 -28.506181962788105
22.24138879776001 103.98804546520114 46.731008902192116 37.354238748550415 137.32849344611168 -14.57301814854145
22.24138879776001 103.98804546520114 46.731008902192116 53.211296796798706 111.18630455806851 -12.030837155878544
22.24138879776001 103.98804546520114 46.731008902192116 44.269824147224426 136.4903684593737 -32.91192800551653
22.24138879776001 103.98804546520114 46.731008902192116 40.46972906589508 128.3896755464375 -29.414488442242146
22.24138879776001 103.98804546520114 46.731008902192116 35.534403562545776 137.6243765950203 -22.833182752132416
22.24138879776001 103.98804546520114 46.731008902192116 44.87609243392944 138.48206652328372 -30.80622922629118
22.24138879776001 103.98804546520114 46.731008902192116 55.72231566905975 130.00751243904233 -27.63690011203289
55.843637108802795 86.87169216945767 52.42821519821882 47.366899251937866 116.13834137842059 -30.769898369908333
55.843637108802795 86.87169216945767 52.42821519821882 50.07599139213562 118.66363369300961 -28.41564093530178
55.843637108802795 86.87169216945767 52.42821519821882 49.443329095840454 113.13286664709449 -26.53735549747944
55.843637108802795 86.87169216945767 52.42821519821882 49.55791425704956 113.1440250352025 -27.530708387494087
55.843637108802795 86.87169216945767 52.42821519821882 49.55688393115997 119.41500237584114 -29.473776653409004
55.843637108802795 86.87169216945767 52.42821519821882 48.74783933162689 120.94005651772022 -33.57675386965275
55.843637108802795 86.87169216945767 52.42821519821882 48.51866900920868 120.91773974150419 -31.59004808962345
55.843637108802795 86.87169216945767 52.42821519821882 48.633254170417786 120.92889812961221 -32.5834009796381
55.843637108802795 86.87169216945767 52.42821519821882 50.40603470802307 120.06306303665042 -30.37524162977934
55.843637108802795 86.87169216945767 52.42821519821882 49.36781978607178 121.56580040231347 -32.491513065993786
58.210585832595825 120.95560470223427 35.970284551382065 49.079097747802734 114.22813698276877 -10.459933429956436
58.210585832595825 120.95560470223427 35.970284551382065 50.86926317214966 131.04648841172457 -27.178342275321484
58.210585832595825 120.95560470223427 35.970284551382065 53.256290793418884 124.29821118339896 -9.864968433976173
58.210585832595825 120.95560470223427 35.970284551382065 62.678192019462585 129.5021307170391 -27.846899293363094
58.210585832595825 120.95560470223427 35.970284551382065 49.025094628334045 115.26134789735079 -27.568386130034924
58.210585832595825 120.95560470223427 35.970284551382065 47.05236494541168 143.12468170002103 -28.489649534225464
58.210585832595825 120.95560470223427 35.970284551382065 60.11805784702301 122.6529255732894 -22.178978122770786
58.210585832595825 120.95560470223427 35.970284551382065 48.46870815753937 137.32034828141332 -20.337905272841454
58.210585832595825 120.95560470223427 35.970284551382065 47.467772245407104 117.51545394584537 -30.742793284356594
58.210585832595825 120.95560470223427 35.970284551382065 46.67159426212311 122.10515971109271 -14.675943873822689
55.321438670158386 106.43599287420511 45.54087468236685 37.79989755153656 132.46810383722186 -15.58290346711874
55.321438670158386 106.43599287420511 45.54087468236685 37.710676074028015 142.2669917717576 -20.5166030600667
55.321438670158386 106.43599287420511 45.54087468236685 42.29445207118988 139.03258422017097 -13.984012924134731
55.321438670158386 106.43599287420511 45.54087468236685 41.95849061012268 132.96534039452672 -21.13779141008854
55.321438670158386 106.43599287420511 45.54087468236685 37.72053074836731 123.69126842916012 -26.76430368423462
55.321438670158386 106.43599287420511 45.54087468236685 42.90748405456543 141.2614909633994 -23.955219566822052
55.321438670158386 106.43599287420511 45.54087468236685 41.75468397140503 142.75306994095445 -25.07813811302185
55.321438670158386 106.43599287420511 45.54087468236685 41.96337842941284 143.9041322171688 -13.96748049557209
55.321438670158386 106.43599287420511 45.54087468236685 41.24252498149872 141.90127576515079 -15.079826384782791
55.321438670158386 106.43599287420511 45.54087468236685 42.05936360359192 134.3424529619515 -21.1106863245368
29.991567254066467 109.59454112127423 49.701376646757126 48.131901144981384 135.68371025845408 -6.301399156451225
29.991567254066467 109.59454112127423 49.701376646757126 48.01731598377228 135.67255187034607 -5.308046266436577
29.991567254066467 109.59454112127423 49.701376646757126 48.77827560901642 139.84852312505245 -9.200142569839954
29.991567254066467 109.59454112127423 49.701376646757126 48.34735929965973 137.07198121398687 -7.267646960914135
29.991567254066467 109.59454112127423 49.701376646757126 47.29543220996857 139.94067275896668 -8.363460421562195
29.991567254066467 109.59454112127423 49.701376646757126 47.282750368118286 135.0356495976448 -5.399934180080891
29.991567254066467 109.59454112127423 49.701376646757126 48.76559376716614 134.94349996373057 -6.23661632835865
29.991567254066467 109.59454112127423 49.701376646757126 48.118188977241516 137.04966443777084 -5.280941180884838
29.991567254066467 109.59454112127423 49.701376646757126 49.50015938282013 135.58040223643184 -6.144728414714336
29.991567254066467 109.59454112127423 49.701376646757126 48.75188159942627 136.30945414304733 -5.216158352792263
58.6730477809906 95.91632889211178 39.76914605498314 49.6587872505188 114.52113760262728 -27.50360330194235
58.6730477809906 95.91632889211178 39.76914605498314 50.06330955028534 113.75861053168774 -25.452114693820477
58.6730477809906 95.91632889211178 39.76914605498314 50.29247987270355 113.78092730790377 -27.438820473849773
58.6730477809906 95.91632889211178 39.76914605498314 49.54420208930969 114.50997921451926 -26.5102504119277
58.6730477809906 95.91632889211178 39.76914605498314 48.82334864139557 112.50712276250124 -27.6225963011384
58.6730477809906 95.91632889211178 39.76914605498314 50.177894711494446 113.76976891979575 -26.445467583835125
58.6730477809906 95.91632889211178 39.76914605498314 49.55791425704956 113.1440250352025 -27.530708387494087
58.6730477809906 95.91632889211178 39.76914605498314 47.98687970638275 116.76408526301384 -29.68465756624937
58.6730477809906 95.91632889211178 39.76914605498314 48.10146486759186 116.77524365112185 -30.67801045626402
58.6730477809906 95.91632889211178 39.76914605498314 49.025094628334045 115.26134789735079 -27.568386130034924
57.89425468444824 118.1902211792767 36.909427270293236 55.20217788219452 137.0298584625125 -30.63810409605503
57.89425468444824 118.1902211792767 36.909427270293236 46.77632474899292 140.6920414417982 -9.421596139669418
57.89425468444824 118.1902211792767 36.909427270293236 48.34735929965973 137.07198121398687 -7.267646960914135
57.89425468444824 118.1902211792767 36.909427270293236 52.70074987411499 141.92660576477647 -23.82477217912674
57.89425468444824 118.1902211792767 36.909427270293236 56.106362104415894 130.37373086810112 -12.488048106431961
57.89425468444824 118.1902211792767 36.909427270293236 47.29543220996857 139.94067275896668 -8.363460421562195
57.89425468444824 118.1902211792767 36.909427270293236 52.80162286758423 143.30371833220124 -23.797667093575
57.89425468444824 118.1902211792767 36.909427270293236 48.5589599609375 121.25048300623894 -13.461137413978577
57.89425468444824 118.1902211792767 36.909427270293236 43.44622182846069 143.81198258325458 -14.80416264384985
57.89425468444824 118.1902211792767 36.909427270293236 59.32169508934021 129.08300287649035 -29.245481580495834
8.198247790336609 125.16653672233224 43.33561333268881 44.510064244270325 109.8256130144 -16.069913275539875
8.198247790336609 125.16653672233224 43.33561333268881 46.72747325897217 110.37036565318704 -16.81470751017332
8.198247790336609 125.16653672233224 43.33561333268881 46.95664358139038 110.39268242940307 -18.801413290202618
8.198247790336609 125.16653672233224 43.33561333268881 35.61197352409363 116.64948815852404 -12.992888651788235
8.198247790336609 125.16653672233224 43.33561333268881 48.92422163486481 113.88423532992601 -27.595491215586662
8.198247790336609 125.16653672233224 43.33561333268881 44.72552239894867 111.2138839699328 -17.036161080002785
8.198247790336609 125.16653672233224 43.33561333268881 33.61002266407013 117.4930064752698 -13.214342221617699
8.198247790336609 125.16653672233224 43.33561333268881 34.877407908439636 116.01258588582277 -13.084776565432549
8.198247790336609 125.16653672233224 43.33561333268881 49.32874393463135 113.12170825898647 -25.54400260746479
8.198247790336609 125.16653672233224 43.33561333268881 45.992907643318176 109.73346338048577 -16.906595423817635
58.6425324678421 117.46116927266121 35.98085720837116 53.833919644355774 137.13316648453474 -30.79477483779192
58.6425324678421 117.46116927266121 35.98085720837116 56.052358984947205 131.40694178268313 -29.59650080651045
58.6425324678421 117.46116927266121 35.98085720837116 55.9377738237381 131.39578339457512 -28.6031479164958
58.6425324678421 117.46116927266121 35.98085720837116 60.46078300476074 128.95737807825208 -27.10210505872965
58.6425324678421 117.46116927266121 35.98085720837116 58.0543098449707 130.56342346593738 -29.375047236680984
58.6425324678421 117.46116927266121 35.98085720837116 60.79082632064819 130.35680742189288 -29.061705753207207
58.6425324678421 117.46116927266121 35.98085720837116 55.82318866252899 131.3846250064671 -27.60979502648115
58.6425324678421 117.46116927266121 35.98085720837116 54.582197427749634 136.40411457791924 -31.723344899713993
58.6425324678421 117.46116927266121 35.98085720837116 56.67233943939209 132.03268566727638 -28.511260002851486
58.6425324678421 117.46116927266121 35.98085720837116 59.436280250549316 129.09416126459837 -30.238834470510483
58.41336214542389 117.43885249644518 37.96756298840046 58.283480167388916 130.5857402421534 -31.36175301671028
58.41336214542389 117.43885249644518 37.96756298840046 59.01804578304291 131.22264251485467 -31.269865103065968
58.41336214542389 117.43885249644518 37.96756298840046 56.052358984947205 131.40694178268313 -29.59650080651045
58.41336214542389 117.43885249644518 37.96756298840046 53.833919644355774 137.13316648453474 -30.79477483779192
58.41336214542389 117.43885249644518 37.96756298840046 53.733046650886536 135.75605391710997 -30.82187992334366
58.41336214542389 117.43885249644518 37.96756298840046 56.57146644592285 130.6555730998516 -28.538365088403225
58.41336214542389 117.43885249644518 37.96756298840046 59.65173840522766 130.48243222013116 -31.205082274973392
58.41336214542389 117.43885249644518 37.96756298840046 55.20217788219452 137.0298584625125 -30.63810409605503
58.41336214542389 117.43885249644518 37.96756298840046 54.35302710533142 136.38179780170321 -29.736639119684696
58.41336214542389 117.43885249644518 37.96756298840046 61.2090607881546 128.22832617163658 -28.030675120651722
35.104305386543274 87.0330415442586 51.0444018766284 47.9604856967926 113.22501628100872 -25.70067334920168
35.104305386543274 87.0330415442586 51.0444018766284 49.26694679260254 120.1886878348887 -32.518618151545525
35.104305386543274 87.0330415442586 51.0444018766284 48.82334864139557 112.50712276250124 -27.6225963011384
35.104305386543274 87.0330415442586 51.0444018766284 47.98687970638275 116.76408526301384 -29.68465756624937
35.104305386543274 87.0330415442586 51.0444018766284 47.872294545173645 116.75292687490582 -28.691304676234722
35.104305386543274 87.0330415442586 51.0444018766284 46.09951400756836 117.61876196786761 -30.899464026093483
35.104305386543274 87.0330415442586 51.0444018766284 47.898688554763794 120.29199585691094 -32.67528889328241
35.104305386543274 87.0330415442586 51.0444018766284 47.353187084198 117.50429555773735 -29.749440394341946
35.104305386543274 87.0330415442586 51.0444018766284 45.98492884635925 117.6076035797596 -29.906111136078835
35.104305386543274 87.0330415442586 51.0444018766284 47.441378235816956 113.97638496384025 -26.758809067308903
62.84921050071716 112.2573804333806 38.421042785048485 62.56360685825348 129.4909723289311 -26.853546403348446
62.84921050071716 112.2573804333806 38.421042785048485 54.13962960243225 122.45157216489315 -24.884254783391953
62.84921050071716 112.2573804333806 38.421042785048485 60.003472685813904 122.64176718518138 -21.185625232756138
62.84921050071716 112.2573804333806 38.421042785048485 59.22983121871948 113.56077276915312 -14.330002687871456
62.84921050071716 112.2573804333806 38.421042785048485 60.01718485355377 121.27581300586462 -22.206083208322525
62.84921050071716 112.2573804333806 38.421042785048485 61.31096410751343 123.33446139842272 -26.060501769185066
62.84921050071716 112.2573804333806 38.421042785048485 58.749799609184265 122.75623359531164 -22.335648864507675
62.84921050071716 112.2573804333806 38.421042785048485 60.677271485328674 124.07467169314623 -26.12528459727764
62.84921050071716 112.2573804333806 38.421042785048485 62.5509250164032 124.58594916760921 -23.89002016186714
62.84921050071716 112.2573804333806 38.421042785048485 59.84878134727478 120.457493994385 -15.187830150127411
56.42512345314026 116.91641663387418 36.72565144300461 47.184783577919006 116.68597654625773 -22.73118733614683
56.42512345314026 116.91641663387418 36.72565144300461 62.73792850971222 134.97710582241416 -24.758420281112194
56.42512345314026 116.91641663387418 36.72565144300461 63.357908964157104 135.6028497070074 -23.673179477453232
56.42512345314026 116.91641663387418 36.72565144300461 47.43931758403778 126.51833964511752 -30.644945599138737
56.42512345314026 116.91641663387418 36.72565144300461 43.86633217334747 130.98191818967462 -33.020348347723484
56.42512345314026 116.91641663387418 36.72565144300461 64.2070597410202 136.2509103678167 -24.574644453823566
56.42512345314026 116.91641663387418 36.72565144300461 64.95533752441406 135.5218584612012 -25.50321451574564
56.42512345314026 116.91641663387418 36.72565144300461 50.89771783351898 122.04360271245241 -27.27618996053934
56.42512345314026 116.91641663387418 36.72565144300461 47.99956154823303 121.66910842433572 -32.648183807730675
56.42512345314026 116.91641663387418 36.72565144300461 50.99859082698822 123.42071527987719 -27.249084874987602
59.046024441719055 122.9696195423603 36.08927755057812 45.005420088768005 130.85629339143634 -30.8769718259573
59.046024441719055 122.9696195423603 36.08927755057812 45.96915602684021 131.51551244035363 -32.77178969234228
59.046024441719055 122.9696195423603 36.08927755057812 49.87218475341797 128.45136323943734 -32.35598763823509
59.046024441719055 122.9696195423603 36.08927755057812 44.5871856212616 132.98477464169264 -31.908002458512783
59.046024441719055 122.9696195423603 36.08927755057812 49.75759959220886 128.44020485132933 -31.362634748220444
59.046024441719055 122.9696195423603 36.08927755057812 53.60784029960632 118.2979176864028 -22.978864260017872
59.046024441719055 122.9696195423603 36.08927755057812 48.86628198623657 138.16098406910896 -29.342864111065865
59.046024441719055 122.9696195423603 36.08927755057812 56.18084108829498 128.21177445352077 -8.476958803832531
59.046024441719055 122.9696195423603 36.08927755057812 47.56864523887634 118.89256651327014 -30.715688198804855
59.046024441719055 122.9696195423603 36.08927755057812 50.640092849731445 131.02417163550854 -25.191636495292187
53.95318043231964 106.53930089622736 45.38420394062996 41.33259201049805 127.67178202793002 -31.336411394178867
53.95318043231964 106.53930089622736 45.38420394062996 47.938979506492615 120.62473912164569 -14.546378217637539
53.95318043231964 106.53930089622736 45.38420394062996 53.05454480648041 121.54398604854941 -9.91917860507965
53.95318043231964 106.53930089622736 45.38420394062996 41.31887984275818 129.03773620724678 -30.31595341861248
53.95318043231964 106.53930089622736 45.38420394062996 47.20441389083862 119.98783684894443 -14.638266131281853
53.95318043231964 106.53930089622736 45.38420394062996 38.05057406425476 125.09069777280092 -28.723904378712177
53.95318043231964 106.53930089622736 45.38420394062996 47.59992706775665 133.37042731791735 -27.529361501336098
53.95318043231964 106.53930089622736 45.38420394062996 47.82806706428528 139.66372143477201 -31.45913554728031
53.95318043231964 106.53930089622736 45.38420394062996 39.31795930862427 123.6102771833539 -28.594338722527027
53.95318043231964 106.53930089622736 45.38420394062996 38.49520254135132 126.50128550454974 -31.676857963204384
62.33216369152069 100.46679443493485 41.249043598771095 61.93094456195831 123.96020528301597 -24.975260965526104
62.33216369152069 100.46679443493485 41.249043598771095 61.31096410751343 123.33446139842272 -26.060501769185066
62.33216369152069 100.46679443493485 41.249043598771095 62.564637184143066 123.21999498829246 -24.91047813743353
62.33216369152069 100.46679443493485 41.249043598771095 49.55791425704956 113.1440250352025 -27.530708387494087
62.33216369152069 100.46679443493485 41.249043598771095 48.594178318977356 112.48480598628521 -25.635890521109104
62.33216369152069 100.46679443493485 41.249043598771095 58.91717278957367 129.8455299474299 -31.296970188617706
62.33216369152069 100.46679443493485 41.249043598771095 61.32364594936371 128.2394845597446 -29.02402801066637
62.33216369152069 100.46679443493485 41.249043598771095 61.81635940074921 123.94904689490795 -23.981908075511456
62.33216369152069 100.46679443493485 41.249043598771095 60.23264300823212 122.66408396139741 -23.172331012785435
62.33216369152069 100.46679443493485 41.249043598771095 49.32874393463135 113.12170825898647 -25.54400260746479
64.54751205444336 113.55350175499916 36.618112832307816 51.05137884616852 130.49885324388742 -35.217053309082985
64.54751205444336 113.55350175499916 36.618112832307816 58.380680441856384 112.91271210834384 -13.428537711501122
64.54751205444336 113.55350175499916 36.618112832307816 59.315961718559265 122.57481685653329 -15.225507892668247
64.54751205444336 113.55350175499916 36.618112832307816 61.93094456195831 123.96020528301597 -24.975260965526104
64.54751205444336 113.55350175499916 36.618112832307816 55.203208208084106 130.75888112187386 -28.695035830140114
64.54751205444336 113.55350175499916 36.618112832307816 59.168034076690674 120.62775234505534 -21.30461823195219
64.54751205444336 113.55350175499916 36.618112832307816 59.216119050979614 114.92672694846988 -13.309544712305069
64.54751205444336 113.55350175499916 36.618112832307816 60.63716530799866 121.90155689045787 -21.120842404663563
64.54751205444336 113.55350175499916 36.618112832307816 60.86633563041687 121.9238736666739 -23.10754818469286
64.54751205444336 113.55350175499916 36.618112832307816 58.749799609184265 122.75623359531164 -22.335648864507675
59.27519476413727 122.99193631857634 34.10257177054882 49.095452308654785 138.183300845325 -31.32956989109516
59.27519476413727 122.99193631857634 34.10257177054882 59.498077392578125 122.02718168869615 -23.26421892642975
59.27519476413727 122.99193631857634 34.10257177054882 47.43931758403778 126.51833964511752 -30.644945599138737
59.27519476413727 122.99193631857634 34.10257177054882 47.54019057750702 127.8954522125423 -30.617840513586998
59.27519476413727 122.99193631857634 34.10257177054882 57.57549333572388 131.64753541350365 -12.304272279143333
59.27519476413727 122.99193631857634 34.10257177054882 52.55694353580475 114.89563189074397 -22.131609454751015
59.27519476413727 122.99193631857634 34.10257177054882 49.57548391819 128.98784001916647 -23.323923714458942
59.27519476413727 122.99193631857634 34.10257177054882 48.707733154296875 118.76694171503186 -28.57231167703867
59.27519476413727 122.99193631857634 34.10257177054882 54.12694776058197 117.54654900357127 -21.92072854191065
59.27519476413727 122.99193631857634 34.10257177054882 60.07795166969299 120.47981077060103 -17.174535930156708
63.19296598434448 112.29085559770465 35.44098411500454 58.76351177692413 121.39027941599488 -23.356106840074062
63.19296598434448 112.29085559770465 35.44098411500454 61.41080677509308 130.98255130648613 -27.976464949548244
63.19296598434448 112.29085559770465 35.44098411500454 59.43054687976837 122.5859752446413 -16.218860782682896
63.19296598434448 112.29085559770465 35.44098411500454 59.96336650848389 120.46865238249302 -16.18118304014206
63.19296598434448 112.29085559770465 35.44098411500454 62.14640271663666 125.34847623854876 -25.941508769989014
63.19296598434448 112.29085559770465 35.44098411500454 60.91339027881622 122.49382561072707 -17.055542930960655
63.19296598434448 112.29085559770465 35.44098411500454 60.16511249542236 123.22287751734257 -16.126972869038582
63.19296598434448 112.29085559770465 35.44098411500454 61.19637894630432 123.3233030103147 -25.067148879170418
63.19296598434448 112.29085559770465 35.44098411500454 59.941675543785095 129.7087467610836 -28.160240776836872
63.19296598434448 112.29085559770465 35.44098411500454 59.73522651195526 114.17535826563835 -12.251408994197845
63.25579345226288 98.95289868116379 44.35866792500019 48.70876348018646 112.49596437439322 -26.629243411123753
63.25579345226288 98.95289868116379 44.35866792500019 48.07507085800171 113.23617466911674 -26.694026239216328
63.25579345226288 98.95289868116379 44.35866792500019 61.2090607881546 128.22832617163658 -28.030675120651722
63.25579345226288 98.95289868116379 44.35866792500019 62.5509250164032 124.58594916760921 -23.89002016186714
63.25579345226288 98.95289868116379 44.35866792500019 49.32874393463135 113.12170825898647 -25.54400260746479
63.25579345226288 98.95289868116379 44.35866792500019 48.8096364736557 113.873076941818 -26.602138325572014
63.25579345226288 98.95289868116379 44.35866792500019 48.189656019210815 113.24733305722475 -27.687379129230976
63.25579345226288 98.95289868116379 44.35866792500019 62.79277718067169 129.51328910514712 -28.840252183377743
63.25579345226288 98.95289868116379 44.35866792500019 49.443329095840454 113.13286664709449 -26.53735549747944
63.25579345226288 98.95289868116379 44.35866792500019 50.177894711494446 113.76976891979575 -26.445467583835125
62.86292266845703 110.89142625406384 37.4005848094821 60.63716530799866 121.90155689045787 -21.120842404663563
62.86292266845703 110.89142625406384 37.4005848094821 61.081793785095215 123.31214462220669 -24.07379598915577
62.86292266845703 110.89142625406384 37.4005848094821 63.413787961006165 123.86805564910173 -25.811943113803864
62.86292266845703 110.89142625406384 37.4005848094821 50.417686223983765 131.23906353861094 -35.28183613717556
62.86292266845703 110.89142625406384 37.4005848094821 58.0543098449707 130.56342346593738 -29.375047236680984
62.86292266845703 110.89142625406384 37.4005848094821 61.917232394218445 125.32615946233273 -23.954802989959717
62.86292266845703 110.89142625406384 37.4005848094821 51.240442991256714 128.3480552174151 -32.1993168964982
62.86292266845703 110.89142625406384 37.4005848094821 59.436280250549316 129.09416126459837 -30.238834470510483
62.86292266845703 110.89142625406384 37.4005848094821 58.16889500617981 130.5745818540454 -30.368400126695633
62.86292266845703 110.89142625406384 37.4005848094821 62.03181755542755 125.33731785044074 -24.948155879974365
55.12278366088867 84.86883571743965 51.31586930900812 50.291449546813965 120.0519046485424 -29.38188873976469
55.12278366088867 84.86883571743965 51.31586930900812 48.202337861061096 118.15235621854663 -30.65090537071228
55.12278366088867 84.86883571743965 51.31586930900812 49.26694679260254 120.1886878348887 -32.518618151545525
55.12278366088867 84.86883571743965 51.31586930900812 49.36781978607178 121.56580040231347 -32.491513065993786
55.12278366088867 84.86883571743965 51.31586930900812 49.54420208930969 114.50997921451926 -26.5102504119277
55.12278366088867 84.86883571743965 51.31586930900812 50.07599139213562 118.66363369300961 -28.41564093530178
55.12278366088867 84.86883571743965 51.31586930900812 49.443329095840454 113.13286664709449 -26.53735549747944
55.12278366088867 84.86883571743965 51.31586930900812 49.32874393463135 113.12170825898647 -25.54400260746479
55.12278366088867 84.86883571743965 51.31586930900812 49.6587872505188 114.52113760262728 -27.50360330194235
55.12278366088867 84.86883571743965 51.31586930900812 48.74783933162689 120.94005651772022 -33.57675386965275
60.33980369567871 125.0282679349184 32.234858989715576 51.60382878780365 131.68339068442583 -27.08645436167717
60.33980369567871 125.0282679349184 32.234858989715576 56.335532426834106 130.39604764431715 -14.474753886461258
60.33980369567871 125.0282679349184 32.234858989715576 59.94965434074402 121.83460656180978 -15.160725064575672
60.33980369567871 125.0282679349184 32.234858989715576 60.689953327178955 128.9796948544681 -29.088810838758945
60.33980369567871 125.0282679349184 32.234858989715576 54.873164892196655 129.35945177823305 -26.735435135662556
60.33980369567871 125.0282679349184 32.234858989715576 47.43931758403778 126.51833964511752 -30.644945599138737
60.33980369567871 125.0282679349184 32.234858989715576 64.95533752441406 135.5218584612012 -25.50321451574564
60.33980369567871 125.0282679349184 32.234858989715576 50.18851590156555 131.2167467623949 -33.29513035714626
60.33980369567871 125.0282679349184 32.234858989715576 61.525391936302185 130.99370969459414 -28.969817839562893
60.33980369567871 125.0282679349184 32.234858989715576 61.71548640727997 122.57193432748318 -24.009013161063194
52.36946403980255 105.25433796271682 46.19378100335598 45.16809022426605 125.16642638295889 -23.875251196324825
52.36946403980255 105.25433796271682 46.19378100335598 45.8545708656311 131.50435405224562 -31.778436802327633
52.36946403980255 105.25433796271682 46.19378100335598 44.400182127952576 122.5936179868877 -31.03960233926773
52.36946403980255 105.25433796271682 46.19378100335598 44.50002479553223 130.2417078949511 -32.95556551963091
52.36946403980255 105.25433796271682 46.19378100335598 43.6852468252182 125.25857601687312 -23.038569048047066
52.36946403980255 105.25433796271682 46.19378100335598 49.01833093166351 115.02413921803236 -15.491480708122253
52.36946403980255 105.25433796271682 46.19378100335598 43.852620005607605 132.34787236899137 -31.999890372157097
52.36946403980255 105.25433796271682 46.19378100335598 47.82439434528351 120.61358073353767 -13.55302532762289
52.36946403980255 105.25433796271682 46.19378100335598 44.269824147224426 136.4903684593737 -32.91192800551653
52.36946403980255 105.25433796271682 46.19378100335598 48.57634484767914 138.93466952815652 -32.387705609202385
61.59347677230835 124.91380152478814 33.38488262146711 55.621442675590515 128.63039987161756 -27.66400519758463
61.59347677230835 124.91380152478814 33.38488262146711 54.25318443775177 128.7337078936398 -27.820675939321518
61.59347677230835 124.91380152478814 33.38488262146711 50.391292214393616 127.69999455660582 -31.29785192012787
61.59347677230835 124.91380152478814 33.38488262146711 45.56566405296326 126.00706217065454 -32.880210034549236
61.59347677230835 124.91380152478814 33.38488262146711 55.10233521461487 129.38176855444908 -28.722140915691853
61.59347677230835 124.91380152478814 33.38488262146711 50.28938889503479 132.59385932981968 -33.268025271594524
61.59347677230835 124.91380152478814 33.38488262146711 53.60784029960632 118.2979176864028 -22.978864260017872
61.59347677230835 124.91380152478814 33.38488262146711 51.48924362659454 131.67223229631782 -26.09310147166252
61.59347677230835 124.91380152478814 33.38488262146711 51.12585783004761 128.33689682930708 -31.205964006483555
61.59347677230835 124.91380152478814 33.38488262146711 58.86438477039337 122.76739198341966 -23.329001754522324
57.22045588493347 116.75731667131186 41.84908663481474 53.67819797992706 141.219870634377 -26.74004802107811
57.22045588493347 116.75731667131186 41.84908663481474 38.72437286376953 126.52360228076577 -33.66356374323368
57.22045588493347 116.75731667131186 41.84908663481474 39.24348032474518 125.77223359793425 -32.60542802512646
57.22045588493347 116.75731667131186 41.84908663481474 51.167179107666016 122.39866275340319 -11.133985064923763
57.22045588493347 116.75731667131186 41.84908663481474 54.35302710533142 136.38179780170321 -29.736639119684696
57.22045588493347 116.75731667131186 41.84908663481474 59.941675543785095 129.7087467610836 -28.160240776836872
57.22045588493347 116.75731667131186 41.84908663481474 38.49520254135132 126.50128550454974 -31.676857963204384
57.22045588493347 116.75731667131186 41.84908663481474 62.678192019462585 129.5021307170391 -27.846899293363094
57.22045588493347 116.75731667131186 41.84908663481474 61.41080677509308 130.98255130648613 -27.976464949548244
57.22045588493347 116.75731667131186 41.84908663481474 39.849748611450195 127.76393166184425 -30.499729245901108
61.77295005321503 99.04504831507802 45.19535007327795 60.0562607049942 129.71990514919162 -29.15359366685152
61.77295005321503 99.04504831507802 45.19535007327795 62.04449939727783 130.24234101176262 -27.91168212145567
61.77295005321503 99.04504831507802 45.19535007327795 60.285431027412415 129.74222192540765 -31.140299446880817
61.77295005321503 99.04504831507802 45.19535007327795 48.92422163486481 113.88423532992601 -27.595491215586662
61.77295005321503 99.04504831507802 45.19535007327795 61.93094456195831 123.96020528301597 -24.975260965526104
61.77295005321503 99.04504831507802 45.19535007327795 61.094475626945496 128.21716778352857 -27.037322230637074
61.77295005321503 99.04504831507802 45.19535007327795 60.57536816596985 128.9685364663601 -28.095457948744297
61.77295005321503 99.04504831507802 45.19535007327795 61.81635940074921 123.94904689490795 -23.981908075511456
61.77295005321503 99.04504831507802 45.19535007327795 59.65173840522766 130.48243222013116 -31.205082274973392
61.77295005321503 99.04504831507802 45.19535007327795 63.18461763858795 123.8457388728857 -23.825237333774567
50.48209834098816 106.10901466757059 44.97897454351187 49.669408440589905 131.96811544522643 -34.35326607525349
50.48209834098816 106.10901466757059 44.97897454351187 51.80866575241089 115.62468379735947 -21.20303939282894
50.48209834098816 106.10901466757059 44.97897454351187 54.33667254447937 112.426633939147 -8.867002658545971
50.48209834098816 106.10901466757059 44.97897454351187 50.76839017868042 129.6693758442998 -27.205447360873222
50.48209834098816 106.10901466757059 44.97897454351187 55.507887840270996 122.3482641428709 -24.727584041655064
50.48209834098816 106.10901466757059 44.97897454351187 51.60382878780365 131.68339068442583 -27.08645436167717
50.48209834098816 106.10901466757059 44.97897454351187 58.91717278957367 129.8455299474299 -31.296970188617706
50.48209834098816 106.10901466757059 44.97897454351187 49.643014430999756 128.4290464632213 -30.369281858205795
50.48209834098816 106.10901466757059 44.97897454351187 50.27670705318451 127.6888361684978 -30.30449903011322
50.48209834098816 106.10901466757059 44.97897454351187 49.373737931251526 126.23361488431692 -23.37813388556242
63.81294643878937 112.9165994822979 36.5262249186635 55.9377738237381 131.39578339457512 -28.6031479164958
63.81294643878937 112.9165994822979 36.5262249186635 61.42451894283295 129.61659712716937 -28.99692292511463
63.81294643878937 112.9165994822979 36.5262249186635 58.91717278957367 129.8455299474299 -31.296970188617706
63.81294643878937 112.9165994822979 36.5262249186635 62.78009533882141 124.60826594382524 -25.87672594189644
63.81294643878937 112.9165994822979 36.5262249186635 59.22983121871948 113.56077276915312 -14.330002687871456
63.81294643878937 112.9165994822979 36.5262249186635 53.60784029960632 118.2979176864028 -22.978864260017872
63.81294643878937 112.9165994822979 36.5262249186635 62.665510177612305 124.59710755571723 -24.88337305188179
63.81294643878937 112.9165994822979 36.5262249186635 56.57146644592285 130.6555730998516 -28.538365088403225
63.81294643878937 112.9165994822979 36.5262249186635 60.67624115943909 130.34564903378487 -28.06835286319256
63.81294643878937 112.9165994822979 36.5262249186635 55.507887840270996 122.3482641428709 -24.727584041655064
57.880542516708374 119.55617535859346 37.92988524585962 52.758689522743225 117.64985702559352 -22.077399283647537
57.880542516708374 119.55617535859346 37.92988524585962 49.460898756980896 128.97668163105845 -22.330570824444294
57.880542516708374 119.55617535859346 37.92988524585962 51.48924362659454 131.67223229631782 -26.09310147166252
57.880542516708374 119.55617535859346 37.92988524585962 55.80271279811859 132.51337050646544 -14.512431629002094
57.880542516708374 119.55617535859346 37.92988524585962 49.8584725856781 129.8173174187541 -31.335529662668705
57.880542516708374 119.55617535859346 37.92988524585962 59.436280250549316 129.09416126459837 -30.238834470510483
57.880542516708374 119.55617535859346 37.92988524585962 59.48436522483826 123.3931358680129 -22.24376095086336
57.880542516708374 119.55617535859346 37.92988524585962 49.58919608592987 127.62188583984971 -24.34438169002533
57.880542516708374 119.55617535859346 37.92988524585962 64.73987936973572 134.1335875056684 -24.53696671128273
57.880542516708374 119.55617535859346 37.92988524585962 47.467772245407104 117.51545394584537 -30.742793284356594
60.542580008506775 121.51151572912931 34.23213742673397 50.4039740562439 132.6050177179277 -34.26137816160917
60.542580008506775 121.51151572912931 34.23213742673397 49.12390697002411 129.18041514605284 -31.42741757631302
60.542580008506775 121.51151572912931 34.23213742673397 50.640092849731445 131.02417163550854 -25.191636495292187
60.542580008506775 121.51151572912931 34.23213742673397 55.621442675590515 128.63039987161756 -27.66400519758463
60.542580008506775 121.51151572912931 34.23213742673397 51.02601516246796 120.68880692124367 -29.290000826120377
60.542580008506775 121.51151572912931 34.23213742673397 50.99859082698822 123.42071527987719 -27.249084874987602
60.542580008506775 121.51151572912931 34.23213742673397 50.92308151721954 131.85364903509617 -33.20324244350195
60.542580008506775 121.51151572912931 34.23213742673397 51.6713593006134 131.12459712848067 -34.13181250542402
60.542580008506775 121.51151572912931 34.23213742673397 50.222888708114624 126.8816755451262 -24.279598861932755
60.542580008506775 121.51151572912931 34.23213742673397 49.656726598739624 127.06309228390455 -31.389739833772182
57.76595735549927 119.54501697048545 38.92323813587427 51.50295579433441 130.30627811700106 -27.11355944722891
57.76595735549927 119.54501697048545 38.92323813587427 45.23459041118622 130.87861016765237 -32.863677605986595
57.76595735549927 119.54501697048545 38.92323813587427 50.93679368495941 130.4876948557794 -34.22370041906834
57.76595735549927 119.54501697048545 38.92323813587427 60.79880511760712 122.48266722261906 -16.062190040946007
57.76595735549927 119.54501697048545 38.92323813587427 46.24435067176819 138.37875850126147 -30.64955848455429
57.76595735549927 119.54501697048545 38.92323813587427 50.4039740562439 132.6050177179277 -34.26137816160917
57.76595735549927 119.54501697048545 38.92323813587427 54.10544157028198 124.94627184420824 -10.766433410346508
57.76595735549927 119.54501697048545 38.92323813587427 45.12000524997711 130.86745177954435 -31.870324715971947
57.76595735549927 119.54501697048545 38.92323813587427 43.96720516681671 132.3590307570994 -32.993243262171745
57.76595735549927 119.54501697048545 38.92323813587427 48.56675398349762 115.21671434491873 -23.59497456997633
55.056865215301514 117.01972465589643 36.56898070126772 50.9380087852478 122.37634597718716 -9.147279284894466
55.056865215301514 117.01972465589643 36.56898070126772 46.94293141365051 111.75863660871983 -17.78095531463623
55.056865215301514 117.01972465589643 36.56898070126772 50.17686438560486 120.04074626043439 -28.388535849750042
55.056865215301514 117.01972465589643 36.56898070126772 50.99859082698822 123.42071527987719 -27.249084874987602
55.056865215301514 117.01972465589643 36.56898070126772 48.08775269985199 118.14119783043861 -29.657552480697632
55.056865215301514 117.01972465589643 36.56898070126772 52.0378360748291 115.6470005735755 -23.189745172858238
55.056865215301514 117.01972465589643 36.56898070126772 47.83218836784363 114.57981207221746 -23.686862483620644
55.056865215301514 117.01972465589643 36.56898070126772 55.056495666503906 120.70046773180366 -9.697725035250187
55.056865215301514 117.01972465589643 36.56898070126772 47.938979506492615 120.62473912164569 -14.546378217637539
55.056865215301514 117.01972465589643 36.56898070126772 44.95263206958771 123.7781554274261 -22.909003391861916
59.14689743518829 124.34673210978508 36.116382636129856 61.411837100982666 124.71157396584749 -26.033396683633327
59.14689743518829 124.34673210978508 36.116382636129856 54.12694776058197 117.54654900357127 -21.92072854191065
59.14689743518829 124.34673210978508 36.116382636129856 52.00835108757019 130.9208636134863 -25.034965753555298
59.14689743518829 124.34673210978508 36.116382636129856 51.02601516246796 120.68880692124367 -29.290000826120377
59.14689743518829 124.34673210978508 36.116382636129856 57.962445974349976 115.04119335860014 -14.459568344056606
59.14689743518829 124.34673210978508 36.116382636129856 49.58919608592987 127.62188583984971 -24.34438169002533
59.14689743518829 124.34673210978508 36.116382636129856 51.2737854719162 130.28396134078503 -25.12685366719961
59.14689743518829 124.34673210978508 36.116382636129856 58.01523399353027 122.11933132261038 -22.42753677815199
59.14689743518829 124.34673210978508 36.116382636129856 50.53921985626221 129.64705906808376 -25.218741580843925
59.14689743518829 124.34673210978508 36.116382636129856 62.67922234535217 123.23115337640047 -25.903831027448177
53.838595271110535 106.52814250811934 46.37755683064461 49.095452308654785 138.183300845325 -31.32956989109516
53.838595271110535 106.52814250811934 46.37755683064461 51.68628656864166 121.64729407057166 -10.07584934681654
53.838595271110535 106.52814250811934 46.37755683064461 46.85164928436279 134.09947922453284 -26.600791439414024
53.838595271110535 106.52814250811934 46.37755683064461 37.61965775489807 122.31415586173534 -26.791408769786358
53.838595271110535 106.52814250811934 46.37755683064461 44.88980460166931 137.11611234396696 -31.826687201857567
53.838595271110535 106.52814250811934 46.37755683064461 44.43352460861206 124.52952411025763 -23.96713910996914
53.838595271110535 106.52814250811934 46.37755683064461 37.356114625930786 126.62691030278802 -33.82023448497057
53.838595271110535 106.52814250811934 46.37755683064461 36.98596513271332 123.05436615645885 -26.856191597878933
53.838595271110535 106.52814250811934 46.37755683064461 47.92526733875275 121.99069330096245 -13.525920242071152
53.838595271110535 106.52814250811934 46.37755683064461 43.63613152503967 137.23057875409722 -32.976710833609104
56.47217810153961 117.48636857792735 42.77765669673681 55.80271279811859 132.51337050646544 -14.512431629002094
56.47217810153961 117.48636857792735 42.77765669673681 38.82524585723877 127.90071484819055 -33.63645865768194
56.47217810153961 117.48636857792735 42.77765669673681 37.861509919166565 127.24149579927325 -31.74164079129696
56.47217810153961 117.48636857792735 42.77765669673681 44.600897789001465 131.61882046237588 -32.92846043407917
56.47217810153961 117.48636857792735 42.77765669673681 47.198495745658875 115.32002236694098 -23.75164531171322
56.47217810153961 117.48636857792735 42.77765669673681 56.20723509788513 131.7508434355259 -12.460943020880222
56.47217810153961 117.48636857792735 42.77765669673681 54.582197427749634 136.40411457791924 -31.723344899713993
56.47217810153961 117.48636857792735 42.77765669673681 46.99262845516205 137.64970659464598 -31.578128546476364
56.47217810153961 117.48636857792735 42.77765669673681 43.11805438995361 131.7109700962901 -32.09177828580141
56.47217810153961 117.48636857792735 42.77765669673681 48.33346235752106 140.27830693125725 -29.3805418536067
55.50149369239807 118.43031238764524 33.61602711677551 44.5871856212616 132.98477464169264 -31.908002458512783
55.50149369239807 118.43031238764524 33.61602711677551 49.58919608592987 127.62188583984971 -24.34438169002533
55.50149369239807 118.43031238764524 33.61602711677551 60.677271485328674 124.07467169314623 -26.12528459727764
55.50149369239807 118.43031238764524 33.61602711677551 45.72627353668213 132.85914984345436 -29.764625936746597
55.50149369239807 118.43031238764524 33.61602711677551 44.94568359851837 125.38131828606129 -33.9654508382082
55.50149369239807 118.43031238764524 33.61602711677551 50.14944005012512 122.77265461906791 -26.347619898617268
55.50149369239807 118.43031238764524 33.61602711677551 44.28559696674347 122.58245959877968 -30.046249449253082
55.50149369239807 118.43031238764524 33.61602711677551 62.15908455848694 130.25349939987063 -28.905035011470318
55.50149369239807 118.43031238764524 33.61602711677551 53.573652267456055 120.79261736571789 -8.861042886972427
55.50149369239807 118.43031238764524 33.61602711677551 51.02601516246796 120.68880692124367 -29.290000826120377
49.63294756412506 105.46095400676131 45.8804395198822 53.733046650886536 135.75605391710997 -30.82187992334366
49.63294756412506 105.46095400676131 45.8804395198822 55.72231566905975 130.00751243904233 -27.63690011203289
49.63294756412506 105.46095400676131 45.8804395198822 52.29133975505829 131.75034101307392 -33.04657170176506
49.63294756412506 105.46095400676131 45.8804395198822 55.507887840270996 122.3482641428709 -24.727584041655064
49.63294756412506 105.46095400676131 45.8804395198822 50.32376170158386 128.25878811255097 -24.252493776381016
49.63294756412506 105.46095400676131 45.8804395198822 54.552130699157715 113.81490489467978 -9.83325046300888
49.63294756412506 105.46095400676131 45.8804395198822 52.405924916267395 131.76149940118194 -34.03992459177971
49.63294756412506 105.46095400676131 45.8804395198822 58.80258762836456 129.83437155932188 -30.303617298603058
49.63294756412506 105.46095400676131 45.8804395198822 60.285431027412415 129.74222192540765 -31.140299446880817
49.63294756412506 105.46095400676131 45.8804395198822 59.941675543785095 129.7087467610836 -28.160240776836872
58.628820300102234 118.82712345197797 37.00131518393755 50.28938889503479 132.59385932981968 -33.268025271594524
58.628820300102234 118.82712345197797 37.00131518393755 51.5567741394043 131.11343874037266 -33.138459615409374
58.628820300102234 118.82712345197797 37.00131518393755 51.657647132873535 132.49055130779743 -33.111354529857635
58.628820300102234 118.82712345197797 37.00131518393755 52.00835108757019 130.9208636134863 -25.034965753555298
58.628820300102234 118.82712345197797 37.00131518393755 58.0543098449707 130.56342346593738 -29.375047236680984
58.628820300102234 118.82712345197797 37.00131518393755 54.35302710533142 136.38179780170321 -29.736639119684696
58.628820300102234 118.82712345197797 37.00131518393755 51.6713593006134 131.12459712848067 -34.13181250542402
58.628820300102234 118.82712345197797 37.00131518393755 58.86438477039337 122.76739198341966 -23.329001754522324
58.628820300102234 118.82712345197797 37.00131518393755 59.36978006362915 123.38197747990489 -21.250408060848713
58.628820300102234 118.82712345197797 37.00131518393755 52.405924916267395 131.76149940118194 -34.03992459177971
54.612236738204956 115.6091369241476 39.521934285759926 49.41590476036072 115.864775005728 -24.496439546346664
54.612236738204956 115.6091369241476 39.521934285759926 48.07507085800171 113.23617466911674 -26.694026239216328
54.612236738204956 115.6091369241476 39.521934285759926 48.26799249649048 128.29514580592513 -18.449047178030014
54.612236738204956 115.6091369241476 39.521934285759926 50.29247987270355 113.78092730790377 -27.438820473849773
54.612236738204956 115.6091369241476 39.521934285759926 43.76648950576782 123.3338282816112 -31.104385167360306
54.612236738204956 115.6091369241476 39.521934285759926 44.19740581512451 126.11037019267678 -33.036880776286125
54.612236738204956 115.6091369241476 39.521934285759926 37.356114625930786 126.62691030278802 -33.82023448497057
54.612236738204956 115.6091369241476 39.521934285759926 54.62454903125763 124.19490316137671 -9.708297692239285
54.612236738204956 115.6091369241476 39.521934285759926 47.99176752567291 127.70287708565593 -22.51434665173292
54.612236738204956 115.6091369241476 39.521934285759926 64.10618674755096 134.8737978003919 -24.601749539375305
54.65234291553497 117.78225172683597 34.51749209314585 44.28559696674347 122.58245959877968 -30.046249449253082
54.65234291553497 117.78225172683597 34.51749209314585 48.202337861061096 118.15235621854663 -30.65090537071228
54.65234291553497 117.78225172683597 34.51749209314585 48.800812125205994 126.17782294377685 -18.411369435489178
54.65234291553497 117.78225172683597 34.51749209314585 53.87627124786377 124.92395506799221 -8.779727630317211
54.65234291553497 117.78225172683597 34.51749209314585 49.32771360874176 119.39268559962511 -27.487070873379707
54.65234291553497 117.78225172683597 34.51749209314585 48.917457938194275 113.64702665060759 -15.518585793673992
54.65234291553497 117.78225172683597 34.51749209314585 59.82709038257599 129.6975883729756 -27.166887886822224
54.65234291553497 117.78225172683597 34.51749209314585 49.535377740859985 126.81472521647811 -18.319481521844864
54.65234291553497 117.78225172683597 34.51749209314585 54.35302710533142 136.38179780170321 -29.736639119684696
54.65234291553497 117.78225172683597 34.51749209314585 48.707733154296875 118.76694171503186 -28.57231167703867
57.26056206226349 118.93043147400022 36.84464444220066 49.460898756980896 128.97668163105845 -22.330570824444294
57.26056206226349 118.93043147400022 36.84464444220066 47.55596339702606 113.98754335194826 -27.75216195732355
57.26056206226349 118.93043147400022 36.84464444220066 55.40701484680176 120.97115157544613 -24.754689127206802
57.26056206226349 118.93043147400022 36.84464444220066 49.373737931251526 126.23361488431692 -23.37813388556242
57.26056206226349 118.93043147400022 36.84464444220066 52.00835108757019 130.9208636134863 -25.034965753555298
57.26056206226349 118.93043147400022 36.84464444220066 62.564637184143066 123.21999498829246 -24.91047813743353
57.26056206226349 118.93043147400022 36.84464444220066 61.71548640727997 122.57193432748318 -24.009013161063194
57.26056206226349 118.93043147400022 36.84464444220066 46.18564450740814 126.63280605524778 -31.794969230890274
57.26056206226349 118.93043147400022 36.84464444220066 50.60675036907196 129.0882655121386 -32.26409972459078
57.26056206226349 118.93043147400022 36.84464444220066 55.72231566905975 130.00751243904233 -27.63690011203289
53.21861481666565 105.9023986235261 45.292316026985645 37.861509919166565 127.24149579927325 -31.74164079129696
53.21861481666565 105.9023986235261 45.292316026985645 53.7891104221344 122.18088832125068 -9.827290691435337
53.21861481666565 105.9023986235261 45.292316026985645 43.7380348443985 132.33671398088336 -31.00653748214245
53.21861481666565 105.9023986235261 45.292316026985645 41.851699471473694 126.9204133450985 -30.278275676071644
53.21861481666565 105.9023986235261 45.292316026985645 45.16809022426605 125.16642638295889 -23.875251196324825
53.21861481666565 105.9023986235261 45.292316026985645 49.373737931251526 126.23361488431692 -23.37813388556242
53.21861481666565 105.9023986235261 45.292316026985645 44.90351676940918 135.7501581646502 -32.847145177423954
53.21861481666565 105.9023986235261 45.292316026985645 49.25915277004242 126.2224564962089 -22.38478099554777
53.21861481666565 105.9023986235261 45.292316026985645 45.6871976852417 124.41505770012736 -22.8171154782176
53.21861481666565 105.9023986235261 45.292316026985645 44.47260046005249 132.97361625358462 -30.914649568498135
59.023751735687256 94.34664119780064 47.84553483128548 48.83603048324585 117.41214592382312 -30.586122542619705
59.023751735687256 94.34664119780064 47.84553483128548 50.29247987270355 113.78092730790377 -27.438820473849773
59.023751735687256 94.34664119780064 47.84553483128548 49.6587872505188 114.52113760262728 -27.50360330194235
59.023751735687256 94.34664119780064 47.84553483128548 49.55791425704956 113.1440250352025 -27.530708387494087
59.023751735687256 94.34664119780064 47.84553483128548 47.797815561294556 118.91488328948617 -32.70239397883415
59.023751735687256 94.34664119780064 47.84553483128548 50.06330955028534 113.75861053168774 -25.452114693820477
59.023751735687256 94.34664119780064 47.84553483128548 48.10146486759186 116.77524365112185 -30.67801045626402
59.023751735687256 94.34664119780064 47.84553483128548 50.177894711494446 113.76976891979575 -26.445467583835125
59.023751735687256 94.34664119780064 47.84553483128548 49.54420208930969 114.50997921451926 -26.5102504119277
59.023751735687256 94.34664119780064 47.84553483128548 48.82334864139557 112.50712276250124 -27.6225963011384
57.23416805267334 115.3913624919951 40.82862865924835 48.800812125205994 126.17782294377685 -18.411369435489178
57.23416805267334 115.3913624919951 40.82862865924835 45.6871976852417 124.41505770012736 -22.8171154782176
57.23416805267334 115.3913624919951 40.82862865924835 41.21800684928894 127.660623639822 -30.34305850416422
57.23416805267334 115.3913624919951 40.82862865924835 50.331740498542786 120.38464791327715 -11.252978064119816
57.23416805267334 115.3913624919951 40.82862865924835 37.98980724811554 125.88670000806451 -33.755451656877995
57.23416805267334 115.3913624919951 40.82862865924835 48.625460147857666 126.96266679093242 -22.449563823640347
57.23416805267334 115.3913624919951 40.82862865924835 44.95263206958771 123.7781554274261 -22.909003391861916
57.23416805267334 115.3913624919951 40.82862865924835 45.12000524997711 130.86745177954435 -31.870324715971947
57.23416805267334 115.3913624919951 40.82862865924835 40.48344123363495 127.02372136712074 -30.434946417808533
57.23416805267334 115.3913624919951 40.82862865924835 61.29622161388397 130.97139291837811 -26.983112059533596
62.456339716911316 124.19590800628066 31.46295966953039 49.87218475341797 128.45136323943734 -32.35598763823509
62.456339716911316 124.19590800628066 31.46295966953039 51.0112726688385 128.32573844119906 -30.212611116468906
62.456339716911316 124.19590800628066 31.46295966953039 49.12390697002411 129.18041514605284 -31.42741757631302
62.456339716911316 124.19590800628066 31.46295966953039 50.50587737560272 127.71115294471383 -32.29120481014252
62.456339716911316 124.19590800628066 31.46295966953039 49.54214143753052 127.05193389579654 -30.396386943757534
62.456339716911316 124.19590800628066 31.46295966953039 49.8584725856781 129.8173174187541 -31.335529662668705
62.456339716911316 124.19590800628066 31.46295966953039 52.2375214099884 130.94318038970232 -27.021671533584595
62.456339716911316 124.19590800628066 31.46295966953039 49.743887424468994 129.80615903064609 -30.342176772654057
62.456339716911316 124.19590800628066 31.46295966953039 48.503926515579224 128.5546712614596 -32.51265837997198
62.456339716911316 124.19590800628066 31.46295966953039 49.238492131233215 129.19157353416085 -32.42077046632767
58.94515144824982 121.59250697493553 36.06217246502638 51.02601516246796 120.68880692124367 -29.290000826120377
58.94515144824982 121.59250697493553 36.06217246502638 58.80258762836456 129.83437155932188 -30.303617298603058
58.94515144824982 121.59250697493553 36.06217246502638 55.157368659973145 122.07758029922843 -9.670619949698448
58.94515144824982 121.59250697493553 36.06217246502638 45.739985704422 131.4931956641376 -30.785083912312984
58.94515144824982 121.59250697493553 36.06217246502638 58.64892661571503 121.37912102788687 -22.362753950059414
58.94515144824982 121.59250697493553 36.06217246502638 44.270854473114014 130.21939111873507 -30.968859739601612
58.94515144824982 121.59250697493553 36.06217246502638 49.6587872505188 114.52113760262728 -27.50360330194235
58.94515144824982 121.59250697493553 36.06217246502638 49.36002576351166 127.59956906363368 -22.357675909996033
58.94515144824982 121.59250697493553 36.06217246502638 50.640092849731445 131.02417163550854 -25.191636495292187
58.94515144824982 121.59250697493553 36.06217246502638 61.917232394218445 125.32615946233273 -23.954802989959717
44.058011293411255 110.76805086806417 43.28358320146799 52.95367181301117 120.16687348112464 -9.94628369063139
44.058011293411255 110.76805086806417 43.28358320146799 49.583462715148926 121.11369981989264 -10.324408002197742
44.058011293411255 110.76805086806417 43.28358320146799 62.15908455848694 130.25349939987063 -28.905035011470318
44.058011293411255 110.76805086806417 43.28358320146799 39.21605598926544 128.50414195656776 -30.564512073993683
44.058011293411255 110.76805086806417 43.28358320146799 37.732182264328 134.86726893112063 -31.67089819163084
44.058011293411255 110.76805086806417 43.28358320146799 51.77223229408264 132.50170969590545 -34.104707419872284
44.058011293411255 110.76805086806417 43.28358320146799 35.50106108188629 135.68847047165036 -29.905645981431007
44.058011293411255 110.76805086806417 43.28358320146799 48.96715497970581 139.53809663653374 -29.315759025514126
44.058011293411255 110.76805086806417 43.28358320146799 50.65380501747131 129.65821745619178 -26.212094470858574
44.058011293411255 110.76805086806417 43.28358320146799 44.270854473114014 130.21939111873507 -30.968859739601612
61.382139921188354 98.4416212067008 42.12340348958969 49.55791425704956 113.1440250352025 -27.530708387494087
61.382139921188354 98.4416212067008 42.12340348958969 49.32874393463135 113.12170825898647 -25.54400260746479
61.382139921188354 98.4416212067008 42.12340348958969 48.8096364736557 113.873076941818 -26.602138325572014
61.382139921188354 98.4416212067008 42.12340348958969 48.92422163486481 113.88423532992601 -27.595491215586662
61.382139921188354 98.4416212067008 42.12340348958969 50.29247987270355 113.78092730790377 -27.438820473849773
61.382139921188354 98.4416212067008 42.12340348958969 47.25231409072876 116.12718299031258 -29.776545479893684
61.382139921188354 98.4416212067008 42.12340348958969 47.366899251937866 116.13834137842059 -30.769898369908333
61.382139921188354 98.4416212067008 42.12340348958969 48.82334864139557 112.50712276250124 -27.6225963011384
61.382139921188354 98.4416212067008 42.12340348958969 49.443329095840454 113.13286664709449 -26.53735549747944
61.382139921188354 98.4416212067008 42.12340348958969 48.290529012680054 114.62444562464952 -27.660274043679237
55.57597267627716 116.2683559730649 37.62711641937494 51.05259394645691 122.38750436529517 -10.140632174909115
55.57597267627716 116.2683559730649 37.62711641937494 48.51866900920868 120.91773974150419 -31.59004808962345
55.57597267627716 116.2683559730649 37.62711641937494 63.47249412536621 135.61400809511542 -24.66653236746788
55.57597267627716 116.2683559730649 37.62711641937494 51.310218930244446 113.40693544223905 -12.225185640156269
55.57597267627716 116.2683559730649 37.62711641937494 50.9380087852478 122.37634597718716 -9.147279284894466
55.57597267627716 116.2683559730649 37.62711641937494 49.50100493431091 131.14979643374681 -27.335013017058372
55.57597267627716 116.2683559730649 37.62711641937494 50.50587737560272 127.71115294471383 -32.29120481014252
55.57597267627716 116.2683559730649 37.62711641937494 53.87627124786377 124.92395506799221 -8.779727630317211
55.57597267627716 116.2683559730649 37.62711641937494 49.443329095840454 113.13286664709449 -26.53735549747944
55.57597267627716 116.2683559730649 37.62711641937494 48.220937848091125 127.72519386187196 -24.50105243176222
56.944230914115906 116.16504795104265 37.78378716111183 46.920210123062134 127.26970832794905 -31.70308131724596
56.944230914115906 116.16504795104265 37.78378716111183 64.10618674755096 134.8737978003919 -24.601749539375305
56.944230914115906 116.16504795104265 37.78378716111183 48.10635268688202 127.71403547376394 -23.50769954174757
56.944230914115906 116.16504795104265 37.78378716111183 43.75174701213837 130.9707598015666 -32.026995457708836
56.944230914115906 116.16504795104265 37.78378716111183 38.72437286376953 126.52360228076577 -33.66356374323368
56.944230914115906 116.16504795104265 37.78378716111183 44.50002479553223 130.2417078949511 -32.95556551963091
56.944230914115906 116.16504795104265 37.78378716111183 49.373737931251526 126.23361488431692 -23.37813388556242
56.944230914115906 116.16504795104265 37.78378716111183 39.358065485954285 125.78339198604226 -33.598780915141106
56.944230914115906 116.16504795104265 37.78378716111183 46.171932339668274 127.99876023456454 -30.774511255323887
56.944230914115906 116.16504795104265 37.78378716111183 52.95367181301117 120.16687348112464 -9.94628369063139
53.10402965545654 105.89124023541808 46.285668917000294 44.269824147224426 136.4903684593737 -32.91192800551653
53.10402965545654 105.89124023541808 46.285668917000294 49.17997074127197 115.60524955019355 -10.432828344404697
53.10402965545654 105.89124023541808 46.285668917000294 46.14347767829895 137.0016459338367 -30.67666357010603
53.10402965545654 105.89124023541808 46.285668917000294 51.167179107666016 122.39866275340319 -11.133985064923763
53.10402965545654 105.89124023541808 46.285668917000294 43.75174701213837 130.9707598015666 -32.026995457708836
53.10402965545654 105.89124023541808 46.285668917000294 40.69889938831329 128.41199232265353 -31.401194222271442
53.10402965545654 105.89124023541808 46.285668917000294 53.573652267456055 120.79261736571789 -8.861042886972427
53.10402965545654 105.89124023541808 46.285668917000294 44.43352460861206 124.52952411025763 -23.96713910996914
53.10402965545654 105.89124023541808 46.285668917000294 48.917457938194275 113.64702665060759 -15.518585793673992
53.10402965545654 105.89124023541808 46.285668917000294 44.41981244087219 125.89547828957438 -22.946681134402752
52.8885715007782 104.50296927988529 47.2519167214632 39.22976815700531 127.138187777251 -31.58497004956007
52.8885715007782 104.50296927988529 47.2519167214632 44.16895115375519 135.11325589194894 -32.93903309106827
52.8885715007782 104.50296927988529 47.2519167214632 39.34435331821442 127.14934616535902 -32.57832293957472
52.8885715007782 104.50296927988529 47.2519167214632 50.00640022754669 131.76438193023205 -25.256419323384762
52.8885715007782 104.50296927988529 47.2519167214632 43.63613152503967 137.23057875409722 -32.976710833609104
52.8885715007782 104.50296927988529 47.2519167214632 47.99176752567291 127.70287708565593 -22.51434665173292
52.8885715007782 104.50296927988529 47.2519167214632 45.16809022426605 125.16642638295889 -23.875251196324825
52.8885715007782 104.50296927988529 47.2519167214632 47.20808660984039 139.03797755017877 -32.544376350939274
52.8885715007782 104.50296927988529 47.2519167214632 39.45893847942352 127.16050455346704 -33.57167582958937
52.8885715007782 104.50296927988529 47.2519167214632 44.38440930843353 136.50152684748173 -33.90528089553118
62.67179787158966 125.58417896181345 30.496711865067482 50.391292214393616 127.69999455660582 -31.29785192012787
62.67179787158966 125.58417896181345 30.496711865067482 53.733046650886536 135.75605391710997 -30.82187992334366
62.67179787158966 125.58417896181345 30.496711865067482 49.36781978607178 121.56580040231347 -32.491513065993786
62.67179787158966 125.58417896181345 30.496711865067482 48.74783933162689 120.94005651772022 -33.57675386965275
62.67179787158966 125.58417896181345 30.496711865067482 54.03875660896301 121.07445959746838 -24.91135986894369
62.67179787158966 125.58417896181345 30.496711865067482 50.60675036907196 129.0882655121386 -32.26409972459078
62.67179787158966 125.58417896181345 30.496711865067482 54.46761226654053 136.39295618981123 -30.729992009699345
62.67179787158966 125.58417896181345 30.496711865067482 49.87218475341797 128.45136323943734 -32.35598763823509
62.67179787158966 125.58417896181345 30.496711865067482 54.6587370634079 121.70020348206162 -23.82611906528473
62.67179787158966 125.58417896181345 30.496711865067482 54.773322224617004 121.71136187016964 -24.819471955299377
59.49065291881561 124.38020727410913 33.13632396608591 52.89187467098236 127.23385305702686 -16.920899234712124
59.49065291881561 124.38020727410913 33.13632396608591 56.335532426834106 130.39604764431715 -14.474753886461258
59.49065291881561 124.38020727410913 33.13632396608591 50.85555100440979 132.41244259104133 -26.157884299755096
59.49065291881561 124.38020727410913 33.13632396608591 49.630332589149475 123.52402330189943 -27.40575561672449
59.49065291881561 124.38020727410913 33.13632396608591 50.00640022754669 131.76438193023205 -25.256419323384762
59.49065291881561 124.38020727410913 33.13632396608591 49.65775692462921 120.79211494326591 -29.446671567857265
59.49065291881561 124.38020727410913 33.13632396608591 44.94568359851837 125.38131828606129 -33.9654508382082
59.49065291881561 124.38020727410913 33.13632396608591 49.905527234077454 130.38726936280727 -25.2835244089365
59.49065291881561 124.38020727410913 33.13632396608591 47.99956154823303 121.66910842433572 -32.648183807730675
59.49065291881561 124.38020727410913 33.13632396608591 51.78594446182251 131.1357555165887 -35.12516539543867
64.43292689323425 113.54234336689115 37.611465722322464 51.12585783004761 128.33689682930708 -31.205964006483555
64.43292689323425 113.54234336689115 37.611465722322464 60.91339027881622 122.49382561072707 -17.055542930960655
64.43292689323425 113.54234336689115 37.611465722322464 58.69701159000397 115.6780956313014 -14.367680430412292
64.43292689323425 113.54234336689115 37.611465722322464 50.4039740562439 132.6050177179277 -34.26137816160917
64.43292689323425 113.54234336689115 37.611465722322464 61.94465672969818 122.59425110369921 -25.99571894109249
64.43292689323425 113.54234336689115 37.611465722322464 57.632402658462524 113.64176401495934 -12.499967649579048
64.43292689323425 113.54234336689115 37.611465722322464 52.29133975505829 131.75034101307392 -33.04657170176506
64.43292689323425 113.54234336689115 37.611465722322464 51.77223229408264 132.50170969590545 -34.104707419872284
64.43292689323425 113.54234336689115 37.611465722322464 50.60675036907196 129.0882655121386 -32.26409972459078
64.43292689323425 113.54234336689115 37.611465722322464 55.621442675590515 128.63039987161756 -27.66400519758463
53.68860697746277 117.12303267791867 36.41230995953083 47.938979506492615 120.62473912164569 -14.546378217637539
53.68860697746277 117.12303267791867 36.41230995953083 55.96538293361664 126.82350349798799 -7.510710999369621
53.68860697746277 117.12303267791867 36.41230995953083 43.7380348443985 132.33671398088336 -31.00653748214245
53.68860697746277 117.12303267791867 36.41230995953083 45.72627353668213 132.85914984345436 -29.764625936746597
53.68860697746277 117.12303267791867 36.41230995953083 46.83407962322235 118.25566424056888 -30.80757611244917
53.68860697746277 117.12303267791867 36.41230995953083 48.347174525260925 138.9123527519405 -30.400999829173088
53.68860697746277 117.12303267791867 36.41230995953083 50.21715533733368 120.37348952516913 -10.259625174105167
53.68860697746277 117.12303267791867 36.41230995953083 53.573652267456055 120.79261736571789 -8.861042886972427
53.68860697746277 117.12303267791867 36.41230995953083 55.44627547264099 127.57487218081951 -8.568846717476845
53.68860697746277 117.12303267791867 36.41230995953083 55.80580377578735 113.70043848454952 -8.683226831257343
63.826658606529236 111.55064530298114 35.505766943097115 62.15908455848694 130.25349939987063 -28.905035011470318
63.826658606529236 111.55064530298114 35.505766943097115 59.82709038257599 129.6975883729756 -27.166887886822224
63.826658606529236 111.55064530298114 35.505766943097115 61.317912578582764 121.73129853978753 -15.004054322838783
63.826658606529236 111.55064530298114 35.505766943097115 54.13962960243225 122.45157216489315 -24.884254783391953
63.826658606529236 111.55064530298114 35.505766943097115 54.03875660896301 121.07445959746838 -24.91135986894369
63.826658606529236 111.55064530298114 35.505766943097115 60.79082632064819 130.35680742189288 -29.061705753207207
63.826658606529236 111.55064530298114 35.505766943097115 57.84786081314087 115.03003497049212 -13.466215454041958
63.826658606529236 111.55064530298114 35.505766943097115 58.91717278957367 129.8455299474299 -31.296970188617706
63.826658606529236 111.55064530298114 35.505766943097115 59.32169508934021 129.08300287649035 -29.245481580495834
63.826658606529236 111.55064530298114 35.505766943097115 60.17882466316223 121.85692333802581 -17.14743084460497
56.91680657863617 118.89695630967617 39.824703112244606 58.64892661571503 121.37912102788687 -22.362753950059414
56.91680657863617 118.89695630967617 39.824703112244606 60.56268632411957 124.06351330503821 -25.131931707262993
56.91680657863617 118.89695630967617 39.824703112244606 61.19637894630432 123.3233030103147 -25.067148879170418
56.91680657863617 118.89695630967617 39.824703112244606 62.5509250164032 124.58594916760921 -23.89002016186714
56.91680657863617 118.89695630967617 39.824703112244606 58.749799609184265 122.75623359531164 -22.335648864507675
56.91680657863617 118.89695630967617 39.824703112244606 58.58139610290527 121.93791458383203 -15.317395806312561
56.91680657863617 118.89695630967617 39.824703112244606 58.01523399353027 122.11933132261038 -22.42753677815199
56.91680657863617 118.89695630967617 39.824703112244606 62.67922234535217 123.23115337640047 -25.903831027448177
56.91680657863617 118.89695630967617 39.824703112244606 59.902599692344666 121.2646546177566 -21.212730318307877
56.91680657863617 118.89695630967617 39.824703112244606 59.44425904750824 121.22002106532454 -17.239318758249283
59.046024441719055 122.9696195423603 36.08927755057812 59.28261923789978 120.63891073316336 -22.29797112196684
59.046024441719055 122.9696195423603 36.08927755057812 60.07795166969299 120.47981077060103 -17.174535930156708
59.046024441719055 122.9696195423603 36.08927755057812 61.54708290100098 121.75361531600356 -16.99076010286808
59.046024441719055 122.9696195423603 36.08927755057812 62.45005202293396 123.20883660018444 -23.91712524741888
59.046024441719055 122.9696195423603 36.08927755057812 61.93094456195831 123.96020528301597 -24.975260965526104
59.046024441719055 122.9696195423603 36.08927755057812 61.081793785095215 123.31214462220669 -24.07379598915577
59.046024441719055 122.9696195423603 36.08927755057812 62.79277718067169 129.51328910514712 -28.840252183377743
59.046024441719055 122.9696195423603 36.08927755057812 61.094475626945496 128.21716778352857 -27.037322230637074
59.046024441719055 122.9696195423603 36.08927755057812 60.27969765663147 123.23403590545058 -17.12032575905323
59.046024441719055 122.9696195423603 36.08927755057812 60.56268632411957 124.06351330503821 -25.131931707262993
59.27519476413727 122.99193631857634 34.10257177054882 59.498077392578125 122.02718168869615 -23.26421892642975
59.27519476413727 122.99193631857634 34.10257177054882 61.43249773979187 121.74245692789555 -15.997407212853432
59.27519476413727 122.99193631857634 34.10257177054882 61.917232394218445 125.32615946233273 -23.954802989959717
59.27519476413727 122.99193631857634 34.10257177054882 61.94465672969818 122.59425110369921 -25.99571894109249
59.27519476413727 122.99193631857634 34.10257177054882 63.413787961006165 123.86805564910173 -25.811943113803864
59.27519476413727 122.99193631857634 34.10257177054882 61.411837100982666 124.71157396584749 -26.033396683633327
59.27519476413727 122.99193631857634 34.10257177054882 61.29725193977356 124.70041557773948 -25.04004379361868
59.27519476413727 122.99193631857634 34.10257177054882 63.29920279979706 123.85689726099372 -24.818590223789215
59.27519476413727 122.99193631857634 34.10257177054882 62.67922234535217 123.23115337640047 -25.903831027448177
59.27519476413727 122.99193631857634 34.10257177054882 60.751750469207764 121.91271527856588 -22.11419529467821
58.32517099380493 120.96676309034228 34.976931661367416 58.53434145450592 121.36796263977885 -21.369401060044765
58.32517099380493 120.96676309034228 34.976931661367416 59.44425904750824 121.22002106532454 -17.239318758249283
58.32517099380493 120.96676309034228 34.976931661367416 60.751750469207764 121.91271527856588 -22.11419529467821
58.32517099380493 120.96676309034228 34.976931661367416 60.13177001476288 121.28697139397264 -23.199436098337173
58.32517099380493 120.96676309034228 34.976931661367416 59.28261923789978 120.63891073316336 -22.29797112196684
58.32517099380493 120.96676309034228 34.976931661367416 61.29725193977356 124.70041557773948 -25.04004379361868
58.32517099380493 120.96676309034228 34.976931661367416 59.43054687976837 122.5859752446413 -16.218860782682896
58.32517099380493 120.96676309034228 34.976931661367416 60.44810116291046 124.0523549169302 -24.138578817248344
58.32517099380493 120.96676309034228 34.976931661367416 61.317912578582764 121.73129853978753 -15.004054322838783
58.32517099380493 120.96676309034228 34.976931661367416 59.36978006362915 123.38197747990489 -21.250408060848713
60.33980369567871 125.0282679349184 32.234858989715576 60.689953327178955 128.9796948544681 -29.088810838758945
60.33980369567871 125.0282679349184 32.234858989715576 61.71548640727997 122.57193432748318 -24.009013161063194
60.33980369567871 125.0282679349184 32.234858989715576 62.5509250164032 124.58594916760921 -23.89002016186714
60.33980369567871 125.0282679349184 32.234858989715576 62.04552972316742 123.97136367112398 -25.968613855540752
60.33980369567871 125.0282679349184 32.234858989715576 61.19637894630432 123.3233030103147 -25.067148879170418
60.33980369567871 125.0282679349184 32.234858989715576 61.943626403808594 128.86522844433784 -27.938787207007408
60.33980369567871 125.0282679349184 32.234858989715576 62.45005202293396 123.20883660018444 -23.91712524741888
60.33980369567871 125.0282679349184 32.234858989715576 61.019996643066406 130.3791241981089 -31.048411533236504
60.33980369567871 125.0282679349184 32.234858989715576 61.29725193977356 124.70041557773948 -25.04004379361868
60.33980369567871 125.0282679349184 32.234858989715576 61.82904124259949 128.85407005622983 -26.94543431699276
57.880542516708374 119.55617535859346 37.92988524585962 59.48436522483826 123.3931358680129 -22.24376095086336
57.880542516708374 119.55617535859346 37.92988524585962 60.17882466316223 121.85692333802581 -17.14743084460497
57.880542516708374 119.55617535859346 37.92988524585962 60.05052733421326 123.21171912923455 -15.133619979023933
57.880542516708374 119.55617535859346 37.92988524585962 59.21508872509003 121.19770428910851 -15.252612978219986
57.880542516708374 119.55617535859346 37.92988524585962 60.11805784702301 122.6529255732894 -22.178978122770786
57.880542516708374 119.55617535859346 37.92988524585962 60.003472685813904 122.64176718518138 -21.185625232756138
57.880542516708374 119.55617535859346 37.92988524585962 58.63521444797516 122.74507520720363 -21.342295974493027
57.880542516708374 119.55617535859346 37.92988524585962 60.27969765663147 123.23403590545058 -17.12032575905323
57.880542516708374 119.55617535859346 37.92988524585962 59.498077392578125 122.02718168869615 -23.26421892642975
57.880542516708374 119.55617535859346 37.92988524585962 59.28261923789978 120.63891073316336 -22.29797112196684
44.37434244155884 113.53343439102173 42.34444048255682 51.188685297966 114.99893991276622 -22.288280196487904
44.37434244155884 113.53343439102173 42.34444048255682 47.31308090686798 115.33118075504899 -24.744998201727867
44.37434244155884 113.53343439102173 42.34444048255682 49.76660871505737 114.29508731141686 -16.420050770044327
44.37434244155884 113.53343439102173 42.34444048255682 46.5040363073349 116.85623489692807 -28.84797541797161
44.37434244155884 113.53343439102173 42.34444048255682 50.177894711494446 113.76976891979575 -26.445467583835125
44.37434244155884 113.53343439102173 42.34444048255682 48.707733154296875 118.76694171503186 -28.57231167703867
44.37434244155884 113.53343439102173 42.34444048255682 45.76373732089996 109.71114660426974 -14.919889643788338
44.37434244155884 113.53343439102173 42.34444048255682 49.17997074127197 115.60524955019355 -10.432828344404697
44.37434244155884 113.53343439102173 42.34444048255682 46.94293141365051 111.75863660871983 -17.78095531463623
44.37434244155884 113.53343439102173 42.34444048255682 47.366899251937866 116.13834137842059 -30.769898369908333
57.76595735549927 119.54501697048545 38.92323813587427 60.79880511760712 122.48266722261906 -16.062190040946007
57.76595735549927 119.54501697048545 38.92323813587427 58.64892661571503 121.37912102788687 -22.362753950059414
57.76595735549927 119.54501697048545 38.92323813587427 58.63521444797516 122.74507520720363 -21.342295974493027
57.76595735549927 119.54501697048545 38.92323813587427 61.43249773979187 121.74245692789555 -15.997407212853432
57.76595735549927 119.54501697048545 38.92323813587427 61.830071568489075 122.58309271559119 -25.002366051077843
57.76595735549927 119.54501697048545 38.92323813587427 60.17882466316223 121.85692333802581 -17.14743084460497
57.76595735549927 119.54501697048545 38.92323813587427 60.63716530799866 121.90155689045787 -21.120842404663563
57.76595735549927 119.54501697048545 38.92323813587427 59.48436522483826 123.3931358680129 -22.24376095086336
57.76595735549927 119.54501697048545 38.92323813587427 59.43054687976837 122.5859752446413 -16.218860782682896
57.76595735549927 119.54501697048545 38.92323813587427 60.56268632411957 124.06351330503821 -25.131931707262993
59.14689743518829 124.34673210978508 36.116382636129856 61.411837100982666 124.71157396584749 -26.033396683633327
59.14689743518829 124.34673210978508 36.116382636129856 62.67922234535217 123.23115337640047 -25.903831027448177
59.14689743518829 124.34673210978508 36.116382636129856 61.31096410751343 123.33446139842272 -26.060501769185066
59.14689743518829 124.34673210978508 36.116382636129856 60.11805784702301 122.6529255732894 -22.178978122770786
59.14689743518829 124.34673210978508 36.116382636129856 60.79880511760712 122.48266722261906 -16.062190040946007
59.14689743518829 124.34673210978508 36.116382636129856 60.68421995639801 122.47150883451104 -15.068837150931358
59.14689743518829 124.34673210978508 36.116382636129856 62.14640271663666 125.34847623854876 -25.941508769989014
59.14689743518829 124.34673210978508 36.116382636129856 59.498077392578125 122.02718168869615 -23.26421892642975
59.14689743518829 124.34673210978508 36.116382636129856 61.081793785095215 123.31214462220669 -24.07379598915577
59.14689743518829 124.34673210978508 36.116382636129856 62.78009533882141 124.60826594382524 -25.87672594189644
57.26056206226349 118.93043147400022 36.84464444220066 62.564637184143066 123.21999498829246 -24.91047813743353
57.26056206226349 118.93043147400022 36.84464444220066 61.71548640727997 122.57193432748318 -24.009013161063194
57.26056206226349 118.93043147400022 36.84464444220066 60.064239501953125 121.8457649499178 -16.15407795459032
57.26056206226349 118.93043147400022 36.84464444220066 61.19637894630432 123.3233030103147 -25.067148879170418
57.26056206226349 118.93043147400022 36.84464444220066 59.38349223136902 122.01602330058813 -22.2708660364151
57.26056206226349 118.93043147400022 36.84464444220066 61.081793785095215 123.31214462220669 -24.07379598915577
57.26056206226349 118.93043147400022 36.84464444220066 60.86633563041687 121.9238736666739 -23.10754818469286
57.26056206226349 118.93043147400022 36.84464444220066 62.45005202293396 123.20883660018444 -23.91712524741888
57.26056206226349 118.93043147400022 36.84464444220066 60.812517285346985 121.1167130433023 -17.082648016512394
57.26056206226349 118.93043147400022 36.84464444220066 60.63716530799866 121.90155689045787 -21.120842404663563
58.94515144824982 121.59250697493553 36.06217246502638 58.64892661571503 121.37912102788687 -22.362753950059414
58.94515144824982 121.59250697493553 36.06217246502638 61.917232394218445 125.32615946233273 -23.954802989959717
58.94515144824982 121.59250697493553 36.06217246502638 61.18266677856445 124.68925718963146 -24.04669090360403
58.94515144824982 121.59250697493553 36.06217246502638 62.03181755542755 125.33731785044074 -24.948155879974365
58.94515144824982 121.59250697493553 36.06217246502638 63.413787961006165 123.86805564910173 -25.811943113803864
58.94515144824982 121.59250697493553 36.06217246502638 60.07795166969299 120.47981077060103 -17.174535930156708
58.94515144824982 121.59250697493553 36.06217246502638 60.63716530799866 121.90155689045787 -21.120842404663563
58.94515144824982 121.59250697493553 36.06217246502638 60.16511249542236 123.22287751734257 -16.126972869038582
58.94515144824982 121.59250697493553 36.06217246502638 61.094475626945496 128.21716778352857 -27.037322230637074
58.94515144824982 121.59250697493553 36.06217246502638 62.665510177612305 124.59710755571723 -24.88337305188179
59.49065291881561 124.38020727410913 33.13632396608591 61.411837100982666 124.71157396584749 -26.033396683633327
59.49065291881561 124.38020727410913 33.13632396608591 61.19637894630432 123.3233030103147 -25.067148879170418
59.49065291881561 124.38020727410913 33.13632396608591 61.830071568489075 122.58309271559119 -25.002366051077843
59.49065291881561 124.38020727410913 33.13632396608591 60.63716530799866 121.90155689045787 -21.120842404663563
59.49065291881561 124.38020727410913 33.13632396608591 62.665510177612305 124.59710755571723 -24.88337305188179
59.49065291881561 124.38020727410913 33.13632396608591 62.03181755542755 125.33731785044074 -24.948155879974365
59.49065291881561 124.38020727410913 33.13632396608591 62.45005202293396 123.20883660018444 -23.91712524741888
59.49065291881561 124.38020727410913 33.13632396608591 60.11805784702301 122.6529255732894 -22.178978122770786
59.49065291881561 124.38020727410913 33.13632396608591 60.56268632411957 124.06351330503821 -25.131931707262993
59.49065291881561 124.38020727410913 33.13632396608591 60.751750469207764 121.91271527856588 -22.11419529467821
59.16060960292816 122.98077793046832 35.09592466056347 59.36978006362915 123.38197747990489 -21.250408060848713
59.16060960292816 122.98077793046832 35.09592466056347 60.17882466316223 121.85692333802581 -17.14743084460497
59.16060960292816 122.98077793046832 35.09592466056347 61.43249773979187 121.74245692789555 -15.997407212853432
59.16060960292816 122.98077793046832 35.09592466056347 59.54513204097748 122.59713363274932 -17.212213672697544
59.16060960292816 122.98077793046832 35.09592466056347 62.564637184143066 123.21999498829246 -24.91047813743353
59.16060960292816 122.98077793046832 35.09592466056347 62.04552972316742 123.97136367112398 -25.968613855540752
59.16060960292816 122.98077793046832 35.09592466056347 61.094475626945496 128.21716778352857 -27.037322230637074
59.16060960292816 122.98077793046832 35.09592466056347 62.03181755542755 125.33731785044074 -24.948155879974365
59.16060960292816 122.98077793046832 35.09592466056347 61.71548640727997 122.57193432748318 -24.009013161063194
59.16060960292816 122.98077793046832 35.09592466056347 61.81635940074921 123.94904689490795 -23.981908075511456
58.958863615989685 120.22655279561877 35.04171448945999 60.812517285346985 121.1167130433023 -17.082648016512394
58.958863615989685 120.22655279561877 35.04171448945999 59.94965434074402 121.83460656180978 -15.160725064575672
58.958863615989685 120.22655279561877 35.04171448945999 59.84878134727478 120.457493994385 -15.187830150127411
58.958863615989685 120.22655279561877 35.04171448945999 59.38349223136902 122.01602330058813 -22.2708660364151
58.958863615989685 120.22655279561877 35.04171448945999 60.58334696292877 121.09439626708627 -15.095942236483097
58.958863615989685 120.22655279561877 35.04171448945999 59.96336650848389 120.46865238249302 -16.18118304014206
58.958863615989685 120.22655279561877 35.04171448945999 60.05052733421326 123.21171912923455 -15.133619979023933
58.958863615989685 120.22655279561877 35.04171448945999 60.07795166969299 120.47981077060103 -17.174535930156708
58.958863615989685 120.22655279561877 35.04171448945999 59.28261923789978 120.63891073316336 -22.29797112196684
58.958863615989685 120.22655279561877 35.04171448945999 59.498077392578125 122.02718168869615 -23.26421892642975
58.84427845478058 120.21539440751076 36.03506737947464 58.76351177692413 121.39027941599488 -23.356106840074062
58.84427845478058 120.21539440751076 36.03506737947464 59.168034076690674 120.62775234505534 -21.30461823195219
58.84427845478058 120.21539440751076 36.03506737947464 59.96336650848389 120.46865238249302 -16.18118304014206
58.84427845478058 120.21539440751076 36.03506737947464 60.58334696292877 121.09439626708627 -15.095942236483097
58.84427845478058 120.21539440751076 36.03506737947464 59.44425904750824 121.22002106532454 -17.239318758249283
58.84427845478058 120.21539440751076 36.03506737947464 60.13177001476288 121.28697139397264 -23.199436098337173
58.84427845478058 120.21539440751076 36.03506737947464 60.812517285346985 121.1167130433023 -17.082648016512394
58.84427845478058 120.21539440751076 36.03506737947464 59.54513204097748 122.59713363274932 -17.212213672697544
58.84427845478058 120.21539440751076 36.03506737947464 60.07795166969299 120.47981077060103 -17.174535930156708
58.84427845478058 120.21539440751076 36.03506737947464 58.86438477039337 122.76739198341966 -23.329001754522324
44.04429912567139 112.13400504738092 44.30404117703438 48.72144532203674 117.4009875357151 -29.592769652605057
44.04429912567139 112.13400504738092 44.30404117703438 48.14851951599121 117.34519559517503 -24.626005202531815
44.04429912567139 112.13400504738092 44.30404117703438 48.44540512561798 114.96834727749228 -10.524716258049011
44.04429912567139 112.13400504738092 44.30404117703438 47.919349193573 117.322878818959 -22.639299422502518
44.04429912567139 112.13400504738092 44.30404117703438 49.36781978607178 121.56580040231347 -32.491513065993786
44.04429912567139 112.13400504738092 44.30404117703438 50.07599139213562 118.66363369300961 -28.41564093530178
44.04429912567139 112.13400504738092 44.30404117703438 48.55304181575775 116.58266852423549 -22.574516594409943
44.04429912567139 112.13400504738092 44.30404117703438 47.454060077667236 118.88140812516212 -29.722335308790207
44.04429912567139 112.13400504738092 44.30404117703438 48.782212138175964 116.60498530045152 -24.56122237443924
44.04429912567139 112.13400504738092 44.30404117703438 49.32771360874176 119.39268559962511 -27.487070873379707
41.334176659584045 115.87969007343054 40.00671547651291 47.946773529052734 114.59097046032548 -24.680215373635292
41.334176659584045 115.87969007343054 40.00671547651291 45.87034368515015 117.59644519165158 -28.912758246064186
41.334176659584045 115.87969007343054 40.00671547651291 49.55791425704956 113.1440250352025 -27.530708387494087
41.334176659584045 115.87969007343054 40.00671547651291 44.09653282165527 124.73325762525201 -33.063985861837864
41.334176659584045 115.87969007343054 40.00671547651291 43.85486543178558 117.96554614976048 -4.98040097206831
41.334176659584045 115.87969007343054 40.00671547651291 48.82334864139557 112.50712276250124 -27.6225963011384
41.334176659584045 115.87969007343054 40.00671547651291 48.91050946712494 115.25018950924277 -26.575033240020275
41.334176659584045 115.87969007343054 40.00671547651291 47.83218836784363 114.57981207221746 -23.686862483620644
41.334176659584045 115.87969007343054 40.00671547651291 48.290529012680054 114.62444562464952 -27.660274043679237
41.334176659584045 115.87969007343054 40.00671547651291 46.56480312347412 116.06023266166449 -23.816428139805794
59.376067757606506 124.36904888600111 34.12967685610056 61.54708290100098 121.75361531600356 -16.99076010286808
59.376067757606506 124.36904888600111 34.12967685610056 62.45005202293396 123.20883660018444 -23.91712524741888
59.376067757606506 124.36904888600111 34.12967685610056 61.43249773979187 121.74245692789555 -15.997407212853432
59.376067757606506 124.36904888600111 34.12967685610056 62.67922234535217 123.23115337640047 -25.903831027448177
59.376067757606506 124.36904888600111 34.12967685610056 60.68421995639801 122.47150883451104 -15.068837150931358
59.376067757606506 124.36904888600111 34.12967685610056 60.751750469207764 121.91271527856588 -22.11419529467821
59.376067757606506 124.36904888600111 34.12967685610056 61.31096410751343 123.33446139842272 -26.060501769185066
59.376067757606506 124.36904888600111 34.12967685610056 63.29920279979706 123.85689726099372 -24.818590223789215
59.376067757606506 124.36904888600111 34.12967685610056 61.71548640727997 122.57193432748318 -24.009013161063194
59.376067757606506 124.36904888600111 34.12967685610056 60.003472685813904 122.64176718518138 -21.185625232756138
46.78081560134888 111.92738900333643 44.617382660508156 48.681339144706726 115.22787273302674 -24.58832745999098
46.78081560134888 111.92738900333643 44.617382660508156 49.025094628334045 115.26134789735079 -27.568386130034924
46.78081560134888 111.92738900333643 44.617382660508156 51.93019938468933 114.0326793268323 -11.139944836497307
46.78081560134888 111.92738900333643 44.617382660508156 47.31308090686798 115.33118075504899 -24.744998201727867
46.78081560134888 111.92738900333643 44.617382660508156 48.033934354782104 117.33403720706701 -23.632652312517166
46.78081560134888 111.92738900333643 44.617382660508156 49.54420208930969 114.50997921451926 -26.5102504119277
46.78081560134888 111.92738900333643 44.617382660508156 48.51866900920868 120.91773974150419 -31.59004808962345
46.78081560134888 111.92738900333643 44.617382660508156 52.159369707107544 114.05499610304832 -13.126650616526604
46.78081560134888 111.92738900333643 44.617382660508156 46.09951400756836 117.61876196786761 -30.899464026093483
46.78081560134888 111.92738900333643 44.617382660508156 48.92422163486481 113.88423532992601 -27.595491215586662
60.1106333732605 125.00595115870237 34.22156476974487 60.56268632411957 124.06351330503821 -25.131931707262993
60.1106333732605 125.00595115870237 34.22156476974487 61.943626403808594 128.86522844433784 -27.938787207007408
60.1106333732605 125.00595115870237 34.22156476974487 61.195348620414734 129.59428035095334 -27.010217145085335
60.1106333732605 125.00595115870237 34.22156476974487 62.03181755542755 125.33731785044074 -24.948155879974365
60.1106333732605 125.00595115870237 34.22156476974487 61.30993378162384 129.60543873906136 -28.003570035099983
60.1106333732605 125.00595115870237 34.22156476974487 62.04449939727783 130.24234101176262 -27.91168212145567
60.1106333732605 125.00595115870237 34.22156476974487 61.71548640727997 122.57193432748318 -24.009013161063194
60.1106333732605 125.00595115870237 34.22156476974487 61.31096410751343 123.33446139842272 -26.060501769185066
60.1106333732605 125.00595115870237 34.22156476974487 60.46078300476074 128.95737807825208 -27.10210505872965
60.1106333732605 125.00595115870237 34.22156476974487 62.04552972316742 123.97136367112398 -25.968613855540752
58.51423513889313 118.81596506386995 37.9946680739522 61.411837100982666 124.71157396584749 -26.033396683633327
58.51423513889313 118.81596506386995 37.9946680739522 58.86438477039337 122.76739198341966 -23.329001754522324
58.51423513889313 118.81596506386995 37.9946680739522 58.749799609184265 122.75623359531164 -22.335648864507675
58.51423513889313 118.81596506386995 37.9946680739522 59.59895038604736 123.40429425612092 -23.23711384087801
58.51423513889313 118.81596506386995 37.9946680739522 59.48436522483826 123.3931358680129 -22.24376095086336
58.51423513889313 118.81596506386995 37.9946680739522 60.79880511760712 122.48266722261906 -16.062190040946007
58.51423513889313 118.81596506386995 37.9946680739522 60.17882466316223 121.85692333802581 -17.14743084460497
58.51423513889313 118.81596506386995 37.9946680739522 60.677271485328674 124.07467169314623 -26.12528459727764
58.51423513889313 118.81596506386995 37.9946680739522 59.36978006362915 123.38197747990489 -21.250408060848713
58.51423513889313 118.81596506386995 37.9946680739522 59.94965434074402 121.83460656180978 -15.160725064575672
56.6405816078186 118.30468758940697 35.7594036385417 59.94965434074402 121.83460656180978 -15.160725064575672
56.6405816078186 118.30468758940697 35.7594036385417 58.53434145450592 121.36796263977885 -21.369401060044765
56.6405816078186 118.30468758940697 35.7594036385417 60.56268632411957 124.06351330503821 -25.131931707262993
56.6405816078186 118.30468758940697 35.7594036385417 59.44425904750824 121.22002106532454 -17.239318758249283
56.6405816078186 118.30468758940697 35.7594036385417 59.21508872509003 121.19770428910851 -15.252612978219986
56.6405816078186 118.30468758940697 35.7594036385417 60.86633563041687 121.9238736666739 -23.10754818469286
56.6405816078186 118.30468758940697 35.7594036385417 60.07795166969299 120.47981077060103 -17.174535930156708
56.6405816078186 118.30468758940697 35.7594036385417 58.12981915473938 122.1304897107184 -23.420889668166637
56.6405816078186 118.30468758940697 35.7594036385417 60.63716530799866 121.90155689045787 -21.120842404663563
56.6405816078186 118.30468758940697 35.7594036385417 58.63521444797516 122.74507520720363 -21.342295974493027
57.375147223472595 118.94158986210823 35.85129155218601 61.411837100982666 124.71157396584749 -26.033396683633327
57.375147223472595 118.94158986210823 35.85129155218601 58.69598126411438 121.94907297194004 -16.31074869632721
57.375147223472595 118.94158986210823 35.85129155218601 60.003472685813904 122.64176718518138 -21.185625232756138
57.375147223472595 118.94158986210823 35.85129155218601 60.86633563041687 121.9238736666739 -23.10754818469286
57.375147223472595 118.94158986210823 35.85129155218601 58.53434145450592 121.36796263977885 -21.369401060044765
57.375147223472595 118.94158986210823 35.85129155218601 60.17882466316223 121.85692333802581 -17.14743084460497
57.375147223472595 118.94158986210823 35.85129155218601 60.01718485355377 121.27581300586462 -22.206083208322525
57.375147223472595 118.94158986210823 35.85129155218601 58.810566425323486 121.96023136004806 -17.304101586341858
57.375147223472595 118.94158986210823 35.85129155218601 60.79880511760712 122.48266722261906 -16.062190040946007
57.375147223472595 118.94158986210823 35.85129155218601 60.812517285346985 121.1167130433023 -17.082648016512394
61.0743693113327 125.66517020761967 32.32674690335989 61.32364594936371 128.2394845597446 -29.02402801066637
61.0743693113327 125.66517020761967 32.32674690335989 63.29920279979706 123.85689726099372 -24.818590223789215
61.0743693113327 125.66517020761967 32.32674690335989 62.678192019462585 129.5021307170391 -27.846899293363094
61.0743693113327 125.66517020761967 32.32674690335989 61.2090607881546 128.22832617163658 -28.030675120651722
61.0743693113327 125.66517020761967 32.32674690335989 62.564637184143066 123.21999498829246 -24.91047813743353
61.0743693113327 125.66517020761967 32.32674690335989 62.56360685825348 129.4909723289311 -26.853546403348446
61.0743693113327 125.66517020761967 32.32674690335989 62.0582115650177 128.87638683244586 -28.932140097022057
61.0743693113327 125.66517020761967 32.32674690335989 61.81635940074921 123.94904689490795 -23.981908075511456
61.0743693113327 125.66517020761967 32.32674690335989 61.411837100982666 124.71157396584749 -26.033396683633327
61.0743693113327 125.66517020761967 32.32674690335989 61.82904124259949 128.85407005622983 -26.94543431699276
58.210585832595825 120.95560470223427 35.970284551382065 59.94965434074402 121.83460656180978 -15.160725064575672
58.210585832595825 120.95560470223427 35.970284551382065 61.19637894630432 123.3233030103147 -25.067148879170418
58.210585832595825 120.95560470223427 35.970284551382065 59.498077392578125 122.02718168869615 -23.26421892642975
58.210585832595825 120.95560470223427 35.970284551382065 58.810566425323486 121.96023136004806 -17.304101586341858
58.210585832595825 120.95560470223427 35.970284551382065 60.751750469207764 121.91271527856588 -22.11419529467821
58.210585832595825 120.95560470223427 35.970284551382065 58.63521444797516 122.74507520720363 -21.342295974493027
58.210585832595825 120.95560470223427 35.970284551382065 58.53434145450592 121.36796263977885 -21.369401060044765
58.210585832595825 120.95560470223427 35.970284551382065 60.56268632411957 124.06351330503821 -25.131931707262993
58.210585832595825 120.95560470223427 35.970284551382065 62.14640271663666 125.34847623854876 -25.941508769989014
58.210585832595825 120.95560470223427 35.970284551382065 61.917232394218445 125.32615946233273 -23.954802989959717
46.03253781795502 112.65644090995193 45.54595272243023 46.32295095920563 111.13289272412658 -18.866196118295193
46.03253781795502 112.65644090995193 45.54595272243023 49.186734437942505 115.84245822951198 -22.509733766317368
46.03253781795502 112.65644090995193 45.54595272243023 47.797815561294556 118.91488328948617 -32.70239397883415
46.03253781795502 112.65644090995193 45.54595272243023 47.29936873912811 116.69713493436575 -23.72454022616148
46.03253781795502 112.65644090995193 45.54595272243023 45.87034368515015 117.59644519165158 -28.912758246064186
46.03253781795502 112.65644090995193 45.54595272243023 46.83407962322235 118.25566424056888 -30.80757611244917
46.03253781795502 112.65644090995193 45.54595272243023 46.618621468544006 116.86739328503609 -29.84132830798626
46.03253781795502 112.65644090995193 45.54595272243023 45.588385343551636 110.49599045142531 -18.958084031939507
46.03253781795502 112.65644090995193 45.54595272243023 46.72747325897217 110.37036565318704 -16.81470751017332
46.03253781795502 112.65644090995193 45.54595272243023 48.202337861061096 118.15235621854663 -30.65090537071228
57.65137219429016 119.53385858237743 39.91659102588892 60.01718485355377 121.27581300586462 -22.206083208322525
57.65137219429016 119.53385858237743 39.91659102588892 60.79880511760712 122.48266722261906 -16.062190040946007
57.65137219429016 119.53385858237743 39.91659102588892 60.064239501953125 121.8457649499178 -16.15407795459032
57.65137219429016 119.53385858237743 39.91659102588892 61.2090607881546 128.22832617163658 -28.030675120651722
57.65137219429016 119.53385858237743 39.91659102588892 59.94965434074402 121.83460656180978 -15.160725064575672
57.65137219429016 119.53385858237743 39.91659102588892 58.01523399353027 122.11933132261038 -22.42753677815199
57.65137219429016 119.53385858237743 39.91659102588892 60.003472685813904 122.64176718518138 -21.185625232756138
57.65137219429016 119.53385858237743 39.91659102588892 58.64892661571503 121.37912102788687 -22.362753950059414
57.65137219429016 119.53385858237743 39.91659102588892 61.94465672969818 122.59425110369921 -25.99571894109249
57.65137219429016 119.53385858237743 39.91659102588892 60.751750469207764 121.91271527856588 -22.11419529467821
57.14597690105438 118.9192730858922 37.83799733221531 58.53434145450592 121.36796263977885 -21.369401060044765
57.14597690105438 118.9192730858922 37.83799733221531 60.751750469207764 121.91271527856588 -22.11419529467821
57.14597690105438 118.9192730858922 37.83799733221531 61.31096410751343 123.33446139842272 -26.060501769185066
57.14597690105438 118.9192730858922 37.83799733221531 58.749799609184265 122.75623359531164 -22.335648864507675
57.14597690105438 118.9192730858922 37.83799733221531 61.54708290100098 121.75361531600356 -16.99076010286808
57.14597690105438 118.9192730858922 37.83799733221531 60.58334696292877 121.09439626708627 -15.095942236483097
57.14597690105438 118.9192730858922 37.83799733221531 57.90064883232117 122.10817293450236 -21.43418388813734
57.14597690105438 118.9192730858922 37.83799733221531 61.19637894630432 123.3233030103147 -25.067148879170418
57.14597690105438 118.9192730858922 37.83799733221531 62.564637184143066 123.21999498829246 -24.91047813743353
57.14597690105438 118.9192730858922 37.83799733221531 60.05052733421326 123.21171912923455 -15.133619979023933
58.10971283912659 119.5784921348095 35.943179465830326 58.63521444797516 122.74507520720363 -21.342295974493027
58.10971283912659 119.5784921348095 35.943179465830326 60.68421995639801 122.47150883451104 -15.068837150931358
58.10971283912659 119.5784921348095 35.943179465830326 60.56268632411957 124.06351330503821 -25.131931707262993
58.10971283912659 119.5784921348095 35.943179465830326 61.081793785095215 123.31214462220669 -24.07379598915577
58.10971283912659 119.5784921348095 35.943179465830326 61.43249773979187 121.74245692789555 -15.997407212853432
58.10971283912659 119.5784921348095 35.943179465830326 61.317912578582764 121.73129853978753 -15.004054322838783
58.10971283912659 119.5784921348095 35.943179465830326 58.86438477039337 122.76739198341966 -23.329001754522324
58.10971283912659 119.5784921348095 35.943179465830326 61.71548640727997 122.57193432748318 -24.009013161063194
58.10971283912659 119.5784921348095 35.943179465830326 61.411837100982666 124.71157396584749 -26.033396683633327
58.10971283912659 119.5784921348095 35.943179465830326 60.11805784702301 122.6529255732894 -22.178978122770786
59.05973660945892 121.60366536304355 35.06881957501173 61.094475626945496 128.21716778352857 -27.037322230637074
59.05973660945892 121.60366536304355 35.06881957501173 60.44810116291046 124.0523549169302 -24.138578817248344
59.05973660945892 121.60366536304355 35.06881957501173 61.917232394218445 125.32615946233273 -23.954802989959717
59.05973660945892 121.60366536304355 35.06881957501173 59.94965434074402 121.83460656180978 -15.160725064575672
59.05973660945892 121.60366536304355 35.06881957501173 59.59895038604736 123.40429425612092 -23.23711384087801
59.05973660945892 121.60366536304355 35.06881957501173 60.13177001476288 121.28697139397264 -23.199436098337173
59.05973660945892 121.60366536304355 35.06881957501173 60.23264300823212 122.66408396139741 -23.172331012785435
59.05973660945892 121.60366536304355 35.06881957501173 60.91339027881622 122.49382561072707 -17.055542930960655
59.05973660945892 121.60366536304355 35.06881957501173 60.58334696292877 121.09439626708627 -15.095942236483097
59.05973660945892 121.60366536304355 35.06881957501173 62.67922234535217 123.23115337640047 -25.903831027448177
56.5259964466095 118.29352920129895 36.75275652855635 59.94965434074402 121.83460656180978 -15.160725064575672
56.5259964466095 118.29352920129895 36.75275652855635 61.94465672969818 122.59425110369921 -25.99571894109249
56.5259964466095 118.29352920129895 36.75275652855635 59.32967388629913 121.20886267721653 -16.245965868234634
56.5259964466095 118.29352920129895 36.75275652855635 60.003472685813904 122.64176718518138 -21.185625232756138
56.5259964466095 118.29352920129895 36.75275652855635 59.59895038604736 123.40429425612092 -23.23711384087801
56.5259964466095 118.29352920129895 36.75275652855635 60.17882466316223 121.85692333802581 -17.14743084460497
56.5259964466095 118.29352920129895 36.75275652855635 61.830071568489075 122.58309271559119 -25.002366051077843
56.5259964466095 118.29352920129895 36.75275652855635 60.69793212413788 121.10555465519428 -16.089295126497746
56.5259964466095 118.29352920129895 36.75275652855635 61.31096410751343 123.33446139842272 -26.060501769185066
56.5259964466095 118.29352920129895 36.75275652855635 59.44425904750824 121.22002106532454 -17.239318758249283
61.303539633750916 125.6874869838357 30.340041123330593 63.18461763858795 123.8457388728857 -23.825237333774567
61.303539633750916 125.6874869838357 30.340041123330593 62.45005202293396 123.20883660018444 -23.91712524741888
61.303539633750916 125.6874869838357 30.340041123330593 61.93094456195831 123.96020528301597 -24.975260965526104
61.303539633750916 125.6874869838357 30.340041123330593 61.82904124259949 128.85407005622983 -26.94543431699276
61.303539633750916 125.6874869838357 30.340041123330593 62.03181755542755 125.33731785044074 -24.948155879974365
61.303539633750916 125.6874869838357 30.340041123330593 61.2090607881546 128.22832617163658 -28.030675120651722
61.303539633750916 125.6874869838357 30.340041123330593 62.67922234535217 123.23115337640047 -25.903831027448177
61.303539633750916 125.6874869838357 30.340041123330593 62.5509250164032 124.58594916760921 -23.89002016186714
61.303539633750916 125.6874869838357 30.340041123330593 61.943626403808594 128.86522844433784 -27.938787207007408
61.303539633750916 125.6874869838357 30.340041123330593 61.917232394218445 125.32615946233273 -23.954802989959717
57.99512767791748 119.56733374670148 36.936532355844975 60.86633563041687 121.9238736666739 -23.10754818469286
57.99512767791748 119.56733374670148 36.936532355844975 59.902599692344666 121.2646546177566 -21.212730318307877
57.99512767791748 119.56733374670148 36.936532355844975 60.17882466316223 121.85692333802581 -17.14743084460497
57.99512767791748 119.56733374670148 36.936532355844975 58.64892661571503 121.37912102788687 -22.362753950059414
57.99512767791748 119.56733374670148 36.936532355844975 58.63521444797516 122.74507520720363 -21.342295974493027
57.99512767791748 119.56733374670148 36.936532355844975 58.58139610290527 121.93791458383203 -15.317395806312561
57.99512767791748 119.56733374670148 36.936532355844975 59.43054687976837 122.5859752446413 -16.218860782682896
57.99512767791748 119.56733374670148 36.936532355844975 61.31096410751343 123.33446139842272 -26.060501769185066
57.99512767791748 119.56733374670148 36.936532355844975 60.677271485328674 124.07467169314623 -26.12528459727764
57.99512767791748 119.56733374670148 36.936532355844975 58.53434145450592 121.36796263977885 -21.369401060044765
60.00976037979126 123.6288385912776 34.194459684193134 62.0582115650177 128.87638683244586 -28.932140097022057
60.00976037979126 123.6288385912776 34.194459684193134 61.2090607881546 128.22832617163658 -28.030675120651722
60.00976037979126 123.6288385912776 34.194459684193134 62.03181755542755 125.33731785044074 -24.948155879974365
60.00976037979126 123.6288385912776 34.194459684193134 60.56268632411957 124.06351330503821 -25.131931707262993
60.00976037979126 123.6288385912776 34.194459684193134 62.56360685825348 129.4909723289311 -26.853546403348446
60.00976037979126 123.6288385912776 34.194459684193134 61.943626403808594 128.86522844433784 -27.938787207007408
60.00976037979126 123.6288385912776 34.194459684193134 62.79277718067169 129.51328910514712 -28.840252183377743
60.00976037979126 123.6288385912776 34.194459684193134 60.44810116291046 124.0523549169302 -24.138578817248344
60.00976037979126 123.6288385912776 34.194459684193134 61.29725193977356 124.70041557773948 -25.04004379361868
60.00976037979126 123.6288385912776 34.194459684193134 61.917232394218445 125.32615946233273 -23.954802989959717
42.905211210250854 112.2596298456192 42.16066465526819 48.707733154296875 118.76694171503186 -28.57231167703867
42.905211210250854 112.2596298456192 42.16066465526819 47.797815561294556 118.91488328948617 -32.70239397883415
42.905211210250854 112.2596298456192 42.16066465526819 47.56864523887634 118.89256651327014 -30.715688198804855
42.905211210250854 112.2596298456192 42.16066465526819 47.898688554763794 120.29199585691094 -32.67528889328241
42.905211210250854 112.2596298456192 42.16066465526819 47.919349193573 117.322878818959 -22.639299422502518
42.905211210250854 112.2596298456192 42.16066465526819 49.36781978607178 121.56580040231347 -32.491513065993786
42.905211210250854 112.2596298456192 42.16066465526819 47.33947491645813 118.87024973705411 -28.72898241877556
42.905211210250854 112.2596298456192 42.16066465526819 47.97316753864288 118.1300394423306 -28.664199590682983
42.905211210250854 112.2596298456192 42.16066465526819 47.99956154823303 121.66910842433572 -32.648183807730675
42.905211210250854 112.2596298456192 42.16066465526819 48.80860614776611 120.14405428245664 -28.54520659148693
55.953070640563965 118.23773726075888 41.71952097862959 60.56268632411957 124.06351330503821 -25.131931707262993
55.953070640563965 118.23773726075888 41.71952097862959 59.168034076690674 120.62775234505534 -21.30461823195219
55.953070640563965 118.23773726075888 41.71952097862959 58.58139610290527 121.93791458383203 -15.317395806312561
55.953070640563965 118.23773726075888 41.71952097862959 61.54708290100098 121.75361531600356 -16.99076010286808
55.953070640563965 118.23773726075888 41.71952097862959 60.27969765663147 123.23403590545058 -17.12032575905323
55.953070640563965 118.23773726075888 41.71952097862959 59.26890707015991 122.00486491248012 -21.27751314640045
55.953070640563965 118.23773726075888 41.71952097862959 60.23264300823212 122.66408396139741 -23.172331012785435
55.953070640563965 118.23773726075888 41.71952097862959 60.812517285346985 121.1167130433023 -17.082648016512394
55.953070640563965 118.23773726075888 41.71952097862959 60.63716530799866 121.90155689045787 -21.120842404663563
55.953070640563965 118.23773726075888 41.71952097862959 61.29725193977356 124.70041557773948 -25.04004379361868
55.15773820877075 118.3968372233212 36.59608578681946 58.01523399353027 122.11933132261038 -22.42753677815199
55.15773820877075 118.3968372233212 36.59608578681946 59.21508872509003 121.19770428910851 -15.252612978219986
55.15773820877075 118.3968372233212 36.59608578681946 58.53434145450592 121.36796263977885 -21.369401060044765
55.15773820877075 118.3968372233212 36.59608578681946 58.12981915473938 122.1304897107184 -23.420889668166637
55.15773820877075 118.3968372233212 36.59608578681946 55.507887840270996 122.3482641428709 -24.727584041655064
55.15773820877075 118.3968372233212 36.59608578681946 58.749799609184265 122.75623359531164 -22.335648864507675
55.15773820877075 118.3968372233212 36.59608578681946 59.36978006362915 123.38197747990489 -21.250408060848713
55.15773820877075 118.3968372233212 36.59608578681946 58.810566425323486 121.96023136004806 -17.304101586341858
55.15773820877075 118.3968372233212 36.59608578681946 60.01718485355377 121.27581300586462 -22.206083208322525
55.15773820877075 118.3968372233212 36.59608578681946 60.23264300823212 122.66408396139741 -23.172331012785435
56.80222141742706 118.88579792156816 40.818056002259254 62.03181755542755 125.33731785044074 -24.948155879974365
56.80222141742706 118.88579792156816 40.818056002259254 58.69701159000397 115.6780956313014 -14.367680430412292
56.80222141742706 118.88579792156816 40.818056002259254 60.13177001476288 121.28697139397264 -23.199436098337173
56.80222141742706 118.88579792156816 40.818056002259254 59.44425904750824 121.22002106532454 -17.239318758249283
56.80222141742706 118.88579792156816 40.818056002259254 60.91339027881622 122.49382561072707 -17.055542930960655
56.80222141742706 118.88579792156816 40.818056002259254 61.18266677856445 124.68925718963146 -24.04669090360403
56.80222141742706 118.88579792156816 40.818056002259254 58.63521444797516 122.74507520720363 -21.342295974493027
56.80222141742706 118.88579792156816 40.818056002259254 58.12981915473938 122.1304897107184 -23.420889668166637
56.80222141742706 118.88579792156816 40.818056002259254 59.38349223136902 122.01602330058813 -22.2708660364151
56.80222141742706 118.88579792156816 40.818056002259254 58.58139610290527 121.93791458383203 -15.317395806312561
57.866830348968506 120.92212953791022 38.95034322142601 62.665510177612305 124.59710755571723 -24.88337305188179
57.866830348968506 120.92212953791022 38.95034322142601 61.93094456195831 123.96020528301597 -24.975260965526104
57.866830348968506 120.92212953791022 38.95034322142601 59.902599692344666 121.2646546177566 -21.212730318307877
57.866830348968506 120.92212953791022 38.95034322142601 62.67922234535217 123.23115337640047 -25.903831027448177
57.866830348968506 120.92212953791022 38.95034322142601 61.18266677856445 124.68925718963146 -24.04669090360403
57.866830348968506 120.92212953791022 38.95034322142601 58.01523399353027 122.11933132261038 -22.42753677815199
57.866830348968506 120.92212953791022 38.95034322142601 62.78009533882141 124.60826594382524 -25.87672594189644
57.866830348968506 120.92212953791022 38.95034322142601 59.168034076690674 120.62775234505534 -21.30461823195219
57.866830348968506 120.92212953791022 38.95034322142601 59.43054687976837 122.5859752446413 -16.218860782682896
57.866830348968506 120.92212953791022 38.95034322142601 60.91339027881622 122.49382561072707 -17.055542930960655
56.41141128540039 118.28237081319094 37.746109418570995 62.04552972316742 123.97136367112398 -25.968613855540752
56.41141128540039 118.28237081319094 37.746109418570995 59.54513204097748 122.59713363274932 -17.212213672697544
56.41141128540039 118.28237081319094 37.746109418570995 59.315961718559265 122.57481685653329 -15.225507892668247
56.41141128540039 118.28237081319094 37.746109418570995 59.28261923789978 120.63891073316336 -22.29797112196684
56.41141128540039 118.28237081319094 37.746109418570995 58.58139610290527 121.93791458383203 -15.317395806312561
56.41141128540039 118.28237081319094 37.746109418570995 60.677271485328674 124.07467169314623 -26.12528459727764
56.41141128540039 118.28237081319094 37.746109418570995 59.94965434074402 121.83460656180978 -15.160725064575672
56.41141128540039 118.28237081319094 37.746109418570995 59.902599692344666 121.2646546177566 -21.212730318307877
56.41141128540039 118.28237081319094 37.746109418570995 58.467841267585754 115.65577885508537 -12.380974650382996
56.41141128540039 118.28237081319094 37.746109418570995 57.90064883232117 122.10817293450236 -21.43418388813734
44.145172119140625 113.5111176148057 44.33114626258612 48.80860614776611 120.14405428245664 -28.54520659148693
44.145172119140625 113.5111176148057 44.33114626258612 45.03387475013733 121.85340769216418 -30.974819511175156
44.145172119140625 113.5111176148057 44.33114626258612 44.49635207653046 111.19156719371676 -15.049455299973488
44.145172119140625 113.5111176148057 44.33114626258612 46.09951400756836 117.61876196786761 -30.899464026093483
44.145172119140625 113.5111176148057 44.33114626258612 51.923250913619995 115.63584218546748 -22.19639228284359
44.145172119140625 113.5111176148057 44.33114626258612 47.898688554763794 120.29199585691094 -32.67528889328241
44.145172119140625 113.5111176148057 44.33114626258612 48.79592430591583 115.23903112113476 -25.581680350005627
44.145172119140625 113.5111176148057 44.33114626258612 44.61093723773956 111.20272558182478 -16.042808189988136
44.145172119140625 113.5111176148057 44.33114626258612 47.946773529052734 114.59097046032548 -24.680215373635292
44.145172119140625 113.5111176148057 44.33114626258612 49.54420208930969 114.50997921451926 -26.5102504119277
44.893449902534485 112.7820657081902 43.40257620066404 48.202337861061096 118.15235621854663 -30.65090537071228
44.893449902534485 112.7820657081902 43.40257620066404 49.26694679260254 120.1886878348887 -32.518618151545525
44.893449902534485 112.7820657081902 43.40257620066404 48.55304181575775 116.58266852423549 -22.574516594409943
44.893449902534485 112.7820657081902 43.40257620066404 46.450217962265015 116.04907427355647 -22.823075249791145
44.893449902534485 112.7820657081902 43.40257620066404 49.36781978607178 121.56580040231347 -32.491513065993786
44.893449902534485 112.7820657081902 43.40257620066404 46.5040363073349 116.85623489692807 -28.84797541797161
44.893449902534485 112.7820657081902 43.40257620066404 47.353187084198 117.50429555773735 -29.749440394341946
44.893449902534485 112.7820657081902 43.40257620066404 47.98687970638275 116.76408526301384 -29.68465756624937
44.893449902534485 112.7820657081902 43.40257620066404 47.919349193573 117.322878818959 -22.639299422502518
44.893449902534485 112.7820657081902 43.40257620066404 47.33947491645813 118.87024973705411 -28.72898241877556
61.18895447254181 125.67632859572768 31.33339401334524 62.665510177612305 124.59710755571723 -24.88337305188179
61.18895447254181 125.67632859572768 31.33339401334524 61.32364594936371 128.2394845597446 -29.02402801066637
61.18895447254181 125.67632859572768 31.33339401334524 61.094475626945496 128.21716778352857 -27.037322230637074
61.18895447254181 125.67632859572768 31.33339401334524 62.0582115650177 128.87638683244586 -28.932140097022057
61.18895447254181 125.67632859572768 31.33339401334524 62.56360685825348 129.4909723289311 -26.853546403348446
61.18895447254181 125.67632859572768 31.33339401334524 63.29920279979706 123.85689726099372 -24.818590223789215
61.18895447254181 125.67632859572768 31.33339401334524 62.04449939727783 130.24234101176262 -27.91168212145567
61.18895447254181 125.67632859572768 31.33339401334524 62.15908455848694 130.25349939987063 -28.905035011470318
61.18895447254181 125.67632859572768 31.33339401334524 63.18461763858795 123.8457388728857 -23.825237333774567
61.18895447254181 125.67632859572768 31.33339401334524 62.78009533882141 124.60826594382524 -25.87672594189644
58.09600067138672 120.94444631412625 36.96363744139671 59.26890707015991 122.00486491248012 -21.27751314640045
58.09600067138672 120.94444631412625 36.96363744139671 58.86438477039337 122.76739198341966 -23.329001754522324
58.09600067138672 120.94444631412625 36.96363744139671 60.677271485328674 124.07467169314623 -26.12528459727764
58.09600067138672 120.94444631412625 36.96363744139671 58.63521444797516 122.74507520720363 -21.342295974493027
58.09600067138672 120.94444631412625 36.96363744139671 61.18266677856445 124.68925718963146 -24.04669090360403
58.09600067138672 120.94444631412625 36.96363744139671 58.810566425323486 121.96023136004806 -17.304101586341858
58.09600067138672 120.94444631412625 36.96363744139671 58.76351177692413 121.39027941599488 -23.356106840074062
58.09600067138672 120.94444631412625 36.96363744139671 62.45005202293396 123.20883660018444 -23.91712524741888
58.09600067138672 120.94444631412625 36.96363744139671 59.38349223136902 122.01602330058813 -22.2708660364151
58.09600067138672 120.94444631412625 36.96363744139671 58.69598126411438 121.94907297194004 -16.31074869632721
57.031391739845276 118.90811469778419 38.83135022222996 62.5509250164032 124.58594916760921 -23.89002016186714
57.031391739845276 118.90811469778419 38.83135022222996 58.64892661571503 121.37912102788687 -22.362753950059414
57.031391739845276 118.90811469778419 38.83135022222996 61.830071568489075 122.58309271559119 -25.002366051077843
57.031391739845276 118.90811469778419 38.83135022222996 62.564637184143066 123.21999498829246 -24.91047813743353
57.031391739845276 118.90811469778419 38.83135022222996 60.56268632411957 124.06351330503821 -25.131931707262993
57.031391739845276 118.90811469778419 38.83135022222996 58.86438477039337 122.76739198341966 -23.329001754522324
57.031391739845276 118.90811469778419 38.83135022222996 60.07795166969299 120.47981077060103 -17.174535930156708
57.031391739845276 118.90811469778419 38.83135022222996 59.168034076690674 120.62775234505534 -21.30461823195219
57.031391739845276 118.90811469778419 38.83135022222996 61.81635940074921 123.94904689490795 -23.981908075511456
57.031391739845276 118.90811469778419 38.83135022222996 62.67922234535217 123.23115337640047 -25.903831027448177
42.082454442977905 115.15063816681504 39.078145414590836 47.98687970638275 116.76408526301384 -29.68465756624937
42.082454442977905 115.15063816681504 39.078145414590836 50.29247987270355 113.78092730790377 -27.438820473849773
42.082454442977905 115.15063816681504 39.078145414590836 47.05751657485962 111.76979499682784 -18.77430820465088
42.082454442977905 115.15063816681504 39.078145414590836 44.400182127952576 122.5936179868877 -31.03960233926773
42.082454442977905 115.15063816681504 39.078145414590836 46.60490930080414 118.23334746435285 -28.820870332419872
42.082454442977905 115.15063816681504 39.078145414590836 46.423823952674866 112.51000529155135 -18.839091032743454
42.082454442977905 115.15063816681504 39.078145414590836 47.56864523887634 118.89256651327014 -30.715688198804855
42.082454442977905 115.15063816681504 39.078145414590836 44.28559696674347 122.58245959877968 -30.046249449253082
42.082454442977905 115.15063816681504 39.078145414590836 48.51866900920868 120.91773974150419 -31.59004808962345
42.082454442977905 115.15063816681504 39.078145414590836 46.450217962265015 116.04907427355647 -22.823075249791145
59.99604821205139 124.99479277059436 35.21491765975952 61.917232394218445 125.32615946233273 -23.954802989959717
59.99604821205139 124.99479277059436 35.21491765975952 62.79277718067169 129.51328910514712 -28.840252183377743
59.99604821205139 124.99479277059436 35.21491765975952 62.678192019462585 129.5021307170391 -27.846899293363094
59.99604821205139 124.99479277059436 35.21491765975952 61.19637894630432 123.3233030103147 -25.067148879170418
59.99604821205139 124.99479277059436 35.21491765975952 59.436280250549316 129.09416126459837 -30.238834470510483
59.99604821205139 124.99479277059436 35.21491765975952 60.56268632411957 124.06351330503821 -25.131931707262993
59.99604821205139 124.99479277059436 35.21491765975952 62.67922234535217 123.23115337640047 -25.903831027448177
59.99604821205139 124.99479277059436 35.21491765975952 61.830071568489075 122.58309271559119 -25.002366051077843
59.99604821205139 124.99479277059436 35.21491765975952 62.56360685825348 129.4909723289311 -26.853546403348446
59.99604821205139 124.99479277059436 35.21491765975952 61.411837100982666 124.71157396584749 -26.033396683633327
58.285064816474915 118.79364828765392 39.981373853981495 60.17882466316223 121.85692333802581 -17.14743084460497
58.285064816474915 118.79364828765392 39.981373853981495 60.11805784702301 122.6529255732894 -22.178978122770786
58.285064816474915 118.79364828765392 39.981373853981495 58.86438477039337 122.76739198341966 -23.329001754522324
58.285064816474915 118.79364828765392 39.981373853981495 60.003472685813904 122.64176718518138 -21.185625232756138
58.285064816474915 118.79364828765392 39.981373853981495 59.36978006362915 123.38197747990489 -21.250408060848713
58.285064816474915 118.79364828765392 39.981373853981495 60.677271485328674 124.07467169314623 -26.12528459727764
58.285064816474915 118.79364828765392 39.981373853981495 60.91339027881622 122.49382561072707 -17.055542930960655
58.285064816474915 118.79364828765392 39.981373853981495 61.18266677856445 124.68925718963146 -24.04669090360403
58.285064816474915 118.79364828765392 39.981373853981495 60.27969765663147 123.23403590545058 -17.12032575905323
58.285064816474915 118.79364828765392 39.981373853981495 59.43054687976837 122.5859752446413 -16.218860782682896
45.81707966327667 111.26816995441914 46.51220052689314 49.65775692462921 120.79211494326591 -29.446671567857265
45.81707966327667 111.26816995441914 46.51220052689314 48.80860614776611 120.14405428245664 -28.54520659148693
45.81707966327667 111.26816995441914 46.51220052689314 49.55688393115997 119.41500237584114 -29.473776653409004
45.81707966327667 111.26816995441914 46.51220052689314 52.04478454589844 114.04383771494031 -12.133297726511955
45.81707966327667 111.26816995441914 46.51220052689314 52.54323136806488 116.26158607006073 -21.111151479184628
45.81707966327667 111.26816995441914 46.51220052689314 52.02412390708923 117.01295475289226 -22.16928719729185
45.81707966327667 111.26816995441914 46.51220052689314 53.39238214492798 116.90964673087001 -22.012616455554962
45.81707966327667 111.26816995441914 46.51220052689314 52.55694353580475 114.89563189074397 -22.131609454751015
45.81707966327667 111.26816995441914 46.51220052689314 50.38658916950226 114.92083119601011 -15.334809966385365
45.81707966327667 111.26816995441914 46.51220052689314 51.188685297966 114.99893991276622 -22.288280196487904
54.92856788635254 118.37452044710517 38.582791566848755 59.21508872509003 121.19770428910851 -15.252612978219986
54.92856788635254 118.37452044710517 38.582791566848755 60.13177001476288 121.28697139397264 -23.199436098337173
54.92856788635254 118.37452044710517 38.582791566848755 58.86438477039337 122.76739198341966 -23.329001754522324
54.92856788635254 118.37452044710517 38.582791566848755 58.01523399353027 122.11933132261038 -22.42753677815199
54.92856788635254 118.37452044710517 38.582791566848755 60.01718485355377 121.27581300586462 -22.206083208322525
54.92856788635254 118.37452044710517 38.582791566848755 61.19637894630432 123.3233030103147 -25.067148879170418
54.92856788635254 118.37452044710517 38.582791566848755 58.64892661571503 121.37912102788687 -22.362753950059414
54.92856788635254 118.37452044710517 38.582791566848755 60.86633563041687 121.9238736666739 -23.10754818469286
54.92856788635254 118.37452044710517 38.582791566848755 54.88790738582611 121.72252025827765 -25.812824845314026
54.92856788635254 118.37452044710517 38.582791566848755 54.6587370634079 121.70020348206162 -23.82611906528473

31.39581036567688 136.7482572644949 37.08133213222027 36.24154484272003 140.99318722635508 -20.700378887355328
31.39581036567688 136.7482572644949 37.08133213222027 35.534403562545776 137.6243765950203 -22.833182752132416
31.39581036567688 136.7482572644949 37.08133213222027 37.69696390628815 143.63294595107436 -19.496145084500313
31.39581036567688 136.7482572644949 37.08133213222027 38.20338952541351 137.97655410692096 -15.474483124911785
31.39581036567688 136.7482572644949 37.08133213222027 38.68220603466034 136.8924421593547 -32.545258082449436
31.39581036567688 136.7482572644949 37.08133213222027 38.062225580215454 136.26669827476144 -33.6304988861084
31.39581036567688 136.7482572644949 37.08133213222027 42.90748405456543 141.2614909633994 -23.955219566822052
31.39581036567688 136.7482572644949 37.08133213222027 44.7017707824707 132.99593302980065 -32.90135534852743
31.39581036567688 136.7482572644949 37.08133213222027 36.55993664264679 131.21661606803536 -17.753385074436665
31.39581036567688 136.7482572644949 37.08133213222027 36.04082918167114 131.9679847508669 -18.811520792543888
31.39581036567688 136.7482572644949 37.08133213222027 41.55988645553589 138.3956819474697 -14.075900837779045
31.39581036567688 136.7482572644949 37.08133213222027 44.87712275981903 132.21108918264508 -28.863160960376263
31.39581036567688 136.7482572644949 37.08133213222027 41.4530953168869 132.3507548980415 -23.21638510376215
31.39581036567688 136.7482572644949 37.08133213222027 37.523672580718994 131.87583511695266 -19.648202940821648
31.39581036567688 136.7482572644949 37.08133213222027 48.46175968647003 138.9235111400485 -31.394352719187737
31.39581036567688 136.7482572644949 37.08133213222027 38.3306565284729 142.89273565635085 -19.431362256407738
31.39581036567688 136.7482572644949 37.08133213222027 36.134753704071045 134.94826017692685 -29.840863153338432
31.39581036567688 136.7482572644949 37.08133213222027 46.74974596500397 138.9933439977467 -28.57096479088068
31.39581036567688 136.7482572644949 37.08133213222027 49.78399360179901 131.97927383333445 -35.346618965268135
31.39581036567688 136.7482572644949 37.08133213222027 44.15523898601532 136.4792100712657 -31.91857511550188
31.755338668823242 122.8738235682249 36.96695201843977 45.78807067871094 125.79217026755214 -22.790010392665863
31.755338668823242 122.8738235682249 36.96695201843977 39.40530490875244 124.51297239214182 -4.413422793149948
31.755338668823242 122.8738235682249 36.96695201843977 46.80562496185303 127.25854993984103 -30.709728427231312
31.755338668823242 122.8738235682249 36.96695201843977 39.98396408557892 131.07695035263896 -23.400160931050777
31.755338668823242 122.8738235682249 36.96695201843977 45.87034368515015 117.59644519165158 -28.912758246064186
31.755338668823242 122.8738235682249 36.96695201843977 47.467772245407104 117.51545394584537 -30.742793284356594
31.755338668823242 122.8738235682249 36.96695201843977 47.99956154823303 121.66910842433572 -32.648183807730675
31.755338668823242 122.8738235682249 36.96695201843977 47.43931758403778 126.51833964511752 -30.644945599138737
31.755338668823242 122.8738235682249 36.96695201843977 44.37172746658325 131.59650368615985 -30.941754654049873
31.755338668823242 122.8738235682249 36.96695201843977 49.77131175994873 127.07425067201257 -32.38309272378683
31.755338668823242 122.8738235682249 36.96695201843977 47.898688554763794 120.29199585691094 -32.67528889328241
31.755338668823242 122.8738235682249 36.96695201843977 46.73320662975311 116.8785516731441 -30.834681198000908
31.755338668823242 122.8738235682249 36.96695201843977 48.74783933162689 120.94005651772022 -33.57675386965275
31.755338668823242 122.8738235682249 36.96695201843977 44.831098437309265 125.37015989795327 -32.97209794819355
31.755338668823242 122.8738235682249 36.96695201843977 48.38934135437012 128.54351287335157 -31.519305489957333
31.755338668823242 122.8738235682249 36.96695201843977 45.336493730545044 125.9847453944385 -30.89350425451994
31.755338668823242 122.8738235682249 36.96695201843977 38.55615413188934 123.86491173133254 -3.5119578167796135
31.755338668823242 122.8738235682249 36.96695201843977 49.13761913776398 127.81446096673608 -32.447875551879406
31.755338668823242 122.8738235682249 36.96695201843977 39.3044319152832 123.13585982471704 -4.440527878701687
31.755338668823242 122.8738235682249 36.96695201843977 45.56566405296326 126.00706217065454 -32.880210034549236
43.30870318412781 117.7680801153183 42.26908499747515 58.53434145450592 121.36796263977885 -21.369401060044765
43.30870318412781 117.7680801153183 42.26908499747515 50.822208523750305 130.4765364676714 -33.23034752905369
43.30870318412781 117.7680801153183 42.26908499747515 50.291449546813965 120.0519046485424 -29.38188873976469
43.30870318412781 117.7680801153183 42.26908499747515 46.786179423332214 122.11631809920073 -15.669296763837337
43.30870318412781 117.7680801153183 42.26908499747515 46.084771513938904 125.25569348782301 -31.822074316442013
43.30870318412781 117.7680801153183 42.26908499747515 48.53256595134735 117.71141402423382 -9.477153196930885
43.30870318412781 117.7680801153183 42.26908499747515 53.68823742866516 120.8037757538259 -9.854395776987076
43.30870318412781 117.7680801153183 42.26908499747515 49.41590476036072 115.864775005728 -24.496439546346664
43.30870318412781 117.7680801153183 42.26908499747515 53.29150915145874 115.53253416344523 -22.0397215411067
43.30870318412781 117.7680801153183 42.26908499747515 51.240442991256714 128.3480552174151 -32.1993168964982
43.30870318412781 117.7680801153183 42.26908499747515 49.8584725856781 129.8173174187541 -31.335529662668705
43.30870318412781 117.7680801153183 42.26908499747515 47.29936873912811 116.69713493436575 -23.72454022616148
43.30870318412781 117.7680801153183 42.26908499747515 48.92422163486481 113.88423532992601 -27.595491215586662
43.30870318412781 117.7680801153183 42.26908499747515 46.94293141365051 111.75863660871983 -17.78095531463623
43.30870318412781 117.7680801153183 42.26908499747515 47.92526733875275 121.99069330096245 -13.525920242071152
43.30870318412781 117.7680801153183 42.26908499747515 44.697067737579346 120.21676966920495 -16.938313394784927
43.30870318412781 117.7680801153183 42.26908499747515 45.20941150188446 119.228192307055 -3.8032722547650337
43.30870318412781 117.7680801153183 42.26908499747515 45.21617519855499 119.46540098637342 -15.880177676677704
43.30870318412781 117.7680801153183 42.26908499747515 49.13761913776398 127.81446096673608 -32.447875551879406
43.30870318412781 117.7680801153183 42.26908499747515 45.336493730545044 125.9847453944385 -30.89350425451994
41.44876182079315 115.89084846153855 39.01336258649826 50.378610372543335 122.79497139528394 -28.334325678646564
41.44876182079315 115.89084846153855 39.01336258649826 49.03796124458313 118.32599952071905 -7.398559503257275
41.44876182079315 115.89084846153855 39.01336258649826 47.92526733875275 121.99069330096245 -13.525920242071152
41.44876182079315 115.89084846153855 39.01336258649826 53.29150915145874 115.53253416344523 -22.0397215411067
41.44876182079315 115.89084846153855 39.01336258649826 48.681339144706726 115.22787273302674 -24.58832745999098
41.44876182079315 115.89084846153855 39.01336258649826 44.28559696674347 122.58245959877968 -30.046249449253082
41.44876182079315 115.89084846153855 39.01336258649826 47.69120919704437 111.02958470210433 -18.709525376558304
41.44876182079315 115.89084846153855 39.01336258649826 48.60686016082764 117.38982914760709 -28.59941676259041
41.44876182079315 115.89084846153855 39.01336258649826 45.98492884635925 117.6076035797596 -29.906111136078835
41.44876182079315 115.89084846153855 39.01336258649826 48.07507085800171 113.23617466911674 -26.694026239216328
41.44876182079315 115.89084846153855 39.01336258649826 49.76660871505737 114.29508731141686 -16.420050770044327
41.44876182079315 115.89084846153855 39.01336258649826 43.84791696071625 119.56870900839567 -16.036848418414593
41.44876182079315 115.89084846153855 39.01336258649826 45.336493730545044 125.9847453944385 -30.89350425451994
41.44876182079315 115.89084846153855 39.01336258649826 49.65775692462921 120.79211494326591 -29.446671567857265
41.44876182079315 115.89084846153855 39.01336258649826 52.04478454589844 114.04383771494031 -12.133297726511955
41.44876182079315 115.89084846153855 39.01336258649826 44.36026072502136 118.58013164624572 -2.901807278394699
41.44876182079315 115.89084846153855 39.01336258649826 48.917457938194275 113.64702665060759 -15.518585793673992
41.44876182079315 115.89084846153855 39.01336258649826 49.152546405792236 118.33715790882707 -8.391912393271923
41.44876182079315 115.89084846153855 39.01336258649826 47.05751657485962 111.76979499682784 -18.77430820465088
41.44876182079315 115.89084846153855 39.01336258649826 52.65781652927399 116.27274445816875 -22.104504369199276
43.639776825904846 112.89653211832047 42.252552568912506 53.37866997718811 118.27560091018677 -20.992158479988575
43.639776825904846 112.89653211832047 42.252552568912506 50.17686438560486 120.04074626043439 -28.388535849750042
43.639776825904846 112.89653211832047 42.252552568912506 48.72144532203674 117.4009875357151 -29.592769652605057
43.639776825904846 112.89653211832047 42.252552568912506 54.552130699157715 113.81490489467978 -9.83325046300888
43.639776825904846 112.89653211832047 42.252552568912506 48.202337861061096 118.15235621854663 -30.65090537071228
43.639776825904846 112.89653211832047 42.252552568912506 48.55999028682709 114.9795056656003 -11.51806914806366
43.639776825904846 112.89653211832047 42.252552568912506 48.44540512561798 114.96834727749228 -10.524716258049011
43.639776825904846 112.89653211832047 42.252552568912506 46.618621468544006 116.86739328503609 -29.84132830798626
43.639776825904846 112.89653211832047 42.252552568912506 52.02412390708923 117.01295475289226 -22.16928719729185
43.639776825904846 112.89653211832047 42.252552568912506 53.60784029960632 118.2979176864028 -22.978864260017872
43.639776825904846 112.89653211832047 42.252552568912506 48.08775269985199 118.14119783043861 -29.657552480697632
43.639776825904846 112.89653211832047 42.252552568912506 49.03796124458313 118.32599952071905 -7.398559503257275
43.639776825904846 112.89653211832047 42.252552568912506 54.12694776058197 117.54654900357127 -21.92072854191065
43.639776825904846 112.89653211832047 42.252552568912506 51.80866575241089 115.62468379735947 -21.20303939282894
43.639776825904846 112.89653211832047 42.252552568912506 50.378610372543335 122.79497139528394 -28.334325678646564
43.639776825904846 112.89653211832047 42.252552568912506 52.0378360748291 115.6470005735755 -23.189745172858238
43.639776825904846 112.89653211832047 42.252552568912506 49.55688393115997 119.41500237584114 -29.473776653409004
43.639776825904846 112.89653211832047 42.252552568912506 47.898688554763794 120.29199585691094 -32.67528889328241
43.639776825904846 112.89653211832047 42.252552568912506 54.53841853141785 115.18085907399654 -8.812792487442493
43.639776825904846 112.89653211832047 42.252552568912506 53.39238214492798 116.90964673087001 -22.012616455554962
30.141106963157654 143.1337010152638 33.988240234553814 43.63613152503967 137.23057875409722 -32.976710833609104
30.141106963157654 143.1337010152638 33.988240234553814 37.09848964214325 135.60747922584414 -31.735681019723415
30.141106963157654 143.1337010152638 33.988240234553814 38.466747879981995 135.5041712038219 -31.579010277986526
30.141106963157654 143.1337010152638 33.988240234553814 40.06417644023895 135.42317995801568 -33.409045316278934
30.141106963157654 143.1337010152638 33.988240234553814 39.201313495635986 136.14107347652316 -31.487122364342213
30.141106963157654 143.1337010152638 33.988240234553814 36.24154484272003 140.99318722635508 -20.700378887355328
30.141106963157654 143.1337010152638 33.988240234553814 38.93692481517792 144.88443372026086 -17.32566347718239
30.141106963157654 143.1337010152638 33.988240234553814 39.16609513759613 144.9067504964769 -19.312369257211685
30.141106963157654 143.1337010152638 33.988240234553814 37.68325173854828 144.99890013039112 -18.475687108933926
30.141106963157654 143.1337010152638 33.988240234553814 38.53240251541138 145.6469607912004 -19.37715208530426
30.141106963157654 143.1337010152638 33.988240234553814 39.4304838180542 136.1633902527392 -33.47382814437151
30.141106963157654 143.1337010152638 33.988240234553814 37.213074803352356 135.61863761395216 -32.729033909738064
30.141106963157654 143.1337010152638 33.988240234553814 40.49424719810486 142.63032767176628 -14.151256322860718
30.141106963157654 143.1337010152638 33.988240234553814 40.5951201915741 144.00744023919106 -14.124151237308979
30.141106963157654 143.1337010152638 33.988240234553814 37.32765996456146 135.62979600206017 -33.72238679975271
30.141106963157654 143.1337010152638 33.988240234553814 42.779186725616455 142.61628675460815 -21.941408701241016
30.141106963157654 143.1337010152638 33.988240234553814 39.215025663375854 134.7751192972064 -32.5075803399086
30.141106963157654 143.1337010152638 33.988240234553814 35.534403562545776 137.6243765950203 -22.833182752132416
30.141106963157654 143.1337010152638 33.988240234553814 33.41786754131317 138.45673652365804 -22.06128343194723
30.141106963157654 143.1337010152638 33.988240234553814 42.90748405456543 141.2614909633994 -23.955219566822052
30.892475724220276 123.59171708673239 38.88887497037649 38.83116400241852 132.568529330194 -24.523079477250576
30.892475724220276 123.59171708673239 38.88887497037649 38.15736520290375 131.13562482222915 -19.583420112729073
30.892475724220276 123.59171708673239 38.88887497037649 44.41981244087219 125.89547828957438 -22.946681134402752
30.892475724220276 123.59171708673239 38.88887497037649 44.38543963432312 130.2305495068431 -31.96221262961626
30.892475724220276 123.59171708673239 38.88887497037649 46.83407962322235 118.25566424056888 -30.80757611244917
30.892475724220276 123.59171708673239 38.88887497037649 43.96720516681671 132.3590307570994 -32.993243262171745
30.892475724220276 123.59171708673239 38.88887497037649 43.23263955116272 131.72212848439813 -33.08513117581606
30.892475724220276 123.59171708673239 38.88887497037649 39.1898467540741 123.12470143660903 -3.4471749886870384
30.892475724220276 123.59171708673239 38.88887497037649 41.386595129966736 126.63857111334801 -14.22795869410038
30.892475724220276 123.59171708673239 38.88887497037649 40.94770002365112 131.73616940155625 -25.29497879743576
30.892475724220276 123.59171708673239 38.88887497037649 46.171932339668274 127.99876023456454 -30.774511255323887
30.892475724220276 123.59171708673239 38.88887497037649 45.23459041118622 130.87861016765237 -32.863677605986595
30.892475724220276 123.59171708673239 38.88887497037649 44.5871856212616 132.98477464169264 -31.908002458512783
30.892475724220276 123.59171708673239 38.88887497037649 40.19942224025726 132.46522130817175 -24.366408735513687
30.892475724220276 123.59171708673239 38.88887497037649 44.87712275981903 132.21108918264508 -28.863160960376263
30.892475724220276 123.59171708673239 38.88887497037649 39.3044319152832 123.13585982471704 -4.440527878701687
30.892475724220276 123.59171708673239 38.88887497037649 44.47260046005249 132.97361625358462 -30.914649568498135
30.892475724220276 123.59171708673239 38.88887497037649 49.238492131233215 129.19157353416085 -32.42077046632767
30.892475724220276 123.59171708673239 38.88887497037649 43.75174701213837 130.9707598015666 -32.026995457708836
30.892475724220276 123.59171708673239 38.88887497037649 40.098549246788025 131.08810874074697 -24.393513821065426
43.52519166469574 112.88537373021245 43.245905458927155 50.14944005012512 122.77265461906791 -26.347619898617268
43.52519166469574 112.88537373021245 43.245905458927155 49.55688393115997 119.41500237584114 -29.473776653409004
43.52519166469574 112.88537373021245 43.245905458927155 52.54323136806488 116.26158607006073 -21.111151479184628
43.52519166469574 112.88537373021245 43.245905458927155 49.36781978607178 121.56580040231347 -32.491513065993786
43.52519166469574 112.88537373021245 43.245905458927155 52.02412390708923 117.01295475289226 -22.16928719729185
43.52519166469574 112.88537373021245 43.245905458927155 52.85956251621246 119.0269695930183 -22.0502941980958
43.52519166469574 112.88537373021245 43.245905458927155 48.92337608337402 118.31484113261104 -6.405206613242626
43.52519166469574 112.88537373021245 43.245905458927155 47.467772245407104 117.51545394584537 -30.742793284356594
43.52519166469574 112.88537373021245 43.245905458927155 51.188685297966 114.99893991276622 -22.288280196487904
43.52519166469574 112.88537373021245 43.245905458927155 53.39238214492798 116.90964673087001 -22.012616455554962
43.52519166469574 112.88537373021245 43.245905458927155 47.29936873912811 116.69713493436575 -23.72454022616148
43.52519166469574 112.88537373021245 43.245905458927155 53.49325513839722 118.28675929829478 -21.985511370003223
43.52519166469574 112.88537373021245 43.245905458927155 47.797815561294556 118.91488328948617 -32.70239397883415
43.52519166469574 112.88537373021245 43.245905458927155 47.33947491645813 118.87024973705411 -28.72898241877556
43.52519166469574 112.88537373021245 43.245905458927155 48.30339562892914 117.68909724801779 -7.490447416901588
43.52519166469574 112.88537373021245 43.245905458927155 47.78428816795349 118.44046593084931 -8.548583135008812
43.52519166469574 112.88537373021245 43.245905458927155 50.89771783351898 122.04360271245241 -27.27618996053934
43.52519166469574 112.88537373021245 43.245905458927155 47.99956154823303 121.66910842433572 -32.648183807730675
43.52519166469574 112.88537373021245 43.245905458927155 46.09951400756836 117.61876196786761 -30.899464026093483
43.52519166469574 112.88537373021245 43.245905458927155 54.552130699157715 113.81490489467978 -9.83325046300888
30.215585947036743 140.97174460068345 37.999329537153244 47.71348190307617 139.652563046664 -30.465782657265663
30.215585947036743 140.97174460068345 37.999329537153244 43.022069215774536 141.27264935150743 -24.9485724568367
30.215585947036743 140.97174460068345 37.999329537153244 36.86931931972504 135.58516244962811 -29.74897523969412
30.215585947036743 140.97174460068345 37.999329537153244 43.63613152503967 137.23057875409722 -32.976710833609104
30.215585947036743 140.97174460068345 37.999329537153244 46.87804329395294 137.63854820653796 -30.584775656461716
30.215585947036743 140.97174460068345 37.999329537153244 41.24252498149872 141.90127576515079 -15.079826384782791
30.215585947036743 140.97174460068345 37.999329537153244 36.24154484272003 140.99318722635508 -20.700378887355328
30.215585947036743 140.97174460068345 37.999329537153244 47.942652225494385 139.67487982288003 -32.45248843729496
30.215585947036743 140.97174460068345 37.999329537153244 47.84177923202515 138.29776725545526 -32.4795935228467
30.215585947036743 140.97174460068345 37.999329537153244 38.68220603466034 136.8924421593547 -32.545258082449436
30.215585947036743 140.97174460068345 37.999329537153244 43.527464509010315 141.88723484799266 -22.86997876316309
30.215585947036743 140.97174460068345 37.999329537153244 36.7684463262558 134.20804988220334 -29.776080325245857
30.215585947036743 140.97174460068345 37.999329537153244 38.20338952541351 137.97655410692096 -15.474483124911785
30.215585947036743 140.97174460068345 37.999329537153244 39.10044050216675 134.7639609090984 -31.51422744989395
30.215585947036743 140.97174460068345 37.999329537153244 41.539225816726685 141.36479898542166 -24.11189030855894
30.215585947036743 140.97174460068345 37.999329537153244 44.7017707824707 132.99593302980065 -32.90135534852743
30.215585947036743 140.97174460068345 37.999329537153244 43.64984369277954 135.86462457478046 -33.99716880917549
30.215585947036743 140.97174460068345 37.999329537153244 47.05236494541168 143.12468170002103 -28.489649534225464
30.215585947036743 140.97174460068345 37.999329537153244 44.04657196998596 141.13586616516113 -21.811843045055866
30.215585947036743 140.97174460068345 37.999329537153244 47.72719407081604 138.28660886734724 -31.48624063283205
44.79154658317566 117.67593048140407 41.43240284919739 49.36781978607178 121.56580040231347 -32.491513065993786
44.79154658317566 117.67593048140407 41.43240284919739 49.03796124458313 118.32599952071905 -7.398559503257275
44.79154658317566 117.67593048140407 41.43240284919739 49.583462715148926 121.11369981989264 -10.324408002197742
44.79154658317566 117.67593048140407 41.43240284919739 46.83407962322235 118.25566424056888 -30.80757611244917
44.79154658317566 117.67593048140407 41.43240284919739 47.32679307460785 113.96522657573223 -25.765456177294254
44.79154658317566 117.67593048140407 41.43240284919739 51.02601516246796 120.68880692124367 -29.290000826120377
44.79154658317566 117.67593048140407 41.43240284919739 47.190701723098755 121.35379102826118 -13.617808155715466
44.79154658317566 117.67593048140407 41.43240284919739 53.39238214492798 116.90964673087001 -22.012616455554962
44.79154658317566 117.67593048140407 41.43240284919739 51.923250913619995 115.63584218546748 -22.19639228284359
44.79154658317566 117.67593048140407 41.43240284919739 49.079097747802734 114.22813698276877 -10.459933429956436
44.79154658317566 117.67593048140407 41.43240284919739 54.66671586036682 113.8260632827878 -10.826603353023529
44.79154658317566 117.67593048140407 41.43240284919739 48.189656019210815 113.24733305722475 -27.687379129230976
44.79154658317566 117.67593048140407 41.43240284919739 50.14944005012512 122.77265461906791 -26.347619898617268
44.79154658317566 117.67593048140407 41.43240284919739 48.92337608337402 118.31484113261104 -6.405206613242626
44.79154658317566 117.67593048140407 41.43240284919739 44.28559696674347 122.58245959877968 -30.046249449253082
44.79154658317566 117.67593048140407 41.43240284919739 50.29247987270355 113.78092730790377 -27.438820473849773
44.79154658317566 117.67593048140407 41.43240284919739 52.55694353580475 114.89563189074397 -22.131609454751015
44.79154658317566 117.67593048140407 41.43240284919739 52.02412390708923 117.01295475289226 -22.16928719729185
44.79154658317566 117.67593048140407 41.43240284919739 53.7891104221344 122.18088832125068 -9.827290691435337
44.79154658317566 117.67593048140407 41.43240284919739 46.071059346199036 126.62164766713977 -30.801616340875626
43.39586400985718 120.51114686205983 43.31664805859327 49.79892086982727 122.50197077542543 -11.290655806660652
43.39586400985718 120.51114686205983 43.31664805859327 49.30620741844177 126.79240844026208 -16.332775741815567
43.39586400985718 120.51114686205983 43.31664805859327 49.443329095840454 113.13286664709449 -26.53735549747944
43.39586400985718 120.51114686205983 43.31664805859327 50.640092849731445 131.02417163550854 -25.191636495292187
43.39586400985718 120.51114686205983 43.31664805859327 44.4611337184906 119.95724421367049 -2.8747021928429604
43.39586400985718 120.51114686205983 43.31664805859327 49.38641977310181 131.1386380456388 -26.341660127043724
43.39586400985718 120.51114686205983 43.31664805859327 46.57072126865387 120.72804714366794 -14.703048959374428
43.39586400985718 120.51114686205983 43.31664805859327 55.157368659973145 122.07758029922843 -9.670619949698448
43.39586400985718 120.51114686205983 43.31664805859327 46.80562496185303 127.25854993984103 -30.709728427231312
43.39586400985718 120.51114686205983 43.31664805859327 49.69006907939911 128.99899840727448 -24.31727660447359
43.39586400985718 120.51114686205983 43.31664805859327 56.052358984947205 131.40694178268313 -29.59650080651045
43.39586400985718 120.51114686205983 43.31664805859327 49.36002576351166 127.59956906363368 -22.357675909996033
43.39586400985718 120.51114686205983 43.31664805859327 48.03985249996185 122.00185168907046 -14.5192731320858
43.39586400985718 120.51114686205983 43.31664805859327 49.186734437942505 115.84245822951198 -22.509733766317368
43.39586400985718 120.51114686205983 43.31664805859327 50.76839017868042 129.6693758442998 -27.205447360873222
43.39586400985718 120.51114686205983 43.31664805859327 46.084771513938904 125.25569348782301 -31.822074316442013
43.39586400985718 120.51114686205983 43.31664805859327 53.74102544784546 127.88191371783614 -17.82236421108246
43.39586400985718 120.51114686205983 43.31664805859327 48.83603048324585 117.41214592382312 -30.586122542619705
43.39586400985718 120.51114686205983 43.31664805859327 48.56675398349762 115.21671434491873 -23.59497456997633
43.39586400985718 120.51114686205983 43.31664805859327 45.094826340675354 119.21703391894698 -2.8099193647503853
21.76418435573578 136.66425279527903 42.00953710824251 38.466747879981995 135.5041712038219 -31.579010277986526
21.76418435573578 136.66425279527903 42.00953710824251 36.24154484272003 140.99318722635508 -20.700378887355328
21.76418435573578 136.66425279527903 42.00953710824251 35.50106108188629 135.68847047165036 -29.905645981431007
21.76418435573578 136.66425279527903 42.00953710824251 38.59504520893097 134.14937541261315 -33.59282114356756
21.76418435573578 136.66425279527903 42.00953710824251 37.09848964214325 135.60747922584414 -31.735681019723415
21.76418435573578 136.66425279527903 42.00953710824251 37.732182264328 134.86726893112063 -31.67089819163084
21.76418435573578 136.66425279527903 42.00953710824251 34.551037311553955 133.6632972434163 -29.03128609061241
21.76418435573578 136.66425279527903 42.00953710824251 36.134753704071045 134.94826017692685 -29.840863153338432
21.76418435573578 136.66425279527903 42.00953710824251 34.16614532470703 137.72768461704254 -22.989853493869305
21.76418435573578 136.66425279527903 42.00953710824251 37.32765996456146 135.62979600206017 -33.72238679975271
21.76418435573578 136.66425279527903 42.00953710824251 33.53245270252228 138.46789491176605 -23.05463632196188
21.76418435573578 136.66425279527903 42.00953710824251 38.796791195869446 136.9036005474627 -33.538610972464085
21.76418435573578 136.66425279527903 42.00953710824251 35.18472993373871 132.9230869486928 -28.966503262519836
21.76418435573578 136.66425279527903 42.00953710824251 38.69591820240021 135.52648798003793 -33.56571605801582
21.76418435573578 136.66425279527903 42.00953710824251 33.647037863731384 138.47905329987407 -24.047989211976528
21.76418435573578 136.66425279527903 42.00953710824251 37.961352586746216 134.88958570733666 -33.65760397166014
21.76418435573578 136.66425279527903 42.00953710824251 39.31589865684509 136.15223186463118 -32.48047525435686
21.76418435573578 136.66425279527903 42.00953710824251 38.56762087345123 136.88128377124667 -31.551905192434788
21.76418435573578 136.66425279527903 42.00953710824251 36.23562669754028 136.32537274435163 -29.813758067786694
21.76418435573578 136.66425279527903 42.00953710824251 36.7684463262558 134.20804988220334 -29.776080325245857
41.95415711402893 116.50543395802379 41.09195628017187 45.689258337020874 111.87310301885009 -18.930978946387768
41.95415711402893 116.50543395802379 41.09195628017187 49.65202355384827 114.28392892330885 -15.426697880029678
41.95415711402893 116.50543395802379 41.09195628017187 47.872294545173645 116.75292687490582 -28.691304676234722
41.95415711402893 116.50543395802379 41.09195628017187 44.43352460861206 124.52952411025763 -23.96713910996914
41.95415711402893 116.50543395802379 41.09195628017187 43.76648950576782 123.3338282816112 -31.104385167360306
41.95415711402893 116.50543395802379 41.09195628017187 44.51476728916168 122.60477637499571 -32.03295522928238
41.95415711402893 116.50543395802379 41.09195628017187 44.72552239894867 111.2138839699328 -17.036161080002785
41.95415711402893 116.50543395802379 41.09195628017187 48.189656019210815 113.24733305722475 -27.687379129230976
41.95415711402893 116.50543395802379 41.09195628017187 46.60490930080414 118.23334746435285 -28.820870332419872
41.95415711402893 116.50543395802379 41.09195628017187 47.43931758403778 126.51833964511752 -30.644945599138737
41.95415711402893 116.50543395802379 41.09195628017187 49.429616928100586 114.49882082641125 -25.51689752191305
41.95415711402893 116.50543395802379 41.09195628017187 49.53743839263916 114.27277053520083 -14.43334499001503
41.95415711402893 116.50543395802379 41.09195628017187 49.32771360874176 119.39268559962511 -27.487070873379707
41.95415711402893 116.50543395802379 41.09195628017187 52.04478454589844 114.04383771494031 -12.133297726511955
41.95415711402893 116.50543395802379 41.09195628017187 45.31704819202423 120.8425135537982 -15.853072591125965
41.95415711402893 116.50543395802379 41.09195628017187 48.60686016082764 117.38982914760709 -28.59941676259041
41.95415711402893 116.50543395802379 41.09195628017187 46.786179423332214 122.11631809920073 -15.669296763837337
41.95415711402893 116.50543395802379 41.09195628017187 46.05161380767822 121.47941582649946 -15.761184677481651
41.95415711402893 116.50543395802379 41.09195628017187 47.41987204551697 121.37610780447721 -15.604513935744762
41.95415711402893 116.50543395802379 41.09195628017187 49.079097747802734 114.22813698276877 -10.459933429956436
30.14213728904724 136.86272367462516 35.93130850046873 40.08483707904816 132.45406292006373 -23.37305584549904
30.14213728904724 136.86272367462516 35.93130850046873 46.14347767829895 137.0016459338367 -30.67666357010603
30.14213728904724 136.86272367462516 35.93130850046873 38.83116400241852 132.568529330194 -24.523079477250576
30.14213728904724 136.86272367462516 35.93130850046873 42.15920627117157 141.9905428700149 -23.02664950489998
30.14213728904724 136.86272367462516 35.93130850046873 43.7380348443985 132.33671398088336 -31.00653748214245
30.14213728904724 136.86272367462516 35.93130850046873 41.64009881019592 142.74191155284643 -24.084785223007202
30.14213728904724 136.86272367462516 35.93130850046873 40.17096757888794 141.4681070074439 -24.26856105029583
30.14213728904724 136.86272367462516 35.93130850046873 36.134753704071045 134.94826017692685 -29.840863153338432
30.14213728904724 136.86272367462516 35.93130850046873 39.57944178581238 131.8394774235785 -25.45164953917265
30.14213728904724 136.86272367462516 35.93130850046873 36.674521803855896 131.22777445614338 -18.746737964451313
30.14213728904724 136.86272367462516 35.93130850046873 43.64984369277954 135.86462457478046 -33.99716880917549
30.14213728904724 136.86272367462516 35.93130850046873 40.71073567867279 137.74762128666043 -13.17443586140871
30.14213728904724 136.86272367462516 35.93130850046873 36.73425829410553 136.70274956151843 -15.658258952200413
30.14213728904724 136.86272367462516 35.93130850046873 39.36398363113403 130.4512064680457 -24.48540173470974
30.14213728904724 136.86272367462516 35.93130850046873 43.535258531570435 135.85346618667245 -33.00381591916084
30.14213728904724 136.86272367462516 35.93130850046873 43.00346922874451 131.6998117081821 -31.098425395786762
30.14213728904724 136.86272367462516 35.93130850046873 44.269824147224426 136.4903684593737 -32.91192800551653
30.14213728904724 136.86272367462516 35.93130850046873 35.28560292720795 134.30019951611757 -28.939398176968098
30.14213728904724 136.86272367462516 35.93130850046873 47.84177923202515 138.29776725545526 -32.4795935228467
30.14213728904724 136.86272367462516 35.93130850046873 40.285552740097046 141.47926539555192 -25.261913940310478
45.29694187641144 118.2905159778893 43.510996542871 55.056495666503906 120.70046773180366 -9.697725035250187
45.29694187641144 118.2905159778893 43.510996542871 55.28669631481171 114.45180716738105 -9.741362549364567
45.29694187641144 118.2905159778893 43.510996542871 47.41987204551697 121.37610780447721 -15.604513935744762
45.29694187641144 118.2905159778893 43.510996542871 51.188685297966 114.99893991276622 -22.288280196487904
45.29694187641144 118.2905159778893 43.510996542871 62.564637184143066 123.21999498829246 -24.91047813743353
45.29694187641144 118.2905159778893 43.510996542871 53.298457622528076 113.92937130481005 -10.983274094760418
45.29694187641144 118.2905159778893 43.510996542871 50.10830354690552 126.87051715701818 -23.286245971918106
45.29694187641144 118.2905159778893 43.510996542871 50.53348648548126 123.1388730481267 -11.198767893016338
45.29694187641144 118.2905159778893 43.510996542871 61.081793785095215 123.31214462220669 -24.07379598915577
45.29694187641144 118.2905159778893 43.510996542871 50.99859082698822 123.42071527987719 -27.249084874987602
45.29694187641144 118.2905159778893 43.510996542871 59.32967388629913 121.20886267721653 -16.245965868234634
45.29694187641144 118.2905159778893 43.510996542871 49.238492131233215 129.19157353416085 -32.42077046632767
45.29694187641144 118.2905159778893 43.510996542871 50.418901324272156 123.12771466001868 -10.20541500300169
45.29694187641144 118.2905159778893 43.510996542871 55.1721111536026 114.44064877927303 -8.748009659349918
45.29694187641144 118.2905159778893 43.510996542871 47.29157471656799 122.73090359568596 -13.590703070163727
45.29694187641144 118.2905159778893 43.510996542871 58.58139610290527 121.93791458383203 -15.317395806312561
45.29694187641144 118.2905159778893 43.510996542871 60.44810116291046 124.0523549169302 -24.138578817248344
45.29694187641144 118.2905159778893 43.510996542871 49.41590476036072 115.864775005728 -24.496439546346664
45.29694187641144 118.2905159778893 43.510996542871 61.19637894630432 123.3233030103147 -25.067148879170418
45.29694187641144 118.2905159778893 43.510996542871 54.98775005340576 129.37061016634107 -27.728788025677204
30.963863730430603 140.24269269406796 37.07075947523117 47.48431158065796 139.63024627044797 -28.479076877236366
30.963863730430603 140.24269269406796 37.07075947523117 38.3306565284729 142.89273565635085 -19.431362256407738
30.963863730430603 140.24269269406796 37.07075947523117 47.107213616371155 137.660864982754 -32.57148143649101
30.963863730430603 140.24269269406796 37.07075947523117 40.790948033332825 142.09385089203715 -23.183320246636868
30.963863730430603 140.24269269406796 37.07075947523117 48.57634484767914 138.93466952815652 -32.387705609202385
30.963863730430603 140.24269269406796 37.07075947523117 46.74974596500397 138.9933439977467 -28.57096479088068
30.963863730430603 140.24269269406796 37.07075947523117 43.11805438995361 131.7109700962901 -32.09177828580141
30.963863730430603 140.24269269406796 37.07075947523117 37.56866657733917 144.9877417422831 -17.482334218919277
30.963863730430603 140.24269269406796 37.07075947523117 42.67831373214722 141.23917418718338 -21.968513786792755
30.963863730430603 140.24269269406796 37.07075947523117 45.00438976287842 137.12727073207498 -32.820040091872215
30.963863730430603 140.24269269406796 37.07075947523117 46.24435067176819 138.37875850126147 -30.64955848455429
30.963863730430603 140.24269269406796 37.07075947523117 44.16895115375519 135.11325589194894 -32.93903309106827
30.963863730430603 140.24269269406796 37.07075947523117 42.17291843891144 140.62458869069815 -24.047107480466366
30.963863730430603 140.24269269406796 37.07075947523117 40.90553319454193 142.10500928014517 -24.176673136651516
30.963863730430603 140.24269269406796 37.07075947523117 40.49424719810486 142.63032767176628 -14.151256322860718
30.963863730430603 140.24269269406796 37.07075947523117 47.49802374839783 138.2642920911312 -29.499534852802753
30.963863730430603 140.24269269406796 37.07075947523117 43.96720516681671 132.3590307570994 -32.993243262171745
30.963863730430603 140.24269269406796 37.07075947523117 37.961352586746216 134.88958570733666 -33.65760397166014
30.963863730430603 140.24269269406796 37.07075947523117 38.41781735420227 145.63580240309238 -18.383799195289612
30.963863730430603 140.24269269406796 37.07075947523117 36.97611045837402 141.63008949905634 -20.608490973711014
39.88364541530609 124.17872317135334 45.97279258817434 59.01804578304291 131.22264251485467 -31.269865103065968
39.88364541530609 124.17872317135334 45.97279258817434 50.1209853887558 131.77554031834006 -26.24977221339941
39.88364541530609 124.17872317135334 45.97279258817434 47.441378235816956 113.97638496384025 -26.758809067308903
39.88364541530609 124.17872317135334 45.97279258817434 44.600897789001465 131.61882046237588 -32.92846043407917
39.88364541530609 124.17872317135334 45.97279258817434 44.88980460166931 137.11611234396696 -31.826687201857567
39.88364541530609 124.17872317135334 45.97279258817434 49.97305774688721 129.82847580686212 -32.32888255268335
39.88364541530609 124.17872317135334 45.97279258817434 44.400182127952576 122.5936179868877 -31.03960233926773
39.88364541530609 124.17872317135334 45.97279258817434 50.31802833080292 121.75060209259391 -10.232520088553429
39.88364541530609 124.17872317135334 45.97279258817434 47.33947491645813 118.87024973705411 -28.72898241877556
39.88364541530609 124.17872317135334 45.97279258817434 48.15340733528137 128.28398741781712 -17.455694288015366
39.88364541530609 124.17872317135334 45.97279258817434 47.53342688083649 127.65824353322387 -18.540935091674328
39.88364541530609 124.17872317135334 45.97279258817434 44.66287970542908 122.71146934852004 -2.820492021739483
39.88364541530609 124.17872317135334 45.97279258817434 39.86346077919006 126.3979774825275 -31.520187221467495
39.88364541530609 124.17872317135334 45.97279258817434 41.103421688079834 127.64946525171399 -29.34970561414957
39.88364541530609 124.17872317135334 45.97279258817434 50.432613492012024 121.76176048070192 -11.225872978568077
39.88364541530609 124.17872317135334 45.97279258817434 50.09459137916565 128.23647133633494 -22.26578799635172
39.88364541530609 124.17872317135334 45.97279258817434 39.24348032474518 125.77223359793425 -32.60542802512646
39.88364541530609 124.17872317135334 45.97279258817434 44.90351676940918 135.7501581646502 -32.847145177423954
39.88364541530609 124.17872317135334 45.97279258817434 54.6587370634079 121.70020348206162 -23.82611906528473
39.88364541530609 124.17872317135334 45.97279258817434 48.60686016082764 117.38982914760709 -28.59941676259041
60.568974018096924 125.05058471113443 30.24815320968628 61.830071568489075 122.58309271559119 -25.002366051077843
60.568974018096924 125.05058471113443 30.24815320968628 62.678192019462585 129.5021307170391 -27.846899293363094
60.568974018096924 125.05058471113443 30.24815320968628 62.79277718067169 129.51328910514712 -28.840252183377743
60.568974018096924 125.05058471113443 30.24815320968628 63.18461763858795 123.8457388728857 -23.825237333774567
60.568974018096924 125.05058471113443 30.24815320968628 62.04449939727783 130.24234101176262 -27.91168212145567
60.568974018096924 125.05058471113443 30.24815320968628 61.19637894630432 123.3233030103147 -25.067148879170418
60.568974018096924 125.05058471113443 30.24815320968628 62.0582115650177 128.87638683244586 -28.932140097022057
60.568974018096924 125.05058471113443 30.24815320968628 62.03181755542755 125.33731785044074 -24.948155879974365
60.568974018096924 125.05058471113443 30.24815320968628 62.564637184143066 123.21999498829246 -24.91047813743353
60.568974018096924 125.05058471113443 30.24815320968628 61.917232394218445 125.32615946233273 -23.954802989959717
60.568974018096924 125.05058471113443 30.24815320968628 61.29725193977356 124.70041557773948 -25.04004379361868
60.568974018096924 125.05058471113443 30.24815320968628 61.71548640727997 122.57193432748318 -24.009013161063194
60.568974018096924 125.05058471113443 30.24815320968628 61.094475626945496 128.21716778352857 -27.037322230637074
60.568974018096924 125.05058471113443 30.24815320968628 62.56360685825348 129.4909723289311 -26.853546403348446
60.568974018096924 125.05058471113443 30.24815320968628 61.2090607881546 128.22832617163658 -28.030675120651722
60.568974018096924 125.05058471113443 30.24815320968628 62.67922234535217 123.23115337640047 -25.903831027448177
60.568974018096924 125.05058471113443 30.24815320968628 62.15908455848694 130.25349939987063 -28.905035011470318
60.568974018096924 125.05058471113443 30.24815320968628 60.677271485328674 124.07467169314623 -26.12528459727764
60.568974018096924 125.05058471113443 30.24815320968628 63.413787961006165 123.86805564910173 -25.811943113803864
60.568974018096924 125.05058471113443 30.24815320968628 61.31096410751343 123.33446139842272 -26.060501769185066
55.144026041030884 119.76279140263796 37.616543762385845 59.39720439910889 120.65006912127137 -23.291324011981487
55.144026041030884 119.76279140263796 37.616543762385845 58.53434145450592 121.36796263977885 -21.369401060044765
55.144026041030884 119.76279140263796 37.616543762385845 58.63521444797516 122.74507520720363 -21.342295974493027
55.144026041030884 119.76279140263796 37.616543762385845 60.63716530799866 121.90155689045787 -21.120842404663563
55.144026041030884 119.76279140263796 37.616543762385845 59.36978006362915 123.38197747990489 -21.250408060848713
55.144026041030884 119.76279140263796 37.616543762385845 62.0582115650177 128.87638683244586 -28.932140097022057
55.144026041030884 119.76279140263796 37.616543762385845 62.04552972316742 123.97136367112398 -25.968613855540752
55.144026041030884 119.76279140263796 37.616543762385845 60.91339027881622 122.49382561072707 -17.055542930960655
55.144026041030884 119.76279140263796 37.616543762385845 59.32967388629913 121.20886267721653 -16.245965868234634
55.144026041030884 119.76279140263796 37.616543762385845 61.18266677856445 124.68925718963146 -24.04669090360403
55.144026041030884 119.76279140263796 37.616543762385845 61.317912578582764 121.73129853978753 -15.004054322838783
55.144026041030884 119.76279140263796 37.616543762385845 59.168034076690674 120.62775234505534 -21.30461823195219
55.144026041030884 119.76279140263796 37.616543762385845 61.93094456195831 123.96020528301597 -24.975260965526104
55.144026041030884 119.76279140263796 37.616543762385845 61.094475626945496 128.21716778352857 -27.037322230637074
55.144026041030884 119.76279140263796 37.616543762385845 61.29725193977356 124.70041557773948 -25.04004379361868
55.144026041030884 119.76279140263796 37.616543762385845 60.58334696292877 121.09439626708627 -15.095942236483097
55.144026041030884 119.76279140263796 37.616543762385845 63.29920279979706 123.85689726099372 -24.818590223789215
55.144026041030884 119.76279140263796 37.616543762385845 59.96336650848389 120.46865238249302 -16.18118304014206
55.144026041030884 119.76279140263796 37.616543762385845 59.436280250549316 129.09416126459837 -30.238834470510483
55.144026041030884 119.76279140263796 37.616543762385845 54.773322224617004 121.71136187016964 -24.819471955299377
56.283113956451416 119.63716660439968 39.75992028415203 60.44810116291046 124.0523549169302 -24.138578817248344
56.283113956451416 119.63716660439968 39.75992028415203 60.07795166969299 120.47981077060103 -17.174535930156708
56.283113956451416 119.63716660439968 39.75992028415203 61.30993378162384 129.60543873906136 -28.003570035099983
56.283113956451416 119.63716660439968 39.75992028415203 59.94965434074402 121.83460656180978 -15.160725064575672
56.283113956451416 119.63716660439968 39.75992028415203 61.43249773979187 121.74245692789555 -15.997407212853432
56.283113956451416 119.63716660439968 39.75992028415203 58.53434145450592 121.36796263977885 -21.369401060044765
56.283113956451416 119.63716660439968 39.75992028415203 58.69598126411438 121.94907297194004 -16.31074869632721
56.283113956451416 119.63716660439968 39.75992028415203 62.45005202293396 123.20883660018444 -23.91712524741888
56.283113956451416 119.63716660439968 39.75992028415203 59.21508872509003 121.19770428910851 -15.252612978219986
56.283113956451416 119.63716660439968 39.75992028415203 59.59895038604736 123.40429425612092 -23.23711384087801
56.283113956451416 119.63716660439968 39.75992028415203 62.665510177612305 124.59710755571723 -24.88337305188179
56.283113956451416 119.63716660439968 39.75992028415203 62.0582115650177 128.87638683244586 -28.932140097022057
56.283113956451416 119.63716660439968 39.75992028415203 62.04552972316742 123.97136367112398 -25.968613855540752
56.283113956451416 119.63716660439968 39.75992028415203 60.69793212413788 121.10555465519428 -16.089295126497746
56.283113956451416 119.63716660439968 39.75992028415203 58.01523399353027 122.11933132261038 -22.42753677815199
56.283113956451416 119.63716660439968 39.75992028415203 58.12981915473938 122.1304897107184 -23.420889668166637
56.283113956451416 119.63716660439968 39.75992028415203 58.69701159000397 115.6780956313014 -14.367680430412292
56.283113956451416 119.63716660439968 39.75992028415203 60.13177001476288 121.28697139397264 -23.199436098337173
56.283113956451416 119.63716660439968 39.75992028415203 59.28261923789978 120.63891073316336 -22.29797112196684
56.283113956451416 119.63716660439968 39.75992028415203 59.96336650848389 120.46865238249302 -16.18118304014206
41.53592264652252 118.63391520828009 40.060925647616386 45.20941150188446 119.228192307055 -3.8032722547650337
41.53592264652252 118.63391520828009 40.060925647616386 49.77252686023712 118.96290179342031 -7.306671589612961
41.53592264652252 118.63391520828009 40.060925647616386 50.10830354690552 126.87051715701818 -23.286245971918106
41.53592264652252 118.63391520828009 40.060925647616386 46.09951400756836 117.61876196786761 -30.899464026093483
41.53592264652252 118.63391520828009 40.060925647616386 51.78594446182251 131.1357555165887 -35.12516539543867
41.53592264652252 118.63391520828009 40.060925647616386 46.67938828468323 116.0713910497725 -24.809781029820442
41.53592264652252 118.63391520828009 40.060925647616386 47.13772892951965 116.11602460220456 -28.783192589879036
41.53592264652252 118.63391520828009 40.060925647616386 43.22117280960083 118.705756444484 -5.045183800160885
41.53592264652252 118.63391520828009 40.060925647616386 46.084771513938904 125.25569348782301 -31.822074316442013
41.53592264652252 118.63391520828009 40.060925647616386 50.9380087852478 122.37634597718716 -9.147279284894466
41.53592264652252 118.63391520828009 40.060925647616386 47.81171250343323 115.7085575722158 -10.589499086141586
41.53592264652252 118.63391520828009 40.060925647616386 51.06630611419678 121.02155018597841 -11.161090150475502
41.53592264652252 118.63391520828009 40.060925647616386 47.898688554763794 120.29199585691094 -32.67528889328241
41.53592264652252 118.63391520828009 40.060925647616386 47.520745038986206 122.75322037190199 -15.577408850193024
41.53592264652252 118.63391520828009 40.060925647616386 49.373737931251526 126.23361488431692 -23.37813388556242
41.53592264652252 118.63391520828009 40.060925647616386 48.202337861061096 118.15235621854663 -30.65090537071228
41.53592264652252 118.63391520828009 40.060925647616386 47.82439434528351 120.61358073353767 -13.55302532762289
41.53592264652252 118.63391520828009 40.060925647616386 45.6871976852417 124.41505770012736 -22.8171154782176
41.53592264652252 118.63391520828009 40.060925647616386 49.44229876995087 119.40384398773313 -28.480423763394356
41.53592264652252 118.63391520828009 40.060925647616386 55.507887840270996 122.3482641428709 -24.727584041655064
34.882665276527405 123.27063463255763 40.35224008560181 38.48046004772186 134.13821702450514 -32.599468253552914
34.882665276527405 123.27063463255763 40.35224008560181 50.92308151721954 131.85364903509617 -33.20324244350195
34.882665276527405 123.27063463255763 40.35224008560181 44.19740581512451 126.11037019267678 -33.036880776286125
34.882665276527405 123.27063463255763 40.35224008560181 51.152251839637756 131.8759658113122 -35.189948223531246
34.882665276527405 123.27063463255763 40.35224008560181 49.44229876995087 119.40384398773313 -28.480423763394356
34.882665276527405 123.27063463255763 40.35224008560181 45.31704819202423 120.8425135537982 -15.853072591125965
34.882665276527405 123.27063463255763 40.35224008560181 48.74783933162689 120.94005651772022 -33.57675386965275
34.882665276527405 123.27063463255763 40.35224008560181 46.346253991127014 133.4848937280476 -28.679385133087635
34.882665276527405 123.27063463255763 40.35224008560181 39.3044319152832 123.13585982471704 -4.440527878701687
34.882665276527405 123.27063463255763 40.35224008560181 52.405924916267395 131.76149940118194 -34.03992459177971
34.882665276527405 123.27063463255763 40.35224008560181 39.358065485954285 125.78339198604226 -33.598780915141106
34.882665276527405 123.27063463255763 40.35224008560181 46.67938828468323 116.0713910497725 -24.809781029820442
34.882665276527405 123.27063463255763 40.35224008560181 38.4550963640213 124.32817070186138 -26.672415770590305
34.882665276527405 123.27063463255763 40.35224008560181 46.68427610397339 127.01018287241459 -17.639470115303993
34.882665276527405 123.27063463255763 40.35224008560181 45.12000524997711 130.86745177954435 -31.870324715971947
34.882665276527405 123.27063463255763 40.35224008560181 47.366899251937866 116.13834137842059 -30.769898369908333
34.882665276527405 123.27063463255763 40.35224008560181 39.12889516353607 125.76107520982623 -31.61207513511181
34.882665276527405 123.27063463255763 40.35224008560181 44.46789741516113 120.19445289298892 -14.95160761475563
34.882665276527405 123.27063463255763 40.35224008560181 48.726333141326904 128.3397793583572 -22.422458738088608
34.882665276527405 123.27063463255763 40.35224008560181 46.5040363073349 116.85623489692807 -28.84797541797161
45.74260067939758 113.43012636899948 42.50111122429371 47.83218836784363 114.57981207221746 -23.686862483620644
45.74260067939758 113.43012636899948 42.50111122429371 49.051673412323 116.96004534140229 -8.419017478823662
45.74260067939758 113.43012636899948 42.50111122429371 47.29936873912811 116.69713493436575 -23.72454022616148
45.74260067939758 113.43012636899948 42.50111122429371 49.32874393463135 113.12170825898647 -25.54400260746479
45.74260067939758 113.43012636899948 42.50111122429371 59.33070421218872 114.93788533657789 -14.302897602319717
45.74260067939758 113.43012636899948 42.50111122429371 57.86157298088074 113.66408079117537 -14.486673429608345
45.74260067939758 113.43012636899948 42.50111122429371 48.202337861061096 118.15235621854663 -30.65090537071228
45.74260067939758 113.43012636899948 42.50111122429371 59.22983121871948 113.56077276915312 -14.330002687871456
45.74260067939758 113.43012636899948 42.50111122429371 59.168034076690674 120.62775234505534 -21.30461823195219
45.74260067939758 113.43012636899948 42.50111122429371 54.65300369262695 115.19201746210456 -9.806145377457142
45.74260067939758 113.43012636899948 42.50111122429371 50.29247987270355 113.78092730790377 -27.438820473849773
45.74260067939758 113.43012636899948 42.50111122429371 52.476731181144714 110.54940228536725 -12.122725069522858
45.74260067939758 113.43012636899948 42.50111122429371 50.14944005012512 122.77265461906791 -26.347619898617268
45.74260067939758 113.43012636899948 42.50111122429371 47.25231409072876 116.12718299031258 -29.776545479893684
45.74260067939758 113.43012636899948 42.50111122429371 58.467841267585754 115.65577885508537 -12.380974650382996
45.74260067939758 113.43012636899948 42.50111122429371 57.73327565193176 115.01887658238411 -12.47286256402731
45.74260067939758 113.43012636899948 42.50111122429371 52.85956251621246 119.0269695930183 -22.0502941980958
45.74260067939758 113.43012636899948 42.50111122429371 53.49325513839722 118.28675929829478 -21.985511370003223
45.74260067939758 113.43012636899948 42.50111122429371 47.9604856967926 113.22501628100872 -25.70067334920168
45.74260067939758 113.43012636899948 42.50111122429371 47.441378235816956 113.97638496384025 -26.758809067308903
55.77771866321564 119.02258110791445 37.68132659047842 60.17882466316223 121.85692333802581 -17.14743084460497
55.77771866321564 119.02258110791445 37.68132659047842 62.0582115650177 128.87638683244586 -28.932140097022057
55.77771866321564 119.02258110791445 37.68132659047842 58.810566425323486 121.96023136004806 -17.304101586341858
55.77771866321564 119.02258110791445 37.68132659047842 61.094475626945496 128.21716778352857 -27.037322230637074
55.77771866321564 119.02258110791445 37.68132659047842 60.63716530799866 121.90155689045787 -21.120842404663563
55.77771866321564 119.02258110791445 37.68132659047842 60.13177001476288 121.28697139397264 -23.199436098337173
55.77771866321564 119.02258110791445 37.68132659047842 60.86633563041687 121.9238736666739 -23.10754818469286
55.77771866321564 119.02258110791445 37.68132659047842 58.53434145450592 121.36796263977885 -21.369401060044765
55.77771866321564 119.02258110791445 37.68132659047842 61.18266677856445 124.68925718963146 -24.04669090360403
55.77771866321564 119.02258110791445 37.68132659047842 59.43054687976837 122.5859752446413 -16.218860782682896
55.77771866321564 119.02258110791445 37.68132659047842 59.32967388629913 121.20886267721653 -16.245965868234634
55.77771866321564 119.02258110791445 37.68132659047842 62.78009533882141 124.60826594382524 -25.87672594189644
55.77771866321564 119.02258110791445 37.68132659047842 58.749799609184265 122.75623359531164 -22.335648864507675
55.77771866321564 119.02258110791445 37.68132659047842 63.29920279979706 123.85689726099372 -24.818590223789215
55.77771866321564 119.02258110791445 37.68132659047842 61.29725193977356 124.70041557773948 -25.04004379361868
55.77771866321564 119.02258110791445 37.68132659047842 61.917232394218445 125.32615946233273 -23.954802989959717
55.77771866321564 119.02258110791445 37.68132659047842 59.33070421218872 114.93788533657789 -14.302897602319717
55.77771866321564 119.02258110791445 37.68132659047842 61.31096410751343 123.33446139842272 -26.060501769185066
55.77771866321564 119.02258110791445 37.68132659047842 62.04552972316742 123.97136367112398 -25.968613855540752
55.77771866321564 119.02258110791445 37.68132659047842 59.44425904750824 121.22002106532454 -17.239318758249283
38.74455749988556 124.30434796959162 43.82941606640816 50.640092849731445 131.02417163550854 -25.191636495292187
38.74455749988556 124.30434796959162 43.82941606640816 41.40725576877594 123.66945407539606 -4.191969223320484
38.74455749988556 124.30434796959162 43.82941606640816 37.24152946472168 126.61575191468 -32.82688159495592
38.74455749988556 124.30434796959162 43.82941606640816 37.20142328739166 124.44263711199164 -27.822439402341843
38.74455749988556 124.30434796959162 43.82941606640816 46.798861265182495 127.0213412605226 -18.63282300531864
38.74455749988556 124.30434796959162 43.82941606640816 47.99176752567291 127.70287708565593 -22.51434665173292
38.74455749988556 124.30434796959162 43.82941606640816 38.50891470909119 125.13533132523298 -32.69731593877077
38.74455749988556 124.30434796959162 43.82941606640816 39.20337414741516 123.59911879524589 -27.60098583251238
38.74455749988556 124.30434796959162 43.82941606640816 49.025094628334045 115.26134789735079 -27.568386130034924
38.74455749988556 124.30434796959162 43.82941606640816 46.83407962322235 118.25566424056888 -30.80757611244917
38.74455749988556 124.30434796959162 43.82941606640816 45.6871976852417 124.41505770012736 -22.8171154782176
38.74455749988556 124.30434796959162 43.82941606640816 46.67938828468323 116.0713910497725 -24.809781029820442
38.74455749988556 124.30434796959162 43.82941606640816 43.42067337036133 135.84230779856443 -32.010463029146194
38.74455749988556 124.30434796959162 43.82941606640816 49.009321808815 129.16925675794482 -30.43406468629837
38.74455749988556 124.30434796959162 43.82941606640816 40.83311486244202 131.72501101344824 -24.301625907421112
38.74455749988556 124.30434796959162 43.82941606640816 39.68829357624054 125.34244979172945 -12.42502874135971
38.74455749988556 124.30434796959162 43.82941606640816 38.844876170158386 131.20257515087724 -25.543537452816963
38.74455749988556 124.30434796959162 43.82941606640816 38.59607553482056 127.87839807197452 -31.649752877652645
38.74455749988556 124.30434796959162 43.82941606640816 48.052534341812134 126.90687485039234 -17.482799373567104
38.74455749988556 124.30434796959162 43.82941606640816 53.64015245437622 126.50480115041137 -17.849469296634197
38.22545003890991 125.05571665242314 42.771280348300934 48.038822174072266 128.2728290297091 -16.462341398000717
38.22545003890991 125.05571665242314 42.771280348300934 49.99371838569641 126.85935876891017 -22.292893081903458
38.22545003890991 125.05571665242314 42.771280348300934 47.74090623855591 136.92065468803048 -32.50669860839844
38.22545003890991 125.05571665242314 42.771280348300934 50.740965843200684 132.4012842029333 -25.164531409740448
38.22545003890991 125.05571665242314 42.771280348300934 38.50891470909119 125.13533132523298 -32.69731593877077
38.22545003890991 125.05571665242314 42.771280348300934 47.43931758403778 126.51833964511752 -30.644945599138737
38.22545003890991 125.05571665242314 42.771280348300934 40.88814830780029 124.42082275822759 -5.250104941427708
38.22545003890991 125.05571665242314 42.771280348300934 50.957454323768616 127.51857781782746 -24.18771094828844
38.22545003890991 125.05571665242314 42.771280348300934 47.83707618713379 125.51860389485955 -16.516551569104195
38.22545003890991 125.05571665242314 42.771280348300934 44.70195555686951 131.15556149184704 -9.768002480268478
38.22545003890991 125.05571665242314 42.771280348300934 50.492165207862854 129.0771071240306 -31.27074683457613
38.22545003890991 125.05571665242314 42.771280348300934 49.75759959220886 128.44020485132933 -31.362634748220444
38.22545003890991 125.05571665242314 42.771280348300934 38.71066069602966 127.88955646008253 -32.64310576766729
38.22545003890991 125.05571665242314 42.771280348300934 48.26799249649048 128.29514580592513 -18.449047178030014
38.22545003890991 125.05571665242314 42.771280348300934 50.99859082698822 123.42071527987719 -27.249084874987602
38.22545003890991 125.05571665242314 42.771280348300934 49.373737931251526 126.23361488431692 -23.37813388556242
38.22545003890991 125.05571665242314 42.771280348300934 48.782212138175964 116.60498530045152 -24.56122237443924
38.22545003890991 125.05571665242314 42.771280348300934 48.15340733528137 128.28398741781712 -17.455694288015366
38.22545003890991 125.05571665242314 42.771280348300934 44.87712275981903 132.21108918264508 -28.863160960376263
38.22545003890991 125.05571665242314 42.771280348300934 44.97799575328827 133.58820175006986 -28.836055874824524
55.02944087982178 119.75163301452994 38.609896652400494 58.91717278957367 129.8455299474299 -31.296970188617706
55.02944087982178 119.75163301452994 38.609896652400494 60.63716530799866 121.90155689045787 -21.120842404663563
55.02944087982178 119.75163301452994 38.609896652400494 59.54513204097748 122.59713363274932 -17.212213672697544
55.02944087982178 119.75163301452994 38.609896652400494 61.917232394218445 125.32615946233273 -23.954802989959717
55.02944087982178 119.75163301452994 38.609896652400494 61.830071568489075 122.58309271559119 -25.002366051077843
55.02944087982178 119.75163301452994 38.609896652400494 61.54708290100098 121.75361531600356 -16.99076010286808
55.02944087982178 119.75163301452994 38.609896652400494 60.44810116291046 124.0523549169302 -24.138578817248344
55.02944087982178 119.75163301452994 38.609896652400494 62.15908455848694 130.25349939987063 -28.905035011470318
55.02944087982178 119.75163301452994 38.609896652400494 60.17084586620331 129.73106353729963 -30.14694655686617
55.02944087982178 119.75163301452994 38.609896652400494 59.59895038604736 123.40429425612092 -23.23711384087801
55.02944087982178 119.75163301452994 38.609896652400494 54.6587370634079 121.70020348206162 -23.82611906528473
55.02944087982178 119.75163301452994 38.609896652400494 59.28261923789978 120.63891073316336 -22.29797112196684
55.02944087982178 119.75163301452994 38.609896652400494 60.0562607049942 129.71990514919162 -29.15359366685152
55.02944087982178 119.75163301452994 38.609896652400494 54.88790738582611 121.72252025827765 -25.812824845314026
55.02944087982178 119.75163301452994 38.609896652400494 62.678192019462585 129.5021307170391 -27.846899293363094
55.02944087982178 119.75163301452994 38.609896652400494 61.32364594936371 128.2394845597446 -29.02402801066637
55.02944087982178 119.75163301452994 38.609896652400494 58.69598126411438 121.94907297194004 -16.31074869632721
55.02944087982178 119.75163301452994 38.609896652400494 61.82904124259949 128.85407005622983 -26.94543431699276
55.02944087982178 119.75163301452994 38.609896652400494 62.665510177612305 124.59710755571723 -24.88337305188179
55.02944087982178 119.75163301452994 38.609896652400494 61.094475626945496 128.21716778352857 -27.037322230637074
55.130313873291016 121.12874558195472 38.63700173795223 61.830071568489075 122.58309271559119 -25.002366051077843
55.130313873291016 121.12874558195472 38.63700173795223 58.69598126411438 121.94907297194004 -16.31074869632721
55.130313873291016 121.12874558195472 38.63700173795223 60.17882466316223 121.85692333802581 -17.14743084460497
55.130313873291016 121.12874558195472 38.63700173795223 60.064239501953125 121.8457649499178 -16.15407795459032
55.130313873291016 121.12874558195472 38.63700173795223 59.65173840522766 130.48243222013116 -31.205082274973392
55.130313873291016 121.12874558195472 38.63700173795223 59.26890707015991 122.00486491248012 -21.27751314640045
55.130313873291016 121.12874558195472 38.63700173795223 60.58334696292877 121.09439626708627 -15.095942236483097
55.130313873291016 121.12874558195472 38.63700173795223 60.68421995639801 122.47150883451104 -15.068837150931358
55.130313873291016 121.12874558195472 38.63700173795223 61.2090607881546 128.22832617163658 -28.030675120651722
55.130313873291016 121.12874558195472 38.63700173795223 61.917232394218445 125.32615946233273 -23.954802989959717
55.130313873291016 121.12874558195472 38.63700173795223 58.283480167388916 130.5857402421534 -31.36175301671028
55.130313873291016 121.12874558195472 38.63700173795223 59.315961718559265 122.57481685653329 -15.225507892668247
55.130313873291016 121.12874558195472 38.63700173795223 60.69793212413788 121.10555465519428 -16.089295126497746
55.130313873291016 121.12874558195472 38.63700173795223 59.32967388629913 121.20886267721653 -16.245965868234634
55.130313873291016 121.12874558195472 38.63700173795223 61.43249773979187 121.74245692789555 -15.997407212853432
55.130313873291016 121.12874558195472 38.63700173795223 58.76351177692413 121.39027941599488 -23.356106840074062
55.130313873291016 121.12874558195472 38.63700173795223 55.40701484680176 120.97115157544613 -24.754689127206802
55.130313873291016 121.12874558195472 38.63700173795223 60.11805784702301 122.6529255732894 -22.178978122770786
55.130313873291016 121.12874558195472 38.63700173795223 62.04552972316742 123.97136367112398 -25.968613855540752
55.130313873291016 121.12874558195472 38.63700173795223 61.943626403808594 128.86522844433784 -27.938787207007408
45.82976150512695 116.17319311574101 43.548674285411835 59.44425904750824 121.22002106532454 -17.239318758249283
45.82976150512695 116.17319311574101 43.548674285411835 60.01718485355377 121.27581300586462 -22.206083208322525
45.82976150512695 116.17319311574101 43.548674285411835 60.13177001476288 121.28697139397264 -23.199436098337173
45.82976150512695 116.17319311574101 43.548674285411835 48.290529012680054 114.62444562464952 -27.660274043679237
45.82976150512695 116.17319311574101 43.548674285411835 47.92526733875275 121.99069330096245 -13.525920242071152
45.82976150512695 116.17319311574101 43.548674285411835 46.5040363073349 116.85623489692807 -28.84797541797161
45.82976150512695 116.17319311574101 43.548674285411835 54.03302323818207 114.56627357751131 -10.891386181116104
45.82976150512695 116.17319311574101 43.548674285411835 53.39238214492798 116.90964673087001 -22.012616455554962
45.82976150512695 116.17319311574101 43.548674285411835 52.476731181144714 110.54940228536725 -12.122725069522858
45.82976150512695 116.17319311574101 43.548674285411835 60.003472685813904 122.64176718518138 -21.185625232756138
45.82976150512695 116.17319311574101 43.548674285411835 49.32874393463135 113.12170825898647 -25.54400260746479
45.82976150512695 116.17319311574101 43.548674285411835 58.53434145450592 121.36796263977885 -21.369401060044765
45.82976150512695 116.17319311574101 43.548674285411835 46.09951400756836 117.61876196786761 -30.899464026093483
45.82976150512695 116.17319311574101 43.548674285411835 47.71083950996399 114.33144500479102 -10.616604171693325
45.82976150512695 116.17319311574101 43.548674285411835 58.48155343532562 114.28982467576861 -13.401432625949383
45.82976150512695 116.17319311574101 43.548674285411835 47.33947491645813 118.87024973705411 -28.72898241877556
45.82976150512695 116.17319311574101 43.548674285411835 50.27670705318451 127.6888361684978 -30.30449903011322
45.82976150512695 116.17319311574101 43.548674285411835 47.08982872962952 119.97667846083641 -13.644913241267204
45.82976150512695 116.17319311574101 43.548674285411835 52.758689522743225 117.64985702559352 -22.077399283647537
45.82976150512695 116.17319311574101 43.548674285411835 47.41987204551697 121.37610780447721 -15.604513935744762
41.16783380508423 102.51941638067365 50.91110506653786 47.71760320663452 114.56865368410945 -22.693509593605995
41.16783380508423 102.51941638067365 50.91110506653786 48.681339144706726 115.22787273302674 -24.58832745999098
41.16783380508423 102.51941638067365 50.91110506653786 45.0154595375061 110.44019851088524 -13.991319581866264
41.16783380508423 102.51941638067365 50.91110506653786 48.82334864139557 112.50712276250124 -27.6225963011384
41.16783380508423 102.51941638067365 50.91110506653786 49.54420208930969 114.50997921451926 -26.5102504119277
41.16783380508423 102.51941638067365 50.91110506653786 53.11042380332947 109.80919199064374 -12.057942241430283
41.16783380508423 102.51941638067365 50.91110506653786 46.093780636787415 111.11057594791055 -16.879490338265896
41.16783380508423 102.51941638067365 50.91110506653786 46.94293141365051 111.75863660871983 -17.78095531463623
41.16783380508423 102.51941638067365 50.91110506653786 45.02917170524597 109.07424433156848 -15.011777557432652
41.16783380508423 102.51941638067365 50.91110506653786 44.510064244270325 109.8256130144 -16.069913275539875
41.16783380508423 102.51941638067365 50.91110506653786 44.28089392185211 109.80329623818398 -14.083207495510578
41.16783380508423 102.51941638067365 50.91110506653786 44.49635207653046 111.19156719371676 -15.049455299973488
41.16783380508423 102.51941638067365 50.91110506653786 45.14375686645508 109.0854027196765 -16.0051304474473
41.16783380508423 102.51941638067365 50.91110506653786 45.588385343551636 110.49599045142531 -18.958084031939507
41.16783380508423 102.51941638067365 50.91110506653786 50.177894711494446 113.76976891979575 -26.445467583835125
41.16783380508423 102.51941638067365 50.91110506653786 45.57467317581177 111.86194463074207 -17.93762605637312
41.16783380508423 102.51941638067365 50.91110506653786 46.72747325897217 110.37036565318704 -16.81470751017332
41.16783380508423 102.51941638067365 50.91110506653786 47.55596339702606 113.98754335194826 -27.75216195732355
41.16783380508423 102.51941638067365 50.91110506653786 49.32874393463135 113.12170825898647 -25.54400260746479
41.16783380508423 102.51941638067365 50.91110506653786 49.6587872505188 114.52113760262728 -27.50360330194235
55.64942133426666 120.37737689912319 39.695137456059456 55.40701484680176 120.97115157544613 -24.754689127206802
55.64942133426666 120.37737689912319 39.695137456059456 60.07795166969299 120.47981077060103 -17.174535930156708
55.64942133426666 120.37737689912319 39.695137456059456 59.38349223136902 122.01602330058813 -22.2708660364151
55.64942133426666 120.37737689912319 39.695137456059456 62.03181755542755 125.33731785044074 -24.948155879974365
55.64942133426666 120.37737689912319 39.695137456059456 61.411837100982666 124.71157396584749 -26.033396683633327
55.64942133426666 120.37737689912319 39.695137456059456 60.27969765663147 123.23403590545058 -17.12032575905323
55.64942133426666 120.37737689912319 39.695137456059456 61.929914236068726 130.2311826236546 -26.91832923144102
55.64942133426666 120.37737689912319 39.695137456059456 60.58334696292877 121.09439626708627 -15.095942236483097
55.64942133426666 120.37737689912319 39.695137456059456 58.810566425323486 121.96023136004806 -17.304101586341858
55.64942133426666 120.37737689912319 39.695137456059456 59.168034076690674 120.62775234505534 -21.30461823195219
55.64942133426666 120.37737689912319 39.695137456059456 61.18266677856445 124.68925718963146 -24.04669090360403
55.64942133426666 120.37737689912319 39.695137456059456 61.30993378162384 129.60543873906136 -28.003570035099983
55.64942133426666 120.37737689912319 39.695137456059456 61.54708290100098 121.75361531600356 -16.99076010286808
55.64942133426666 120.37737689912319 39.695137456059456 62.78009533882141 124.60826594382524 -25.87672594189644
55.64942133426666 120.37737689912319 39.695137456059456 58.12981915473938 122.1304897107184 -23.420889668166637
55.64942133426666 120.37737689912319 39.695137456059456 60.23264300823212 122.66408396139741 -23.172331012785435
55.64942133426666 120.37737689912319 39.695137456059456 59.32169508934021 129.08300287649035 -29.245481580495834
55.64942133426666 120.37737689912319 39.695137456059456 62.04552972316742 123.97136367112398 -25.968613855540752
55.64942133426666 120.37737689912319 39.695137456059456 61.525391936302185 130.99370969459414 -28.969817839562893
55.64942133426666 120.37737689912319 39.695137456059456 60.01718485355377 121.27581300586462 -22.206083208322525
33.238182067871094 122.78167393431067 36.13026987016201 38.89990961551666 123.89838689565659 -6.492016486823559
33.238182067871094 122.78167393431067 36.13026987016201 48.633254170417786 120.92889812961221 -32.5834009796381
33.238182067871094 122.78167393431067 36.13026987016201 47.797815561294556 118.91488328948617 -32.70239397883415
33.238182067871094 122.78167393431067 36.13026987016201 40.733272194862366 124.07692110538483 -22.385662727057934
33.238182067871094 122.78167393431067 36.13026987016201 41.90570259094238 125.88720243051648 -13.169822975993156
33.238182067871094 122.78167393431067 36.13026987016201 37.82140374183655 125.06838099658489 -26.73719859868288
33.238182067871094 122.78167393431067 36.13026987016201 37.935988903045654 125.07953938469291 -27.73055148869753
33.238182067871094 122.78167393431067 36.13026987016201 39.83603644371033 129.129885841161 -29.47927127033472
33.238182067871094 122.78167393431067 36.13026987016201 44.400182127952576 122.5936179868877 -31.03960233926773
33.238182067871094 122.78167393431067 36.13026987016201 44.600897789001465 131.61882046237588 -32.92846043407917
33.238182067871094 122.78167393431067 36.13026987016201 44.318939447402954 124.51836572214961 -22.97378621995449
33.238182067871094 122.78167393431067 36.13026987016201 44.51476728916168 122.60477637499571 -32.03295522928238
33.238182067871094 122.78167393431067 36.13026987016201 46.83407962322235 118.25566424056888 -30.80757611244917
33.238182067871094 122.78167393431067 36.13026987016201 38.35422337055206 122.95105813443661 -26.699520856142044
33.238182067871094 122.78167393431067 36.13026987016201 37.848828077316284 122.33647263795137 -28.778114549815655
33.238182067871094 122.78167393431067 36.13026987016201 40.25445568561554 125.1610330529511 -5.314887769520283
33.238182067871094 122.78167393431067 36.13026987016201 38.785324454307556 123.88722850754857 -5.49866359680891
33.238182067871094 122.78167393431067 36.13026987016201 39.93812453746796 122.39564952999353 -4.375745050609112
33.238182067871094 122.78167393431067 36.13026987016201 39.20337414741516 123.59911879524589 -27.60098583251238
33.238182067871094 122.78167393431067 36.13026987016201 38.09068024158478 127.26381257548928 -33.728346571326256
35.09812343120575 124.65890558809042 39.3859922811389 51.03766667842865 131.86480742320418 -34.1965953335166
35.09812343120575 124.65890558809042 39.3859922811389 42.25640654563904 124.31751473620534 -5.093434199690819
35.09812343120575 124.65890558809042 39.3859922811389 44.41981244087219 125.89547828957438 -22.946681134402752
35.09812343120575 124.65890558809042 39.3859922811389 43.535258531570435 135.85346618667245 -33.00381591916084
35.09812343120575 124.65890558809042 39.3859922811389 45.61168837547302 132.84799145534635 -28.77127304673195
35.09812343120575 124.65890558809042 39.3859922811389 41.31887984275818 129.03773620724678 -30.31595341861248
35.09812343120575 124.65890558809042 39.3859922811389 41.4530953168869 132.3507548980415 -23.21638510376215
35.09812343120575 124.65890558809042 39.3859922811389 49.238492131233215 129.19157353416085 -32.42077046632767
35.09812343120575 124.65890558809042 39.3859922811389 38.46880853176117 122.96221652254462 -27.692873746156693
35.09812343120575 124.65890558809042 39.3859922811389 40.08483707904816 132.45406292006373 -23.37305584549904
35.09812343120575 124.65890558809042 39.3859922811389 46.618621468544006 116.86739328503609 -29.84132830798626
35.09812343120575 124.65890558809042 39.3859922811389 45.72627353668213 132.85914984345436 -29.764625936746597
35.09812343120575 124.65890558809042 39.3859922811389 48.908448815345764 127.79214419052005 -30.46116977185011
35.09812343120575 124.65890558809042 39.3859922811389 39.24939846992493 130.4400480799377 -23.49204884469509
35.09812343120575 124.65890558809042 39.3859922811389 39.950621604919434 129.14104422926903 -30.47262416034937
35.09812343120575 124.65890558809042 39.3859922811389 43.6852468252182 125.25857601687312 -23.038569048047066
35.09812343120575 124.65890558809042 39.3859922811389 38.83116400241852 132.568529330194 -24.523079477250576
35.09812343120575 124.65890558809042 39.3859922811389 50.65380501747131 129.65821745619178 -26.212094470858574
35.09812343120575 124.65890558809042 39.3859922811389 46.98792541027069 124.87054323405027 -15.61508659273386
35.09812343120575 124.65890558809042 39.3859922811389 45.13474774360657 123.23052025958896 -30.947714425623417
36.122626185417175 124.52212240174413 42.52272169291973 51.5567741394043 131.11343874037266 -33.138459615409374
36.122626185417175 124.52212240174413 42.52272169291973 47.54019057750702 127.8954522125423 -30.617840513586998
36.122626185417175 124.52212240174413 42.52272169291973 47.59992706775665 133.37042731791735 -27.529361501336098
36.122626185417175 124.52212240174413 42.52272169291973 51.388370633125305 130.29511972889304 -26.12020655721426
36.122626185417175 124.52212240174413 42.52272169291973 39.990912556648254 129.47378749400377 -12.343713484704494
36.122626185417175 124.52212240174413 42.52272169291973 49.42079257965088 126.8035668283701 -17.326128631830215
36.122626185417175 124.52212240174413 42.52272169291973 49.78399360179901 131.97927383333445 -35.346618965268135
36.122626185417175 124.52212240174413 42.52272169291973 46.85164928436279 134.09947922453284 -26.600791439414024
36.122626185417175 124.52212240174413 42.52272169291973 47.080819606781006 134.12179600074887 -28.58749721944332
36.122626185417175 124.52212240174413 42.52272169291973 45.45107889175415 125.99590378254652 -31.886857144534588
36.122626185417175 124.52212240174413 42.52272169291973 44.66287970542908 122.71146934852004 -2.820492021739483
36.122626185417175 124.52212240174413 42.52272169291973 39.4511444568634 133.19427321478724 -23.437838673591614
36.122626185417175 124.52212240174413 42.52272169291973 50.14944005012512 122.77265461906791 -26.347619898617268
36.122626185417175 124.52212240174413 42.52272169291973 45.13474774360657 123.23052025958896 -30.947714425623417
36.122626185417175 124.52212240174413 42.52272169291973 47.304256558418274 127.63592675700784 -16.55422931164503
36.122626185417175 124.52212240174413 42.52272169291973 41.50812876224518 125.04656664282084 -4.164864137768745
36.122626185417175 124.52212240174413 42.52272169291973 43.64984369277954 135.86462457478046 -33.99716880917549
36.122626185417175 124.52212240174413 42.52272169291973 45.005420088768005 130.85629339143634 -30.8769718259573
36.122626185417175 124.52212240174413 42.52272169291973 46.05161380767822 121.47941582649946 -15.761184677481651
36.122626185417175 124.52212240174413 42.52272169291973 42.25640654563904 124.31751473620534 -5.093434199690819
41.91611158847809 101.79036447405815 49.982535004615784 46.842058420181274 110.38152404129505 -17.80806040018797
41.91611158847809 101.79036447405815 49.982535004615784 47.32679307460785 113.96522657573223 -25.765456177294254
41.91611158847809 101.79036447405815 49.982535004615784 48.290529012680054 114.62444562464952 -27.660274043679237
41.91611158847809 101.79036447405815 49.982535004615784 46.22207796573639 109.7557801567018 -18.89330120384693
41.91611158847809 101.79036447405815 49.982535004615784 49.6587872505188 114.52113760262728 -27.50360330194235
41.91611158847809 101.79036447405815 49.982535004615784 46.10749280452728 109.74462176859379 -17.899948313832283
41.91611158847809 101.79036447405815 49.982535004615784 48.82334864139557 112.50712276250124 -27.6225963011384
41.91611158847809 101.79036447405815 49.982535004615784 45.47380018234253 110.4848320633173 -17.964731141924858
41.91611158847809 101.79036447405815 49.982535004615784 47.441378235816956 113.97638496384025 -26.758809067308903
41.91611158847809 101.79036447405815 49.982535004615784 47.9604856967926 113.22501628100872 -25.70067334920168
41.91611158847809 101.79036447405815 49.982535004615784 45.76373732089996 109.71114660426974 -14.919889643788338
41.91611158847809 101.79036447405815 49.982535004615784 49.55791425704956 113.1440250352025 -27.530708387494087
41.91611158847809 101.79036447405815 49.982535004615784 45.87832248210907 109.72230499237776 -15.913242533802986
41.91611158847809 101.79036447405815 49.982535004615784 51.74216556549072 109.91250001266599 -12.214612983167171
41.91611158847809 101.79036447405815 49.982535004615784 48.695051312446594 113.86191855370998 -25.608785435557365
41.91611158847809 101.79036447405815 49.982535004615784 46.093780636787415 111.11057594791055 -16.879490338265896
41.91611158847809 101.79036447405815 49.982535004615784 48.17594385147095 114.61328723654151 -26.66692115366459
41.91611158847809 101.79036447405815 49.982535004615784 45.64915215969086 109.69998821616173 -13.92653675377369
41.91611158847809 101.79036447405815 49.982535004615784 47.46203887462616 111.0072679258883 -16.722819596529007
41.91611158847809 101.79036447405815 49.982535004615784 48.07507085800171 113.23617466911674 -26.694026239216328
37.50459659099579 123.05286020040512 41.65893445909023 41.50812876224518 125.04656664282084 -4.164864137768745
37.50459659099579 123.05286020040512 41.65893445909023 37.835115909576416 123.70242681726813 -27.757656574249268
37.50459659099579 123.05286020040512 41.65893445909023 51.03766667842865 131.86480742320418 -34.1965953335166
37.50459659099579 123.05286020040512 41.65893445909023 40.06520676612854 129.15220261737704 -31.465977050364017
37.50459659099579 123.05286020040512 41.65893445909023 39.86346077919006 126.3979774825275 -31.520187221467495
37.50459659099579 123.05286020040512 41.65893445909023 45.46479105949402 124.62994960322976 -32.907315120100975
37.50459659099579 123.05286020040512 41.65893445909023 40.46972906589508 128.3896755464375 -29.414488442242146
37.50459659099579 123.05286020040512 41.65893445909023 48.68622696399689 126.16666455566883 -17.41801654547453
37.50459659099579 123.05286020040512 41.65893445909023 47.92526733875275 121.99069330096245 -13.525920242071152
37.50459659099579 123.05286020040512 41.65893445909023 40.13987052440643 125.14987466484308 -4.321534879505634
37.50459659099579 123.05286020040512 41.65893445909023 50.640092849731445 131.02417163550854 -25.191636495292187
37.50459659099579 123.05286020040512 41.65893445909023 48.707733154296875 118.76694171503186 -28.57231167703867
37.50459659099579 123.05286020040512 41.65893445909023 48.67251479625702 127.53261873498559 -16.397558569908142
37.50459659099579 123.05286020040512 41.65893445909023 48.27475619316101 128.53235448524356 -30.525952599942684
37.50459659099579 123.05286020040512 41.65893445909023 39.45893847942352 127.16050455346704 -33.57167582958937
37.50459659099579 123.05286020040512 41.65893445909023 38.09068024158478 127.26381257548928 -33.728346571326256
37.50459659099579 123.05286020040512 41.65893445909023 38.05057406425476 125.09069777280092 -28.723904378712177
37.50459659099579 123.05286020040512 41.65893445909023 44.4611337184906 119.95724421367049 -2.8747021928429604
37.50459659099579 123.05286020040512 41.65893445909023 48.57164180278778 126.15550616756082 -16.42466365545988
37.50459659099579 123.05286020040512 41.65893445909023 46.98792541027069 124.87054323405027 -15.61508659273386
39.59370827674866 124.9524086304009 42.92795109003782 42.1555335521698 122.94040216878057 -5.1205392852425575
39.59370827674866 124.9524086304009 42.92795109003782 46.56969094276428 126.99902448430657 -16.646117225289345
39.59370827674866 124.9524086304009 42.92795109003782 50.37758004665375 129.06594873592257 -30.27739394456148
39.59370827674866 124.9524086304009 42.92795109003782 52.85956251621246 119.0269695930183 -22.0502941980958
39.59370827674866 124.9524086304009 42.92795109003782 51.02395451068878 133.23076160252094 -33.17613735795021
39.59370827674866 124.9524086304009 42.92795109003782 54.873164892196655 129.35945177823305 -26.735435135662556
39.59370827674866 124.9524086304009 42.92795109003782 50.291449546813965 120.0519046485424 -29.38188873976469
39.59370827674866 124.9524086304009 42.92795109003782 48.67251479625702 127.53261873498559 -16.397558569908142
39.59370827674866 124.9524086304009 42.92795109003782 45.41115748882294 121.98241744190454 -3.7490620836615562
39.59370827674866 124.9524086304009 42.92795109003782 51.253124833106995 133.25307837873697 -35.16284313797951
39.59370827674866 124.9524086304009 42.92795109003782 48.033934354782104 117.33403720706701 -23.632652312517166
39.59370827674866 124.9524086304009 42.92795109003782 47.99176752567291 127.70287708565593 -22.51434665173292
39.59370827674866 124.9524086304009 42.92795109003782 39.86346077919006 126.3979774825275 -31.520187221467495
39.59370827674866 124.9524086304009 42.92795109003782 50.92514216899872 119.3116943538189 -29.317105911672115
39.59370827674866 124.9524086304009 42.92795109003782 58.283480167388916 130.5857402421534 -31.36175301671028
39.59370827674866 124.9524086304009 42.92795109003782 41.622713923454285 125.05772503092885 -5.158217027783394
39.59370827674866 124.9524086304009 42.92795109003782 47.41987204551697 121.37610780447721 -15.604513935744762
39.59370827674866 124.9524086304009 42.92795109003782 48.038822174072266 128.2728290297091 -16.462341398000717
39.59370827674866 124.9524086304009 42.92795109003782 48.220937848091125 127.72519386187196 -24.50105243176222
39.59370827674866 124.9524086304009 42.92795109003782 46.68427610397339 127.01018287241459 -17.639470115303993
55.50149369239807 118.43031238764524 33.61602711677551 60.677271485328674 124.07467169314623 -26.12528459727764
55.50149369239807 118.43031238764524 33.61602711677551 59.59895038604736 123.40429425612092 -23.23711384087801
55.50149369239807 118.43031238764524 33.61602711677551 60.58334696292877 121.09439626708627 -15.095942236483097
55.50149369239807 118.43031238764524 33.61602711677551 58.76351177692413 121.39027941599488 -23.356106840074062
55.50149369239807 118.43031238764524 33.61602711677551 61.43249773979187 121.74245692789555 -15.997407212853432
55.50149369239807 118.43031238764524 33.61602711677551 57.90064883232117 122.10817293450236 -21.43418388813734
55.50149369239807 118.43031238764524 33.61602711677551 60.05052733421326 123.21171912923455 -15.133619979023933
55.50149369239807 118.43031238764524 33.61602711677551 59.94965434074402 121.83460656180978 -15.160725064575672
55.50149369239807 118.43031238764524 33.61602711677551 59.168034076690674 120.62775234505534 -21.30461823195219
55.50149369239807 118.43031238764524 33.61602711677551 62.665510177612305 124.59710755571723 -24.88337305188179
55.50149369239807 118.43031238764524 33.61602711677551 59.902599692344666 121.2646546177566 -21.212730318307877
55.50149369239807 118.43031238764524 33.61602711677551 61.81635940074921 123.94904689490795 -23.981908075511456
55.50149369239807 118.43031238764524 33.61602711677551 62.04552972316742 123.97136367112398 -25.968613855540752
55.50149369239807 118.43031238764524 33.61602711677551 61.71548640727997 122.57193432748318 -24.009013161063194
55.50149369239807 118.43031238764524 33.61602711677551 61.94465672969818 122.59425110369921 -25.99571894109249
55.50149369239807 118.43031238764524 33.61602711677551 61.19637894630432 123.3233030103147 -25.067148879170418
55.50149369239807 118.43031238764524 33.61602711677551 63.18461763858795 123.8457388728857 -23.825237333774567
55.50149369239807 118.43031238764524 33.61602711677551 58.53434145450592 121.36796263977885 -21.369401060044765
55.50149369239807 118.43031238764524 33.61602711677551 59.28261923789978 120.63891073316336 -22.29797112196684
55.50149369239807 118.43031238764524 33.61602711677551 62.564637184143066 123.21999498829246 -24.91047813743353
33.39982187747955 123.36278426647186 41.188922233879566 43.84791696071625 119.56870900839567 -16.036848418414593
33.39982187747955 123.36278426647186 41.188922233879566 47.366899251937866 116.13834137842059 -30.769898369908333
33.39982187747955 123.36278426647186 41.188922233879566 45.87034368515015 117.59644519165158 -28.912758246064186
33.39982187747955 123.36278426647186 41.188922233879566 50.822208523750305 130.4765364676714 -33.23034752905369
33.39982187747955 123.36278426647186 41.188922233879566 49.77131175994873 127.07425067201257 -32.38309272378683
33.39982187747955 123.36278426647186 41.188922233879566 40.787275314331055 123.04371019080281 -5.277210026979446
33.39982187747955 123.36278426647186 41.188922233879566 39.51989006996155 124.52413078024983 -5.406775683164597
33.39982187747955 123.36278426647186 41.188922233879566 44.94568359851837 125.38131828606129 -33.9654508382082
33.39982187747955 123.36278426647186 41.188922233879566 42.086787939071655 131.61054460331798 -23.151602275669575
33.39982187747955 123.36278426647186 41.188922233879566 38.83116400241852 132.568529330194 -24.523079477250576
33.39982187747955 123.36278426647186 41.188922233879566 49.48832309246063 126.24477327242494 -24.37148677557707
33.39982187747955 123.36278426647186 41.188922233879566 45.106293082237244 132.2334059588611 -30.84986674040556
33.39982187747955 123.36278426647186 41.188922233879566 39.83603644371033 129.129885841161 -29.47927127033472
33.39982187747955 123.36278426647186 41.188922233879566 49.32771360874176 119.39268559962511 -27.487070873379707
33.39982187747955 123.36278426647186 41.188922233879566 41.0027334690094 124.4319811463356 -6.243457831442356
33.39982187747955 123.36278426647186 41.188922233879566 38.68445146083832 122.5101159401238 -5.525768682360649
33.39982187747955 123.36278426647186 41.188922233879566 37.84676742553711 134.87842731922865 -32.66425108164549
33.39982187747955 123.36278426647186 41.188922233879566 38.59607553482056 127.87839807197452 -31.649752877652645
33.39982187747955 123.36278426647186 41.188922233879566 37.21513545513153 123.07668293267488 -28.84289737790823
33.39982187747955 123.36278426647186 41.188922233879566 50.60675036907196 129.0882655121386 -32.26409972459078
59.389779925346375 123.00309470668435 33.10921888053417 61.30993378162384 129.60543873906136 -28.003570035099983
59.389779925346375 123.00309470668435 33.10921888053417 60.56268632411957 124.06351330503821 -25.131931707262993
59.389779925346375 123.00309470668435 33.10921888053417 60.751750469207764 121.91271527856588 -22.11419529467821
59.389779925346375 123.00309470668435 33.10921888053417 60.17882466316223 121.85692333802581 -17.14743084460497
59.389779925346375 123.00309470668435 33.10921888053417 60.91339027881622 122.49382561072707 -17.055542930960655
59.389779925346375 123.00309470668435 33.10921888053417 60.01718485355377 121.27581300586462 -22.206083208322525
59.389779925346375 123.00309470668435 33.10921888053417 61.32364594936371 128.2394845597446 -29.02402801066637
59.389779925346375 123.00309470668435 33.10921888053417 61.94465672969818 122.59425110369921 -25.99571894109249
59.389779925346375 123.00309470668435 33.10921888053417 61.81635940074921 123.94904689490795 -23.981908075511456
59.389779925346375 123.00309470668435 33.10921888053417 60.16511249542236 123.22287751734257 -16.126972869038582
59.389779925346375 123.00309470668435 33.10921888053417 62.0582115650177 128.87638683244586 -28.932140097022057
59.389779925346375 123.00309470668435 33.10921888053417 63.18461763858795 123.8457388728857 -23.825237333774567
59.389779925346375 123.00309470668435 33.10921888053417 62.15908455848694 130.25349939987063 -28.905035011470318
59.389779925346375 123.00309470668435 33.10921888053417 61.82904124259949 128.85407005622983 -26.94543431699276
59.389779925346375 123.00309470668435 33.10921888053417 62.78009533882141 124.60826594382524 -25.87672594189644
59.389779925346375 123.00309470668435 33.10921888053417 60.27969765663147 123.23403590545058 -17.12032575905323
59.389779925346375 123.00309470668435 33.10921888053417 62.665510177612305 124.59710755571723 -24.88337305188179
59.389779925346375 123.00309470668435 33.10921888053417 60.003472685813904 122.64176718518138 -21.185625232756138
59.389779925346375 123.00309470668435 33.10921888053417 62.5509250164032 124.58594916760921 -23.89002016186714
59.389779925346375 123.00309470668435 33.10921888053417 59.498077392578125 122.02718168869615 -23.26421892642975
33.90315651893616 136.51932444423437 39.38137939572334 37.98201322555542 131.92046866938472 -23.62161450088024
33.90315651893616 136.51932444423437 39.38137939572334 38.68220603466034 136.8924421593547 -32.545258082449436
33.90315651893616 136.51932444423437 39.38137939572334 39.31589865684509 136.15223186463118 -32.48047525435686
33.90315651893616 136.51932444423437 39.38137939572334 35.87139534950256 137.4206430800259 -13.736336000263691
33.90315651893616 136.51932444423437 39.38137939572334 36.100565671920776 137.44295985624194 -15.723041780292988
33.90315651893616 136.51932444423437 39.38137939572334 41.8625054359436 142.52701964974403 -13.994585581123829
33.90315651893616 136.51932444423437 39.38137939572334 34.551037311553955 133.6632972434163 -29.03128609061241
33.90315651893616 136.51932444423437 39.38137939572334 42.179866909980774 139.02142583206296 -12.990660034120083
33.90315651893616 136.51932444423437 39.38137939572334 44.50002479553223 130.2417078949511 -32.95556551963091
33.90315651893616 136.51932444423437 39.38137939572334 41.42464065551758 141.35364059731364 -23.118537418544292
33.90315651893616 136.51932444423437 39.38137939572334 41.24252498149872 141.90127576515079 -15.079826384782791
33.90315651893616 136.51932444423437 39.38137939572334 48.090579867362976 141.62194433435798 -26.373378098011017
33.90315651893616 136.51932444423437 39.38137939572334 40.690075039863586 140.71673832461238 -23.210425332188606
33.90315651893616 136.51932444423437 39.38137939572334 39.10044050216675 134.7639609090984 -31.51422744989395
33.90315651893616 136.51932444423437 39.38137939572334 40.21313440799713 131.099267128855 -25.386866711080074
33.90315651893616 136.51932444423437 39.38137939572334 40.90553319454193 142.10500928014517 -24.176673136651516
33.90315651893616 136.51932444423437 39.38137939572334 48.448047518730164 140.28946531936526 -30.37389474362135
33.90315651893616 136.51932444423437 39.38137939572334 43.535258531570435 135.85346618667245 -33.00381591916084
33.90315651893616 136.51932444423437 39.38137939572334 46.45407545566559 133.2588434368372 -17.595832601189613
33.90315651893616 136.51932444423437 39.38137939572334 47.612608909606934 138.27545047923923 -30.492887742817402
32.389031291007996 122.1336132735014 37.031734846532345 42.134872913360596 125.90951920673251 -15.156528756022453
32.389031291007996 122.1336132735014 37.031734846532345 44.43352460861206 124.52952411025763 -23.96713910996914
32.389031291007996 122.1336132735014 37.031734846532345 41.31887984275818 129.03773620724678 -30.31595341861248
32.389031291007996 122.1336132735014 37.031734846532345 45.96915602684021 131.51551244035363 -32.77178969234228
32.389031291007996 122.1336132735014 37.031734846532345 37.87522208690643 125.8755416199565 -32.762098766863346
32.389031291007996 122.1336132735014 37.031734846532345 44.600897789001465 131.61882046237588 -32.92846043407917
32.389031291007996 122.1336132735014 37.031734846532345 39.51989006996155 124.52413078024983 -5.406775683164597
32.389031291007996 122.1336132735014 37.031734846532345 41.33259201049805 127.67178202793002 -31.336411394178867
32.389031291007996 122.1336132735014 37.031734846532345 39.34435331821442 127.14934616535902 -32.57832293957472
32.389031291007996 122.1336132735014 37.031734846532345 48.10146486759186 116.77524365112185 -30.67801045626402
32.389031291007996 122.1336132735014 37.031734846532345 39.31795930862427 123.6102771833539 -28.594338722527027
32.389031291007996 122.1336132735014 37.031734846532345 38.785324454307556 123.88722850754857 -5.49866359680891
32.389031291007996 122.1336132735014 37.031734846532345 49.02303397655487 127.80330257862806 -31.454522661864758
32.389031291007996 122.1336132735014 37.031734846532345 43.665616512298584 121.95671571418643 -31.131490252912045
32.389031291007996 122.1336132735014 37.031734846532345 45.56566405296326 126.00706217065454 -32.880210034549236
32.389031291007996 122.1336132735014 37.031734846532345 38.67073929309845 123.87607011944056 -4.505310706794262
32.389031291007996 122.1336132735014 37.031734846532345 44.19740581512451 126.11037019267678 -33.036880776286125
32.389031291007996 122.1336132735014 37.031734846532345 38.050758838653564 123.25032623484731 -5.590551510453224
32.389031291007996 122.1336132735014 37.031734846532345 40.092631101608276 126.42029425874352 -33.50689300149679
32.389031291007996 122.1336132735014 37.031734846532345 38.037046670913696 124.61628041416407 -4.570093534886837
42.675010561943054 118.50829041004181 42.20430216938257 50.177894711494446 113.76976891979575 -26.445467583835125
42.675010561943054 118.50829041004181 42.20430216938257 43.84791696071625 119.56870900839567 -16.036848418414593
42.675010561943054 118.50829041004181 42.20430216938257 49.025094628334045 115.26134789735079 -27.568386130034924
42.675010561943054 118.50829041004181 42.20430216938257 52.85956251621246 119.0269695930183 -22.0502941980958
42.675010561943054 118.50829041004181 42.20430216938257 48.04764652252197 115.96808302775025 -24.653110288083553
42.675010561943054 118.50829041004181 42.20430216938257 48.72144532203674 117.4009875357151 -29.592769652605057
42.675010561943054 118.50829041004181 42.20430216938257 55.10233521461487 129.38176855444908 -28.722140915691853
42.675010561943054 118.50829041004181 42.20430216938257 48.5589599609375 121.25048300623894 -13.461137413978577
42.675010561943054 118.50829041004181 42.20430216938257 47.938979506492615 120.62473912164569 -14.546378217637539
42.675010561943054 118.50829041004181 42.20430216938257 49.583462715148926 121.11369981989264 -10.324408002197742
42.675010561943054 118.50829041004181 42.20430216938257 47.92526733875275 121.99069330096245 -13.525920242071152
42.675010561943054 118.50829041004181 42.20430216938257 52.5205100774765 131.77265778928995 -35.03327748179436
42.675010561943054 118.50829041004181 42.20430216938257 50.391292214393616 127.69999455660582 -31.29785192012787
42.675010561943054 118.50829041004181 42.20430216938257 49.67165386676788 117.58578922599554 -7.3337766751646996
42.675010561943054 118.50829041004181 42.20430216938257 50.10830354690552 126.87051715701818 -23.286245971918106
42.675010561943054 118.50829041004181 42.20430216938257 45.20941150188446 119.228192307055 -3.8032722547650337
42.675010561943054 118.50829041004181 42.20430216938257 44.94568359851837 125.38131828606129 -33.9654508382082
42.675010561943054 118.50829041004181 42.20430216938257 44.09653282165527 124.73325762525201 -33.063985861837864
42.675010561943054 118.50829041004181 42.20430216938257 50.31802833080292 121.75060209259391 -10.232520088553429
42.675010561943054 118.50829041004181 42.20430216938257 52.77935016155243 114.68073998764157 -12.041409812867641
57.34772288799286 121.67349822074175 37.89220750331879 58.58139610290527 121.93791458383203 -15.317395806312561
57.34772288799286 121.67349822074175 37.89220750331879 60.56268632411957 124.06351330503821 -25.131931707262993
57.34772288799286 121.67349822074175 37.89220750331879 58.91717278957367 129.8455299474299 -31.296970188617706
57.34772288799286 121.67349822074175 37.89220750331879 60.68421995639801 122.47150883451104 -15.068837150931358
57.34772288799286 121.67349822074175 37.89220750331879 60.003472685813904 122.64176718518138 -21.185625232756138
57.34772288799286 121.67349822074175 37.89220750331879 61.94465672969818 122.59425110369921 -25.99571894109249
57.34772288799286 121.67349822074175 37.89220750331879 59.55086541175842 129.10531965270638 -31.23218736052513
57.34772288799286 121.67349822074175 37.89220750331879 60.79880511760712 122.48266722261906 -16.062190040946007
57.34772288799286 121.67349822074175 37.89220750331879 60.13177001476288 121.28697139397264 -23.199436098337173
57.34772288799286 121.67349822074175 37.89220750331879 58.12981915473938 122.1304897107184 -23.420889668166637
57.34772288799286 121.67349822074175 37.89220750331879 62.5509250164032 124.58594916760921 -23.89002016186714
57.34772288799286 121.67349822074175 37.89220750331879 59.21508872509003 121.19770428910851 -15.252612978219986
57.34772288799286 121.67349822074175 37.89220750331879 61.93094456195831 123.96020528301597 -24.975260965526104
57.34772288799286 121.67349822074175 37.89220750331879 62.45005202293396 123.20883660018444 -23.91712524741888
57.34772288799286 121.67349822074175 37.89220750331879 61.31096410751343 123.33446139842272 -26.060501769185066
57.34772288799286 121.67349822074175 37.89220750331879 58.63521444797516 122.74507520720363 -21.342295974493027
57.34772288799286 121.67349822074175 37.89220750331879 60.01718485355377 121.27581300586462 -22.206083208322525
57.34772288799286 121.67349822074175 37.89220750331879 60.46078300476074 128.95737807825208 -27.10210505872965
57.34772288799286 121.67349822074175 37.89220750331879 62.564637184143066 123.21999498829246 -24.91047813743353
57.34772288799286 121.67349822074175 37.89220750331879 59.84878134727478 120.457493994385 -15.187830150127411
43.409576177597046 119.14519268274307 42.296190083026886 47.71760320663452 114.56865368410945 -22.693509593605995
43.409576177597046 119.14519268274307 42.296190083026886 45.336493730545044 125.9847453944385 -30.89350425451994
43.409576177597046 119.14519268274307 42.296190083026886 46.786179423332214 122.11631809920073 -15.669296763837337
43.409576177597046 119.14519268274307 42.296190083026886 48.06135869026184 114.6021288484335 -25.67356826364994
43.409576177597046 119.14519268274307 42.296190083026886 48.83603048324585 117.41214592382312 -30.586122542619705
43.409576177597046 119.14519268274307 42.296190083026886 53.256290793418884 124.29821118339896 -9.864968433976173
43.409576177597046 119.14519268274307 42.296190083026886 47.99176752567291 127.70287708565593 -22.51434665173292
43.409576177597046 119.14519268274307 42.296190083026886 46.60490930080414 118.23334746435285 -28.820870332419872
43.409576177597046 119.14519268274307 42.296190083026886 58.12981915473938 122.1304897107184 -23.420889668166637
43.409576177597046 119.14519268274307 42.296190083026886 51.571701407432556 121.63613568246365 -9.082496456801891
43.409576177597046 119.14519268274307 42.296190083026886 48.503926515579224 128.5546712614596 -32.51265837997198
43.409576177597046 119.14519268274307 42.296190083026886 47.54019057750702 127.8954522125423 -30.617840513586998
43.409576177597046 119.14519268274307 42.296190083026886 44.28559696674347 122.58245959877968 -30.046249449253082
43.409576177597046 119.14519268274307 42.296190083026886 59.168034076690674 120.62775234505534 -21.30461823195219
43.409576177597046 119.14519268274307 42.296190083026886 47.919349193573 117.322878818959 -22.639299422502518
43.409576177597046 119.14519268274307 42.296190083026886 53.121044993400574 127.2561698332429 -18.90760501474142
43.409576177597046 119.14519268274307 42.296190083026886 48.45216882228851 115.20555595681071 -22.60162167996168
43.409576177597046 119.14519268274307 42.296190083026886 51.77223229408264 132.50170969590545 -34.104707419872284
43.409576177597046 119.14519268274307 42.296190083026886 45.29657232761383 121.97125905379653 -2.755709193646908
43.409576177597046 119.14519268274307 42.296190083026886 50.291449546813965 120.0519046485424 -29.38188873976469
33.50069487094879 124.73989683389664 41.216027319431305 42.65398037433624 125.15815052390099 -14.09839303791523
33.50069487094879 124.73989683389664 41.216027319431305 50.37758004665375 129.06594873592257 -30.27739394456148
33.50069487094879 124.73989683389664 41.216027319431305 45.72627353668213 132.85914984345436 -29.764625936746597
33.50069487094879 124.73989683389664 41.216027319431305 39.350271463394165 131.81716064736247 -23.464943759143353
33.50069487094879 124.73989683389664 41.216027319431305 49.669408440589905 131.96811544522643 -34.35326607525349
33.50069487094879 124.73989683389664 41.216027319431305 37.31600844860077 124.45379550009966 -28.81579229235649
33.50069487094879 124.73989683389664 41.216027319431305 45.720540165901184 126.3509638234973 -15.74465224891901
33.50069487094879 124.73989683389664 41.216027319431305 39.22976815700531 127.138187777251 -31.58497004956007
33.50069487094879 124.73989683389664 41.216027319431305 42.25640654563904 124.31751473620534 -5.093434199690819
33.50069487094879 124.73989683389664 41.216027319431305 38.09068024158478 127.26381257548928 -33.728346571326256
33.50069487094879 124.73989683389664 41.216027319431305 37.09848964214325 135.60747922584414 -31.735681019723415
33.50069487094879 124.73989683389664 41.216027319431305 37.30821442604065 130.48756416141987 -18.681955136358738
33.50069487094879 124.73989683389664 41.216027319431305 43.6852468252182 125.25857601687312 -23.038569048047066
33.50069487094879 124.73989683389664 41.216027319431305 40.65897798538208 124.39850598201156 -3.263399161398411
33.50069487094879 124.73989683389664 41.216027319431305 39.47180509567261 130.2251561768353 -13.401849202811718
33.50069487094879 124.73989683389664 41.216027319431305 37.97609508037567 127.25265418738127 -32.73499368131161
33.50069487094879 124.73989683389664 41.216027319431305 38.39432954788208 125.12417293712497 -31.703963048756123
33.50069487094879 124.73989683389664 41.216027319431305 39.849748611450195 127.76393166184425 -30.499729245901108
33.50069487094879 124.73989683389664 41.216027319431305 36.46685767173767 123.80573483929038 -27.914327315986156
33.50069487094879 124.73989683389664 41.216027319431305 50.492165207862854 129.0771071240306 -31.27074683457613
46.13238048553467 120.30453081801534 43.62998954206705 52.2375214099884 130.94318038970232 -27.021671533584595
46.13238048553467 120.30453081801534 43.62998954206705 50.837135791778564 120.99923340976238 -9.174384370446205
46.13238048553467 120.30453081801534 43.62998954206705 46.719494462013245 118.24450585246086 -29.81422322243452
46.13238048553467 120.30453081801534 43.62998954206705 48.66762697696686 116.5938269123435 -23.56786948442459
46.13238048553467 120.30453081801534 43.62998954206705 52.372767210006714 127.98522173985839 -17.979034952819347
46.13238048553467 120.30453081801534 43.62998954206705 54.496251702308655 125.54969895258546 -7.694486826658249
46.13238048553467 120.30453081801534 43.62998954206705 48.220937848091125 127.72519386187196 -24.50105243176222
46.13238048553467 120.30453081801534 43.62998954206705 60.23264300823212 122.66408396139741 -23.172331012785435
46.13238048553467 120.30453081801534 43.62998954206705 48.625460147857666 126.96266679093242 -22.449563823640347
46.13238048553467 120.30453081801534 43.62998954206705 48.202337861061096 118.15235621854663 -30.65090537071228
46.13238048553467 120.30453081801534 43.62998954206705 48.06135869026184 114.6021288484335 -25.67356826364994
46.13238048553467 120.30453081801534 43.62998954206705 59.36978006362915 123.38197747990489 -21.250408060848713
46.13238048553467 120.30453081801534 43.62998954206705 46.18564450740814 126.63280605524778 -31.794969230890274
46.13238048553467 120.30453081801534 43.62998954206705 47.797815561294556 118.91488328948617 -32.70239397883415
46.13238048553467 120.30453081801534 43.62998954206705 49.02303397655487 127.80330257862806 -31.454522661864758
46.13238048553467 120.30453081801534 43.62998954206705 60.63716530799866 121.90155689045787 -21.120842404663563
46.13238048553467 120.30453081801534 43.62998954206705 48.633254170417786 120.92889812961221 -32.5834009796381
46.13238048553467 120.30453081801534 43.62998954206705 53.05454480648041 121.54398604854941 -9.91917860507965
46.13238048553467 120.30453081801534 43.62998954206705 53.74102544784546 127.88191371783614 -17.82236421108246
46.13238048553467 120.30453081801534 43.62998954206705 52.405924916267395 131.76149940118194 -34.03992459177971
47.07075273990631 111.15370354428887 47.662224158644676 58.64892661571503 121.37912102788687 -22.362753950059414
47.07075273990631 111.15370354428887 47.662224158644676 53.81756508350372 113.17800262197852 -9.925138376653194
47.07075273990631 111.15370354428887 47.662224158644676 55.28669631481171 114.45180716738105 -9.741362549364567
47.07075273990631 111.15370354428887 47.662224158644676 58.01523399353027 122.11933132261038 -22.42753677815199
47.07075273990631 111.15370354428887 47.662224158644676 54.56584286689758 112.44895071536303 -10.853708438575268
47.07075273990631 111.15370354428887 47.662224158644676 49.55688393115997 119.41500237584114 -29.473776653409004
47.07075273990631 111.15370354428887 47.662224158644676 54.13962960243225 122.45157216489315 -24.884254783391953
47.07075273990631 111.15370354428887 47.662224158644676 52.159369707107544 114.05499610304832 -13.126650616526604
47.07075273990631 111.15370354428887 47.662224158644676 53.29150915145874 115.53253416344523 -22.0397215411067
47.07075273990631 111.15370354428887 47.662224158644676 52.77240169048309 116.28390284627676 -23.097857259213924
47.07075273990631 111.15370354428887 47.662224158644676 52.65781652927399 116.27274445816875 -22.104504369199276
47.07075273990631 111.15370354428887 47.662224158644676 52.55694353580475 114.89563189074397 -22.131609454751015
47.07075273990631 111.15370354428887 47.662224158644676 55.18582332134247 113.07469459995627 -9.768467634916306
47.07075273990631 111.15370354428887 47.662224158644676 54.773322224617004 121.71136187016964 -24.819471955299377
47.07075273990631 111.15370354428887 47.662224158644676 53.93215024471283 113.18916101008654 -10.918491266667843
47.07075273990631 111.15370354428887 47.662224158644676 53.298457622528076 113.92937130481005 -10.983274094760418
47.07075273990631 111.15370354428887 47.662224158644676 53.37866997718811 118.27560091018677 -20.992158479988575
47.07075273990631 111.15370354428887 47.662224158644676 52.54323136806488 116.26158607006073 -21.111151479184628
47.07075273990631 111.15370354428887 47.662224158644676 52.758689522743225 117.64985702559352 -22.077399283647537
47.07075273990631 111.15370354428887 47.662224158644676 59.10153388977051 114.91556856036186 -12.31619182229042
54.65234291553497 117.78225172683597 34.51749209314585 62.45005202293396 123.20883660018444 -23.91712524741888
54.65234291553497 117.78225172683597 34.51749209314585 62.78009533882141 124.60826594382524 -25.87672594189644
54.65234291553497 117.78225172683597 34.51749209314585 59.28261923789978 120.63891073316336 -22.29797112196684
54.65234291553497 117.78225172683597 34.51749209314585 59.94965434074402 121.83460656180978 -15.160725064575672
54.65234291553497 117.78225172683597 34.51749209314585 59.902599692344666 121.2646546177566 -21.212730318307877
54.65234291553497 117.78225172683597 34.51749209314585 59.54513204097748 122.59713363274932 -17.212213672697544
54.65234291553497 117.78225172683597 34.51749209314585 59.315961718559265 122.57481685653329 -15.225507892668247
54.65234291553497 117.78225172683597 34.51749209314585 60.27969765663147 123.23403590545058 -17.12032575905323
54.65234291553497 117.78225172683597 34.51749209314585 61.29725193977356 124.70041557773948 -25.04004379361868
54.65234291553497 117.78225172683597 34.51749209314585 58.76351177692413 121.39027941599488 -23.356106840074062
54.65234291553497 117.78225172683597 34.51749209314585 63.413787961006165 123.86805564910173 -25.811943113803864
54.65234291553497 117.78225172683597 34.51749209314585 59.36978006362915 123.38197747990489 -21.250408060848713
54.65234291553497 117.78225172683597 34.51749209314585 59.44425904750824 121.22002106532454 -17.239318758249283
54.65234291553497 117.78225172683597 34.51749209314585 57.90064883232117 122.10817293450236 -21.43418388813734
54.65234291553497 117.78225172683597 34.51749209314585 58.64892661571503 121.37912102788687 -22.362753950059414
54.65234291553497 117.78225172683597 34.51749209314585 60.58334696292877 121.09439626708627 -15.095942236483097
54.65234291553497 117.78225172683597 34.51749209314585 62.04552972316742 123.97136367112398 -25.968613855540752
54.65234291553497 117.78225172683597 34.51749209314585 60.69793212413788 121.10555465519428 -16.089295126497746
54.65234291553497 117.78225172683597 34.51749209314585 61.93094456195831 123.96020528301597 -24.975260965526104
54.65234291553497 117.78225172683597 34.51749209314585 60.11805784702301 122.6529255732894 -22.178978122770786
55.447675347328186 117.62315176427364 39.64092728495598 60.68421995639801 122.47150883451104 -15.068837150931358
55.447675347328186 117.62315176427364 39.64092728495598 63.413787961006165 123.86805564910173 -25.811943113803864
55.447675347328186 117.62315176427364 39.64092728495598 59.59895038604736 123.40429425612092 -23.23711384087801
55.447675347328186 117.62315176427364 39.64092728495598 63.18461763858795 123.8457388728857 -23.825237333774567
55.447675347328186 117.62315176427364 39.64092728495598 62.564637184143066 123.21999498829246 -24.91047813743353
55.447675347328186 117.62315176427364 39.64092728495598 61.29725193977356 124.70041557773948 -25.04004379361868
55.447675347328186 117.62315176427364 39.64092728495598 60.064239501953125 121.8457649499178 -16.15407795459032
55.447675347328186 117.62315176427364 39.64092728495598 61.19637894630432 123.3233030103147 -25.067148879170418
55.447675347328186 117.62315176427364 39.64092728495598 61.830071568489075 122.58309271559119 -25.002366051077843
55.447675347328186 117.62315176427364 39.64092728495598 61.81635940074921 123.94904689490795 -23.981908075511456
55.447675347328186 117.62315176427364 39.64092728495598 60.23264300823212 122.66408396139741 -23.172331012785435
55.447675347328186 117.62315176427364 39.64092728495598 60.27969765663147 123.23403590545058 -17.12032575905323
55.447675347328186 117.62315176427364 39.64092728495598 59.36978006362915 123.38197747990489 -21.250408060848713
55.447675347328186 117.62315176427364 39.64092728495598 60.58334696292877 121.09439626708627 -15.095942236483097
55.447675347328186 117.62315176427364 39.64092728495598 62.45005202293396 123.20883660018444 -23.91712524741888
55.447675347328186 117.62315176427364 39.64092728495598 62.14640271663666 125.34847623854876 -25.941508769989014
55.447675347328186 117.62315176427364 39.64092728495598 61.081793785095215 123.31214462220669 -24.07379598915577
55.447675347328186 117.62315176427364 39.64092728495598 62.04552972316742 123.97136367112398 -25.968613855540752
55.447675347328186 117.62315176427364 39.64092728495598 62.03181755542755 125.33731785044074 -24.948155879974365
55.447675347328186 117.62315176427364 39.64092728495598 62.67922234535217 123.23115337640047 -25.903831027448177
23.132442593574524 136.56094477325678 42.1662078499794 34.551037311553955 133.6632972434163 -29.03128609061241
23.132442593574524 136.56094477325678 42.1662078499794 37.98201322555542 131.92046866938472 -23.62161450088024
23.132442593574524 136.56094477325678 42.1662078499794 35.6156462430954 135.69962885975838 -30.898998871445656
23.132442593574524 136.56094477325678 42.1662078499794 32.898760080337524 139.20810520648956 -23.119419150054455
23.132442593574524 136.56094477325678 42.1662078499794 37.732182264328 134.86726893112063 -31.67089819163084
23.132442593574524 136.56094477325678 42.1662078499794 35.191678404808044 131.3199240900576 -17.910055816173553
23.132442593574524 136.56094477325678 42.1662078499794 44.38440930843353 136.50152684748173 -33.90528089553118
23.132442593574524 136.56094477325678 42.1662078499794 38.844876170158386 131.20257515087724 -25.543537452816963
23.132442593574524 136.56094477325678 42.1662078499794 34.16614532470703 137.72768461704254 -22.989853493869305
23.132442593574524 136.56094477325678 42.1662078499794 44.269824147224426 136.4903684593737 -32.91192800551653
23.132442593574524 136.56094477325678 42.1662078499794 36.61967313289642 136.69159117341042 -14.664906062185764
23.132442593574524 136.56094477325678 42.1662078499794 36.201438665390015 138.82007242366672 -15.695936694741249
23.132442593574524 136.56094477325678 42.1662078499794 33.647037863731384 138.47905329987407 -24.047989211976528
23.132442593574524 136.56094477325678 42.1662078499794 38.82524585723877 127.90071484819055 -33.63645865768194
23.132442593574524 136.56094477325678 42.1662078499794 36.02016854286194 134.93710178881884 -28.847510263323784
23.132442593574524 136.56094477325678 42.1662078499794 35.534403562545776 137.6243765950203 -22.833182752132416
23.132442593574524 136.56094477325678 42.1662078499794 36.15438401699066 138.25012047961354 -21.747941948473454
23.132442593574524 136.56094477325678 42.1662078499794 35.42084872722626 131.34224086627364 -19.89676159620285
23.132442593574524 136.56094477325678 42.1662078499794 37.961352586746216 134.88958570733666 -33.65760397166014
23.132442593574524 136.56094477325678 42.1662078499794 38.796791195869446 136.9036005474627 -33.538610972464085
33.52811920642853 122.00798847526312 39.17511136829853 41.29267060756683 123.65829568728805 -3.1986163333058357
33.52811920642853 122.00798847526312 39.17511136829853 37.100550293922424 123.06552454456687 -27.84954448789358
33.52811920642853 122.00798847526312 39.17511136829853 50.30310106277466 131.22790515050292 -34.28848324716091
33.52811920642853 122.00798847526312 39.17511136829853 49.54214143753052 127.05193389579654 -30.396386943757534
33.52811920642853 122.00798847526312 39.17511136829853 40.06520676612854 129.15220261737704 -31.465977050364017
33.52811920642853 122.00798847526312 39.17511136829853 46.67938828468323 116.0713910497725 -24.809781029820442
33.52811920642853 122.00798847526312 39.17511136829853 45.03387475013733 121.85340769216418 -30.974819511175156
33.52811920642853 122.00798847526312 39.17511136829853 38.39432954788208 125.12417293712497 -31.703963048756123
33.52811920642853 122.00798847526312 39.17511136829853 39.24939846992493 130.4400480799377 -23.49204884469509
33.52811920642853 122.00798847526312 39.17511136829853 37.72053074836731 123.69126842916012 -26.76430368423462
33.52811920642853 122.00798847526312 39.17511136829853 44.38543963432312 130.2305495068431 -31.96221262961626
33.52811920642853 122.00798847526312 39.17511136829853 46.73320662975311 116.8785516731441 -30.834681198000908
33.52811920642853 122.00798847526312 39.17511136829853 36.46685767173767 123.80573483929038 -27.914327315986156
33.52811920642853 122.00798847526312 39.17511136829853 44.95263206958771 123.7781554274261 -22.909003391861916
33.52811920642853 122.00798847526312 39.17511136829853 48.74783933162689 120.94005651772022 -33.57675386965275
33.52811920642853 122.00798847526312 39.17511136829853 45.937028646469116 121.46825743839145 -14.767831787467003
33.52811920642853 122.00798847526312 39.17511136829853 43.63716185092926 130.95960141345859 -31.033642567694187
33.52811920642853 122.00798847526312 39.17511136829853 50.14944005012512 122.77265461906791 -26.347619898617268
33.52811920642853 122.00798847526312 39.17511136829853 45.106293082237244 132.2334059588611 -30.84986674040556
33.52811920642853 122.00798847526312 39.17511136829853 41.2857221364975 125.26145854592323 -14.255063779652119
30.6602144241333 142.38233233243227 35.04637595266104 37.09848964214325 135.60747922584414 -31.735681019723415
30.6602144241333 142.38233233243227 35.04637595266104 40.9192453622818 140.7390551008284 -25.197131112217903
30.6602144241333 142.38233233243227 35.04637595266104 38.48046004772186 134.13821702450514 -32.599468253552914
30.6602144241333 142.38233233243227 35.04637595266104 43.527464509010315 141.88723484799266 -22.86997876316309
30.6602144241333 142.38233233243227 35.04637595266104 38.466747879981995 135.5041712038219 -31.579010277986526
30.6602144241333 142.38233233243227 35.04637595266104 38.41781735420227 145.63580240309238 -18.383799195289612
30.6602144241333 142.38233233243227 35.04637595266104 43.535258531570435 135.85346618667245 -33.00381591916084
30.6602144241333 142.38233233243227 35.04637595266104 38.56762087345123 136.88128377124667 -31.551905192434788
30.6602144241333 142.38233233243227 35.04637595266104 39.201313495635986 136.14107347652316 -31.487122364342213
30.6602144241333 142.38233233243227 35.04637595266104 37.32765996456146 135.62979600206017 -33.72238679975271
30.6602144241333 142.38233233243227 35.04637595266104 43.42067337036133 135.84230779856443 -32.010463029146194
30.6602144241333 142.38233233243227 35.04637595266104 36.949716448783875 138.09102051705122 -16.624506756663322
30.6602144241333 142.38233233243227 35.04637595266104 36.34241783618927 142.37029979377985 -20.67327380180359
30.6602144241333 142.38233233243227 35.04637595266104 37.213074803352356 135.61863761395216 -32.729033909738064
30.6602144241333 142.38233233243227 35.04637595266104 37.467793583869934 143.61062917485833 -17.509439304471016
30.6602144241333 142.38233233243227 35.04637595266104 38.93692481517792 144.88443372026086 -17.32566347718239
30.6602144241333 142.38233233243227 35.04637595266104 36.49137580394745 138.04638696461916 -12.651095196604729
30.6602144241333 142.38233233243227 35.04637595266104 42.779186725616455 142.61628675460815 -21.941408701241016
30.6602144241333 142.38233233243227 35.04637595266104 36.83410096168518 144.35083946958184 -17.57422213256359
30.6602144241333 142.38233233243227 35.04637595266104 38.53240251541138 145.6469607912004 -19.37715208530426
47.18533790111542 111.16486193239689 46.66887126863003 56.99871003627777 114.38197430968285 -12.564750477671623
47.18533790111542 111.16486193239689 46.66887126863003 49.65775692462921 120.79211494326591 -29.446671567857265
47.18533790111542 111.16486193239689 46.66887126863003 54.88790738582611 121.72252025827765 -25.812824845314026
47.18533790111542 111.16486193239689 46.66887126863003 53.29150915145874 115.53253416344523 -22.0397215411067
47.18533790111542 111.16486193239689 46.66887126863003 56.034974098205566 113.72275526076555 -10.66993261128664
47.18533790111542 111.16486193239689 46.66887126863003 53.06928730010986 113.90705452859402 -8.996568314731121
47.18533790111542 111.16486193239689 46.66887126863003 58.76351177692413 121.39027941599488 -23.356106840074062
47.18533790111542 111.16486193239689 46.66887126863003 60.13177001476288 121.28697139397264 -23.199436098337173
47.18533790111542 111.16486193239689 46.66887126863003 50.07599139213562 118.66363369300961 -28.41564093530178
47.18533790111542 111.16486193239689 46.66887126863003 50.92514216899872 119.3116943538189 -29.317105911672115
47.18533790111542 111.16486193239689 46.66887126863003 49.36781978607178 121.56580040231347 -32.491513065993786
47.18533790111542 111.16486193239689 46.66887126863003 50.40603470802307 120.06306303665042 -30.37524162977934
47.18533790111542 111.16486193239689 46.66887126863003 57.962445974349976 115.04119335860014 -14.459568344056606
47.18533790111542 111.16486193239689 46.66887126863003 55.40128147602081 114.46296555548906 -10.734715439379215
47.18533790111542 111.16486193239689 46.66887126863003 54.03875660896301 121.07445959746838 -24.91135986894369
47.18533790111542 111.16486193239689 46.66887126863003 53.298457622528076 113.92937130481005 -10.983274094760418
47.18533790111542 111.16486193239689 46.66887126863003 55.28669631481171 114.45180716738105 -9.741362549364567
47.18533790111542 111.16486193239689 46.66887126863003 52.85956251621246 119.0269695930183 -22.0502941980958
47.18533790111542 111.16486193239689 46.66887126863003 50.89771783351898 122.04360271245241 -27.27618996053934
47.18533790111542 111.16486193239689 46.66887126863003 59.10153388977051 114.91556856036186 -12.31619182229042
30.76108741760254 143.75944489985704 35.073481038212776 40.790948033332825 142.09385089203715 -23.183320246636868
30.76108741760254 143.75944489985704 35.073481038212776 37.69696390628815 143.63294595107436 -19.496145084500313
30.76108741760254 143.75944489985704 35.073481038212776 38.93692481517792 144.88443372026086 -17.32566347718239
30.76108741760254 143.75944489985704 35.073481038212776 37.467793583869934 143.61062917485833 -17.509439304471016
30.76108741760254 143.75944489985704 35.073481038212776 41.438352823257446 139.98768641799688 -24.13899539411068
30.76108741760254 143.75944489985704 35.073481038212776 41.539225816726685 141.36479898542166 -24.11189030855894
30.76108741760254 143.75944489985704 35.073481038212776 42.779186725616455 142.61628675460815 -21.941408701241016
30.76108741760254 143.75944489985704 35.073481038212776 38.303232192993164 145.62464401498437 -17.390446305274963
30.76108741760254 143.75944489985704 35.073481038212776 38.5813330411911 135.5153295919299 -32.572363168001175
30.76108741760254 143.75944489985704 35.073481038212776 39.4304838180542 136.1633902527392 -33.47382814437151
30.76108741760254 143.75944489985704 35.073481038212776 39.32961082458496 134.78627768531442 -33.50093322992325
30.76108741760254 143.75944489985704 35.073481038212776 38.062225580215454 136.26669827476144 -33.6304988861084
30.76108741760254 143.75944489985704 35.073481038212776 38.950636982917786 143.5184795409441 -18.346121452748775
30.76108741760254 143.75944489985704 35.073481038212776 36.26896917819977 138.26127886772156 -22.741294838488102
30.76108741760254 143.75944489985704 35.073481038212776 36.94868612289429 144.36199785768986 -18.56757502257824
30.76108741760254 143.75944489985704 35.073481038212776 36.83410096168518 144.35083946958184 -17.57422213256359
30.76108741760254 143.75944489985704 35.073481038212776 36.24154484272003 140.99318722635508 -20.700378887355328
30.76108741760254 143.75944489985704 35.073481038212776 44.269824147224426 136.4903684593737 -32.91192800551653
30.76108741760254 143.75944489985704 35.073481038212776 38.796791195869446 136.9036005474627 -33.538610972464085
30.76108741760254 143.75944489985704 35.073481038212776 38.10148620605469 142.87041888013482 -17.44465647637844
28.873721718788147 144.61412160471082 33.858674578368664 35.635276556015015 139.00148916244507 -22.806077666580677
28.873721718788147 144.61412160471082 33.858674578368664 39.06522214412689 143.52963792905211 -19.339474342763424
28.873721718788147 144.61412160471082 33.858674578368664 36.83410096168518 144.35083946958184 -17.57422213256359
28.873721718788147 144.61412160471082 33.858674578368664 37.68325173854828 144.99890013039112 -18.475687108933926
28.873721718788147 144.61412160471082 33.858674578368664 38.216071367263794 142.88157726824284 -18.43800936639309
28.873721718788147 144.61412160471082 33.858674578368664 40.9192453622818 140.7390551008284 -25.197131112217903
28.873721718788147 144.61412160471082 33.858674578368664 39.68520259857178 144.15538181364536 -18.25423353910446
28.873721718788147 144.61412160471082 33.858674578368664 38.3306565284729 142.89273565635085 -19.431362256407738
28.873721718788147 144.61412160471082 33.858674578368664 40.285552740097046 141.47926539555192 -25.261913940310478
28.873721718788147 144.61412160471082 33.858674578368664 39.051509976387024 144.89559210836887 -18.319016367197037
28.873721718788147 144.61412160471082 33.858674578368664 41.42464065551758 141.35364059731364 -23.118537418544292
28.873721718788147 144.61412160471082 33.858674578368664 40.05638241767883 141.4569486193359 -23.27520816028118
28.873721718788147 144.61412160471082 33.858674578368664 41.525513648986816 142.73075316473842 -23.091432332992554
28.873721718788147 144.61412160471082 33.858674578368664 37.710676074028015 142.2669917717576 -20.5166030600667
28.873721718788147 144.61412160471082 33.858674578368664 37.69696390628815 143.63294595107436 -19.496145084500313
28.873721718788147 144.61412160471082 33.858674578368664 36.34241783618927 142.37029979377985 -20.67327380180359
28.873721718788147 144.61412160471082 33.858674578368664 38.202359199523926 144.2475314475596 -17.417551390826702
28.873721718788147 144.61412160471082 33.858674578368664 36.24154484272003 140.99318722635508 -20.700378887355328
28.873721718788147 144.61412160471082 33.858674578368664 38.41781735420227 145.63580240309238 -18.383799195289612
28.873721718788147 144.61412160471082 33.858674578368664 41.02011835575104 142.11616766825318 -25.170026026666164
44.67696142196655 117.66477209329605 42.425755739212036 50.38658916950226 114.92083119601011 -15.334809966385365
44.67696142196655 117.66477209329605 42.425755739212036 49.17997074127197 115.60524955019355 -10.432828344404697
44.67696142196655 117.66477209329605 42.425755739212036 48.908448815345764 127.79214419052005 -30.46116977185011
44.67696142196655 117.66477209329605 42.425755739212036 48.80860614776611 120.14405428245664 -28.54520659148693
44.67696142196655 117.66477209329605 42.425755739212036 48.08775269985199 118.14119783043861 -29.657552480697632
44.67696142196655 117.66477209329605 42.425755739212036 59.38349223136902 122.01602330058813 -22.2708660364151
44.67696142196655 117.66477209329605 42.425755739212036 47.797815561294556 118.91488328948617 -32.70239397883415
44.67696142196655 117.66477209329605 42.425755739212036 58.01523399353027 122.11933132261038 -22.42753677815199
44.67696142196655 117.66477209329605 42.425755739212036 50.31802833080292 121.75060209259391 -10.232520088553429
44.67696142196655 117.66477209329605 42.425755739212036 48.917457938194275 113.64702665060759 -15.518585793673992
44.67696142196655 117.66477209329605 42.425755739212036 48.27475619316101 128.53235448524356 -30.525952599942684
44.67696142196655 117.66477209329605 42.425755739212036 47.9604856967926 113.22501628100872 -25.70067334920168
44.67696142196655 117.66477209329605 42.425755739212036 48.66762697696686 116.5938269123435 -23.56786948442459
44.67696142196655 117.66477209329605 42.425755739212036 54.03302323818207 114.56627357751131 -10.891386181116104
44.67696142196655 117.66477209329605 42.425755739212036 46.071059346199036 126.62164766713977 -30.801616340875626
44.67696142196655 117.66477209329605 42.425755739212036 50.07599139213562 118.66363369300961 -28.41564093530178
44.67696142196655 117.66477209329605 42.425755739212036 53.68823742866516 120.8037757538259 -9.854395776987076
44.67696142196655 117.66477209329605 42.425755739212036 53.49325513839722 118.28675929829478 -21.985511370003223
44.67696142196655 117.66477209329605 42.425755739212036 45.82244348526001 121.45709905028343 -13.774478897452354
44.67696142196655 117.66477209329605 42.425755739212036 47.32679307460785 113.96522657573223 -25.765456177294254
42.169615268707275 117.89370491355658 40.12570847570896 48.38934135437012 128.54351287335157 -31.519305489957333
42.169615268707275 117.89370491355658 40.12570847570896 47.68341517448425 117.06335336342454 -8.57568822056055
42.169615268707275 117.89370491355658 40.12570847570896 48.44540512561798 114.96834727749228 -10.524716258049011
42.169615268707275 117.89370491355658 40.12570847570896 47.29936873912811 116.69713493436575 -23.72454022616148
42.169615268707275 117.89370491355658 40.12570847570896 44.57571887969971 119.96840260177851 -3.868055082857609
42.169615268707275 117.89370491355658 40.12570847570896 52.04478454589844 114.04383771494031 -12.133297726511955
42.169615268707275 117.89370491355658 40.12570847570896 47.78428816795349 118.44046593084931 -8.548583135008812
42.169615268707275 117.89370491355658 40.12570847570896 49.54420208930969 114.50997921451926 -26.5102504119277
42.169615268707275 117.89370491355658 40.12570847570896 47.898688554763794 120.29199585691094 -32.67528889328241
42.169615268707275 117.89370491355658 40.12570847570896 45.87034368515015 117.59644519165158 -28.912758246064186
42.169615268707275 117.89370491355658 40.12570847570896 46.09951400756836 117.61876196786761 -30.899464026093483
42.169615268707275 117.89370491355658 40.12570847570896 47.872294545173645 116.75292687490582 -28.691304676234722
42.169615268707275 117.89370491355658 40.12570847570896 48.92422163486481 113.88423532992601 -27.595491215586662
42.169615268707275 117.89370491355658 40.12570847570896 54.22782075405121 118.92366157099605 -21.89362345635891
42.169615268707275 117.89370491355658 40.12570847570896 50.89771783351898 122.04360271245241 -27.27618996053934
42.169615268707275 117.89370491355658 40.12570847570896 47.08391058444977 115.30886397883296 -22.75829242169857
42.169615268707275 117.89370491355658 40.12570847570896 47.98687970638275 116.76408526301384 -29.68465756624937
42.169615268707275 117.89370491355658 40.12570847570896 52.02412390708923 117.01295475289226 -22.16928719729185
42.169615268707275 117.89370491355658 40.12570847570896 49.051673412323 116.96004534140229 -8.419017478823662
42.169615268707275 117.89370491355658 40.12570847570896 46.5040363073349 116.85623489692807 -28.84797541797161
32.64948344230652 136.63379085436463 38.231355763971806 38.466747879981995 135.5041712038219 -31.579010277986526
32.64948344230652 136.63379085436463 38.231355763971806 43.63613152503967 137.23057875409722 -32.976710833609104
32.64948344230652 136.63379085436463 38.231355763971806 44.600897789001465 131.61882046237588 -32.92846043407917
32.64948344230652 136.63379085436463 38.231355763971806 48.33346235752106 140.27830693125725 -29.3805418536067
32.64948344230652 136.63379085436463 38.231355763971806 36.605960965156555 138.05754535272717 -13.644448086619377
32.64948344230652 136.63379085436463 38.231355763971806 45.39519989490509 137.7306978404522 -29.748093508183956
32.64948344230652 136.63379085436463 38.231355763971806 48.86628198623657 138.16098406910896 -29.342864111065865
32.64948344230652 136.63379085436463 38.231355763971806 36.66080963611603 132.59372863546014 -17.726279988884926
32.64948344230652 136.63379085436463 38.231355763971806 46.14347767829895 137.0016459338367 -30.67666357010603
32.64948344230652 136.63379085436463 38.231355763971806 44.775219440460205 137.10495395585895 -30.83333431184292
32.64948344230652 136.63379085436463 38.231355763971806 37.40908741950989 131.86467672884464 -18.654850050807
32.64948344230652 136.63379085436463 38.231355763971806 42.79392921924591 134.97935523465276 -21.018798410892487
32.64948344230652 136.63379085436463 38.231355763971806 42.90156590938568 136.59367648139596 -33.06859874725342
32.64948344230652 136.63379085436463 38.231355763971806 38.56762087345123 136.88128377124667 -31.551905192434788
32.64948344230652 136.63379085436463 38.231355763971806 43.852620005607605 132.34787236899137 -31.999890372157097
32.64948344230652 136.63379085436463 38.231355763971806 34.7664954662323 135.0515681989491 -29.99753389507532
32.64948344230652 136.63379085436463 38.231355763971806 42.29445207118988 139.03258422017097 -13.984012924134731
32.64948344230652 136.63379085436463 38.231355763971806 37.523672580718994 131.87583511695266 -19.648202940821648
32.64948344230652 136.63379085436463 38.231355763971806 42.086787939071655 131.61054460331798 -23.151602275669575
32.64948344230652 136.63379085436463 38.231355763971806 47.342302083969116 142.35099624097347 -25.444808036088943
44.05698096752167 117.0390282087028 41.340514935553074 49.684335708618164 122.49081238731742 -10.297302916646004
44.05698096752167 117.0390282087028 41.340514935553074 49.051673412323 116.96004534140229 -8.419017478823662
44.05698096752167 117.0390282087028 41.340514935553074 46.05161380767822 121.47941582649946 -15.761184677481651
44.05698096752167 117.0390282087028 41.340514935553074 48.80860614776611 120.14405428245664 -28.54520659148693
44.05698096752167 117.0390282087028 41.340514935553074 48.51866900920868 120.91773974150419 -31.59004808962345
44.05698096752167 117.0390282087028 41.340514935553074 46.80562496185303 127.25854993984103 -30.709728427231312
44.05698096752167 117.0390282087028 41.340514935553074 46.786179423332214 122.11631809920073 -15.669296763837337
44.05698096752167 117.0390282087028 41.340514935553074 48.202337861061096 118.15235621854663 -30.65090537071228
44.05698096752167 117.0390282087028 41.340514935553074 49.26694679260254 120.1886878348887 -32.518618151545525
44.05698096752167 117.0390282087028 41.340514935553074 51.167179107666016 122.39866275340319 -11.133985064923763
44.05698096752167 117.0390282087028 41.340514935553074 48.45216882228851 115.20555595681071 -22.60162167996168
44.05698096752167 117.0390282087028 41.340514935553074 48.17594385147095 114.61328723654151 -26.66692115366459
44.05698096752167 117.0390282087028 41.340514935553074 49.6587872505188 114.52113760262728 -27.50360330194235
44.05698096752167 117.0390282087028 41.340514935553074 54.76758885383606 115.20317585021257 -10.79949826747179
44.05698096752167 117.0390282087028 41.340514935553074 48.83603048324585 117.41214592382312 -30.586122542619705
44.05698096752167 117.0390282087028 41.340514935553074 54.12694776058197 117.54654900357127 -21.92072854191065
44.05698096752167 117.0390282087028 41.340514935553074 53.49325513839722 118.28675929829478 -21.985511370003223
44.05698096752167 117.0390282087028 41.340514935553074 47.43931758403778 126.51833964511752 -30.644945599138737
44.05698096752167 117.0390282087028 41.340514935553074 44.51476728916168 122.60477637499571 -32.03295522928238
44.05698096752167 117.0390282087028 41.340514935553074 49.630332589149475 123.52402330189943 -27.40575561672449
32.7661292552948 124.10299456119537 41.12413940578699 40.95464849472046 130.13300654292107 -14.238531351089478
32.7661292552948 124.10299456119537 41.12413940578699 47.99176752567291 127.70287708565593 -22.51434665173292
32.7661292552948 124.10299456119537 41.12413940578699 43.00346922874451 131.6998117081821 -31.098425395786762
32.7661292552948 124.10299456119537 41.12413940578699 39.51989006996155 124.52413078024983 -5.406775683164597
32.7661292552948 124.10299456119537 41.12413940578699 35.8253710269928 130.5797137953341 -17.84527298808098
32.7661292552948 124.10299456119537 41.12413940578699 39.93812453746796 122.39564952999353 -4.375745050609112
32.7661292552948 124.10299456119537 41.12413940578699 41.46783781051636 124.71382337808609 -22.29377481341362
32.7661292552948 124.10299456119537 41.12413940578699 40.834145188331604 125.4540336728096 -22.358557641506195
32.7661292552948 124.10299456119537 41.12413940578699 38.1516318321228 124.62743880227208 -5.563446424901485
32.7661292552948 124.10299456119537 41.12413940578699 38.945749163627625 132.579687718302 -25.516432367265224
32.7661292552948 124.10299456119537 41.12413940578699 37.861509919166565 127.24149579927325 -31.74164079129696
32.7661292552948 124.10299456119537 41.12413940578699 46.18564450740814 126.63280605524778 -31.794969230890274
32.7661292552948 124.10299456119537 41.12413940578699 40.65897798538208 124.39850598201156 -3.263399161398411
32.7661292552948 124.10299456119537 41.12413940578699 43.7380348443985 132.33671398088336 -31.00653748214245
32.7661292552948 124.10299456119537 41.12413940578699 39.40530490875244 124.51297239214182 -4.413422793149948
32.7661292552948 124.10299456119537 41.12413940578699 41.851699471473694 126.9204133450985 -30.278275676071644
32.7661292552948 124.10299456119537 41.12413940578699 45.72627353668213 132.85914984345436 -29.764625936746597
32.7661292552948 124.10299456119537 41.12413940578699 45.739985704422 131.4931956641376 -30.785083912312984
32.7661292552948 124.10299456119537 41.12413940578699 39.350271463394165 131.81716064736247 -23.464943759143353
32.7661292552948 124.10299456119537 41.12413940578699 37.32765996456146 135.62979600206017 -33.72238679975271
32.53489828109741 136.62263246625662 39.224708653986454 37.213074803352356 135.61863761395216 -32.729033909738064
32.53489828109741 136.62263246625662 39.224708653986454 43.7380348443985 132.33671398088336 -31.00653748214245
32.53489828109741 136.62263246625662 39.224708653986454 40.08483707904816 132.45406292006373 -23.37305584549904
32.53489828109741 136.62263246625662 39.224708653986454 45.39519989490509 137.7306978404522 -29.748093508183956
32.53489828109741 136.62263246625662 39.224708653986454 44.15523898601532 136.4792100712657 -31.91857511550188
32.53489828109741 136.62263246625662 39.224708653986454 35.534403562545776 137.6243765950203 -22.833182752132416
32.53489828109741 136.62263246625662 39.224708653986454 38.59607553482056 127.87839807197452 -31.649752877652645
32.53489828109741 136.62263246625662 39.224708653986454 48.751696825027466 138.14982568100095 -28.349511221051216
32.53489828109741 136.62263246625662 39.224708653986454 40.06417644023895 135.42317995801568 -33.409045316278934
32.53489828109741 136.62263246625662 39.224708653986454 47.72719407081604 138.28660886734724 -31.48624063283205
32.53489828109741 136.62263246625662 39.224708653986454 48.347174525260925 138.9123527519405 -30.400999829173088
32.53489828109741 136.62263246625662 39.224708653986454 47.38343858718872 138.2531337030232 -28.506181962788105
32.53489828109741 136.62263246625662 39.224708653986454 37.58237874507904 143.62178756296635 -18.502792194485664
32.53489828109741 136.62263246625662 39.224708653986454 38.83605182170868 143.50732115283608 -17.352768562734127
32.53489828109741 136.62263246625662 39.224708653986454 40.06520676612854 129.15220261737704 -31.465977050364017
32.53489828109741 136.62263246625662 39.224708653986454 40.092631101608276 126.42029425874352 -33.50689300149679
32.53489828109741 136.62263246625662 39.224708653986454 38.466747879981995 135.5041712038219 -31.579010277986526
32.53489828109741 136.62263246625662 39.224708653986454 42.06528174877167 139.01026744395494 -11.997307144105434
32.53489828109741 136.62263246625662 39.224708653986454 39.21605598926544 128.50414195656776 -30.564512073993683
32.53489828109741 136.62263246625662 39.224708653986454 42.90156590938568 136.59367648139596 -33.06859874725342
40.73279619216919 124.82678383216262 45.07132761180401 37.76063692569733 125.86438323184848 -31.768745876848698
40.73279619216919 124.82678383216262 45.07132761180401 38.05057406425476 125.09069777280092 -28.723904378712177
40.73279619216919 124.82678383216262 45.07132761180401 46.23964762687683 125.59959514066577 -14.686516530811787
40.73279619216919 124.82678383216262 45.07132761180401 52.29133975505829 131.75034101307392 -33.04657170176506
40.73279619216919 124.82678383216262 45.07132761180401 44.56200671195984 121.33435678109527 -2.8475971072912216
40.73279619216919 124.82678383216262 45.07132761180401 43.96720516681671 132.3590307570994 -32.993243262171745
40.73279619216919 124.82678383216262 45.07132761180401 51.6713593006134 131.12459712848067 -34.13181250542402
40.73279619216919 124.82678383216262 45.07132761180401 47.31899905204773 119.99899523705244 -15.631619021296501
40.73279619216919 124.82678383216262 45.07132761180401 46.685306429862976 120.73920553177595 -15.696401849389076
40.73279619216919 124.82678383216262 45.07132761180401 49.26694679260254 120.1886878348887 -32.518618151545525
40.73279619216919 124.82678383216262 45.07132761180401 43.63716185092926 130.95960141345859 -31.033642567694187
40.73279619216919 124.82678383216262 45.07132761180401 47.43931758403778 126.51833964511752 -30.644945599138737
40.73279619216919 124.82678383216262 45.07132761180401 49.54214143753052 127.05193389579654 -30.396386943757534
40.73279619216919 124.82678383216262 45.07132761180401 44.47260046005249 132.97361625358462 -30.914649568498135
40.73279619216919 124.82678383216262 45.07132761180401 48.782212138175964 116.60498530045152 -24.56122237443924
40.73279619216919 124.82678383216262 45.07132761180401 51.03766667842865 131.86480742320418 -34.1965953335166
40.73279619216919 124.82678383216262 45.07132761180401 47.70080006122589 134.74753988534212 -27.50225641578436
40.73279619216919 124.82678383216262 45.07132761180401 48.74004530906677 126.97382517904043 -23.442916713654995
40.73279619216919 124.82678383216262 45.07132761180401 48.800812125205994 126.17782294377685 -18.411369435489178
40.73279619216919 124.82678383216262 45.07132761180401 46.03113794326782 122.6081613264978 -2.663821280002594
31.52616834640503 122.85150679200888 38.95365779846907 47.56864523887634 118.89256651327014 -30.715688198804855
31.52616834640503 122.85150679200888 38.95365779846907 44.94568359851837 125.38131828606129 -33.9654508382082
31.52616834640503 122.85150679200888 38.95365779846907 45.03387475013733 121.85340769216418 -30.974819511175156
31.52616834640503 122.85150679200888 38.95365779846907 43.665616512298584 121.95671571418643 -31.131490252912045
31.52616834640503 122.85150679200888 38.95365779846907 46.60490930080414 118.23334746435285 -28.820870332419872
31.52616834640503 122.85150679200888 38.95365779846907 48.202337861061096 118.15235621854663 -30.65090537071228
31.52616834640503 122.85150679200888 38.95365779846907 43.96720516681671 132.3590307570994 -32.993243262171745
31.52616834640503 122.85150679200888 38.95365779846907 48.908448815345764 127.79214419052005 -30.46116977185011
31.52616834640503 122.85150679200888 38.95365779846907 40.787275314331055 123.04371019080281 -5.277210026979446
31.52616834640503 122.85150679200888 38.95365779846907 44.38543963432312 130.2305495068431 -31.96221262961626
31.52616834640503 122.85150679200888 38.95365779846907 46.618621468544006 116.86739328503609 -29.84132830798626
31.52616834640503 122.85150679200888 38.95365779846907 47.99956154823303 121.66910842433572 -32.648183807730675
31.52616834640503 122.85150679200888 38.95365779846907 40.05270969867706 122.40680791810155 -5.36909794062376
31.52616834640503 122.85150679200888 38.95365779846907 44.318939447402954 124.51836572214961 -22.97378621995449
31.52616834640503 122.85150679200888 38.95365779846907 43.00346922874451 131.6998117081821 -31.098425395786762
31.52616834640503 122.85150679200888 38.95365779846907 44.28559696674347 122.58245959877968 -30.046249449253082
31.52616834640503 122.85150679200888 38.95365779846907 46.719494462013245 118.24450585246086 -29.81422322243452
31.52616834640503 122.85150679200888 38.95365779846907 39.350271463394165 131.81716064736247 -23.464943759143353
31.52616834640503 122.85150679200888 38.95365779846907 44.5871856212616 132.98477464169264 -31.908002458512783
31.52616834640503 122.85150679200888 38.95365779846907 39.3044319152832 123.13585982471704 -4.440527878701687
39.9659184217453 115.98299809545279 39.85004473477602 51.02601516246796 120.68880692124367 -29.290000826120377
39.9659184217453 115.98299809545279 39.85004473477602 49.152546405792236 118.33715790882707 -8.391912393271923
39.9659184217453 115.98299809545279 39.85004473477602 48.08775269985199 118.14119783043861 -29.657552480697632
39.9659184217453 115.98299809545279 39.85004473477602 49.01833093166351 115.02413921803236 -15.491480708122253
39.9659184217453 115.98299809545279 39.85004473477602 43.106587648391724 118.69459805637598 -4.051830910146236
39.9659184217453 115.98299809545279 39.85004473477602 48.51866900920868 120.91773974150419 -31.59004808962345
39.9659184217453 115.98299809545279 39.85004473477602 47.56864523887634 118.89256651327014 -30.715688198804855
39.9659184217453 115.98299809545279 39.85004473477602 46.786179423332214 122.11631809920073 -15.669296763837337
39.9659184217453 115.98299809545279 39.85004473477602 44.51476728916168 122.60477637499571 -32.03295522928238
39.9659184217453 115.98299809545279 39.85004473477602 48.5589599609375 121.25048300623894 -13.461137413978577
39.9659184217453 115.98299809545279 39.85004473477602 49.17997074127197 115.60524955019355 -10.432828344404697
39.9659184217453 115.98299809545279 39.85004473477602 45.21617519855499 119.46540098637342 -15.880177676677704
39.9659184217453 115.98299809545279 39.85004473477602 43.74028027057648 117.95438776165247 -3.9870480820536613
39.9659184217453 115.98299809545279 39.85004473477602 50.17686438560486 120.04074626043439 -28.388535849750042
39.9659184217453 115.98299809545279 39.85004473477602 51.80866575241089 115.62468379735947 -21.20303939282894
39.9659184217453 115.98299809545279 39.85004473477602 49.186734437942505 115.84245822951198 -22.509733766317368
39.9659184217453 115.98299809545279 39.85004473477602 54.773322224617004 121.71136187016964 -24.819471955299377
39.9659184217453 115.98299809545279 39.85004473477602 48.66762697696686 116.5938269123435 -23.56786948442459
39.9659184217453 115.98299809545279 39.85004473477602 47.454060077667236 118.88140812516212 -29.722335308790207
39.9659184217453 115.98299809545279 39.85004473477602 49.76660871505737 114.29508731141686 -16.420050770044327
56.39769911766052 119.6483249925077 38.76656739413738 61.29725193977356 124.70041557773948 -25.04004379361868
56.39769911766052 119.6483249925077 38.76656739413738 61.42451894283295 129.61659712716937 -28.99692292511463
56.39769911766052 119.6483249925077 38.76656739413738 58.76351177692413 121.39027941599488 -23.356106840074062
56.39769911766052 119.6483249925077 38.76656739413738 59.84878134727478 120.457493994385 -15.187830150127411
56.39769911766052 119.6483249925077 38.76656739413738 60.064239501953125 121.8457649499178 -16.15407795459032
56.39769911766052 119.6483249925077 38.76656739413738 61.71548640727997 122.57193432748318 -24.009013161063194
56.39769911766052 119.6483249925077 38.76656739413738 62.665510177612305 124.59710755571723 -24.88337305188179
56.39769911766052 119.6483249925077 38.76656739413738 62.5509250164032 124.58594916760921 -23.89002016186714
56.39769911766052 119.6483249925077 38.76656739413738 60.13177001476288 121.28697139397264 -23.199436098337173
56.39769911766052 119.6483249925077 38.76656739413738 63.413787961006165 123.86805564910173 -25.811943113803864
56.39769911766052 119.6483249925077 38.76656739413738 60.86633563041687 121.9238736666739 -23.10754818469286
56.39769911766052 119.6483249925077 38.76656739413738 59.36978006362915 123.38197747990489 -21.250408060848713
56.39769911766052 119.6483249925077 38.76656739413738 62.67922234535217 123.23115337640047 -25.903831027448177
56.39769911766052 119.6483249925077 38.76656739413738 59.54513204097748 122.59713363274932 -17.212213672697544
56.39769911766052 119.6483249925077 38.76656739413738 60.91339027881622 122.49382561072707 -17.055542930960655
56.39769911766052 119.6483249925077 38.76656739413738 61.2090607881546 128.22832617163658 -28.030675120651722
56.39769911766052 119.6483249925077 38.76656739413738 61.82904124259949 128.85407005622983 -26.94543431699276
56.39769911766052 119.6483249925077 38.76656739413738 59.59895038604736 123.40429425612092 -23.23711384087801
56.39769911766052 119.6483249925077 38.76656739413738 59.44425904750824 121.22002106532454 -17.239318758249283
56.39769911766052 119.6483249925077 38.76656739413738 61.094475626945496 128.21716778352857 -27.037322230637074
39.9982305765152 124.18988155946136 44.979439698159695 41.29267060756683 123.65829568728805 -3.1986163333058357
39.9982305765152 124.18988155946136 44.979439698159695 58.91717278957367 129.8455299474299 -31.296970188617706
39.9982305765152 124.18988155946136 44.979439698159695 37.861509919166565 127.24149579927325 -31.74164079129696
39.9982305765152 124.18988155946136 44.979439698159695 44.95263206958771 123.7781554274261 -22.909003391861916
39.9982305765152 124.18988155946136 44.979439698159695 43.76648950576782 123.3338282816112 -31.104385167360306
39.9982305765152 124.18988155946136 44.979439698159695 49.535377740859985 126.81472521647811 -18.319481521844864
39.9982305765152 124.18988155946136 44.979439698159695 46.071059346199036 126.62164766713977 -30.801616340875626
39.9982305765152 124.18988155946136 44.979439698159695 48.4754718542099 137.55755696073174 -32.414810694754124
39.9982305765152 124.18988155946136 44.979439698159695 41.50812876224518 125.04656664282084 -4.164864137768745
39.9982305765152 124.18988155946136 44.979439698159695 50.235570549964905 131.78669870644808 -27.24312510341406
39.9982305765152 124.18988155946136 44.979439698159695 46.6832457780838 133.28116021305323 -19.58253838121891
39.9982305765152 124.18988155946136 44.979439698159695 44.600897789001465 131.61882046237588 -32.92846043407917
39.9982305765152 124.18988155946136 44.979439698159695 47.184783577919006 116.68597654625773 -22.73118733614683
39.9982305765152 124.18988155946136 44.979439698159695 54.873164892196655 129.35945177823305 -26.735435135662556
39.9982305765152 124.18988155946136 44.979439698159695 48.782212138175964 116.60498530045152 -24.56122237443924
39.9982305765152 124.18988155946136 44.979439698159695 47.20441389083862 119.98783684894443 -14.638266131281853
39.9982305765152 124.18988155946136 44.979439698159695 39.24348032474518 125.77223359793425 -32.60542802512646
39.9982305765152 124.18988155946136 44.979439698159695 56.67233943939209 132.03268566727638 -28.511260002851486
39.9982305765152 124.18988155946136 44.979439698159695 44.41981244087219 125.89547828957438 -22.946681134402752
39.9982305765152 124.18988155946136 44.979439698159695 50.837135791778564 120.99923340976238 -9.174384370446205
33.6152800321579 124.75105522200465 40.22267442941666 39.46485662460327 131.82831903547049 -24.458296649158
33.6152800321579 124.75105522200465 40.22267442941666 49.77131175994873 127.07425067201257 -32.38309272378683
33.6152800321579 124.75105522200465 40.22267442941666 36.352272510528564 123.79457645118237 -26.920974425971508
33.6152800321579 124.75105522200465 40.22267442941666 50.391292214393616 127.69999455660582 -31.29785192012787
33.6152800321579 124.75105522200465 40.22267442941666 52.29133975505829 131.75034101307392 -33.04657170176506
33.6152800321579 124.75105522200465 40.22267442941666 51.240442991256714 128.3480552174151 -32.1993168964982
33.6152800321579 124.75105522200465 40.22267442941666 37.84676742553711 134.87842731922865 -32.66425108164549
33.6152800321579 124.75105522200465 40.22267442941666 38.59504520893097 134.14937541261315 -33.59282114356756
33.6152800321579 124.75105522200465 40.22267442941666 44.7017707824707 132.99593302980065 -32.90135534852743
33.6152800321579 124.75105522200465 40.22267442941666 40.88814830780029 124.42082275822759 -5.250104941427708
33.6152800321579 124.75105522200465 40.22267442941666 38.49520254135132 126.50128550454974 -31.676857963204384
33.6152800321579 124.75105522200465 40.22267442941666 43.11805438995361 131.7109700962901 -32.09177828580141
33.6152800321579 124.75105522200465 40.22267442941666 39.56572961807251 133.20543160289526 -24.431191563606262
33.6152800321579 124.75105522200465 40.22267442941666 49.743887424468994 129.80615903064609 -30.342176772654057
33.6152800321579 124.75105522200465 40.22267442941666 36.55993664264679 131.21661606803536 -17.753385074436665
33.6152800321579 124.75105522200465 40.22267442941666 42.80069291591644 135.21656391397119 -33.09570383280516
33.6152800321579 124.75105522200465 40.22267442941666 42.02028775215149 125.8983608186245 -14.163175866007805
33.6152800321579 124.75105522200465 40.22267442941666 39.57944178581238 131.8394774235785 -25.45164953917265
33.6152800321579 124.75105522200465 40.22267442941666 41.338510155677795 132.33959650993347 -22.2230322137475
33.6152800321579 124.75105522200465 40.22267442941666 44.94568359851837 125.38131828606129 -33.9654508382082
42.030696749687195 101.80152286216617 48.989182114601135 45.87832248210907 109.72230499237776 -15.913242533802986
42.030696749687195 101.80152286216617 48.989182114601135 45.588385343551636 110.49599045142531 -18.958084031939507
42.030696749687195 101.80152286216617 48.989182114601135 46.72747325897217 110.37036565318704 -16.81470751017332
42.030696749687195 101.80152286216617 48.989182114601135 44.409191250801086 108.44850044697523 -16.097018361091614
42.030696749687195 101.80152286216617 48.989182114601135 47.05751657485962 111.76979499682784 -18.77430820465088
42.030696749687195 101.80152286216617 48.989182114601135 50.177894711494446 113.76976891979575 -26.445467583835125
42.030696749687195 101.80152286216617 48.989182114601135 48.82334864139557 112.50712276250124 -27.6225963011384
42.030696749687195 101.80152286216617 48.989182114601135 48.189656019210815 113.24733305722475 -27.687379129230976
42.030696749687195 101.80152286216617 48.989182114601135 44.18002092838287 108.4261836707592 -14.110312581062317
42.030696749687195 101.80152286216617 48.989182114601135 49.55791425704956 113.1440250352025 -27.530708387494087
42.030696749687195 101.80152286216617 48.989182114601135 50.29247987270355 113.78092730790377 -27.438820473849773
42.030696749687195 101.80152286216617 48.989182114601135 49.32874393463135 113.12170825898647 -25.54400260746479
42.030696749687195 101.80152286216617 48.989182114601135 45.35921502113342 110.47367367520928 -16.97137825191021
42.030696749687195 101.80152286216617 48.989182114601135 49.443329095840454 113.13286664709449 -26.53735549747944
42.030696749687195 101.80152286216617 48.989182114601135 45.02917170524597 109.07424433156848 -15.011777557432652
42.030696749687195 101.80152286216617 48.989182114601135 44.510064244270325 109.8256130144 -16.069913275539875
42.030696749687195 101.80152286216617 48.989182114601135 46.20836579799652 111.12173433601856 -17.872843228280544
42.030696749687195 101.80152286216617 48.989182114601135 47.441378235816956 113.97638496384025 -26.758809067308903
42.030696749687195 101.80152286216617 48.989182114601135 46.842058420181274 110.38152404129505 -17.80806040018797
42.030696749687195 101.80152286216617 48.989182114601135 46.95664358139038 110.39268242940307 -18.801413290202618
29.91193664073944 143.11138423904777 35.97494601458311 35.635276556015015 139.00148916244507 -22.806077666580677
29.91193664073944 143.11138423904777 35.97494601458311 36.83410096168518 144.35083946958184 -17.57422213256359
29.91193664073944 143.11138423904777 35.97494601458311 37.69696390628815 143.63294595107436 -19.496145084500313
29.91193664073944 143.11138423904777 35.97494601458311 36.90266180038452 137.52106857299805 -22.676512010395527
29.91193664073944 143.11138423904777 35.97494601458311 38.31694436073303 144.2586898356676 -18.41090428084135
29.91193664073944 143.11138423904777 35.97494601458311 37.60980308055878 140.88987920433283 -20.54370814561844
29.91193664073944 143.11138423904777 35.97494601458311 37.09069561958313 141.64124788716435 -21.601843863725662
29.91193664073944 143.11138423904777 35.97494601458311 37.68325173854828 144.99890013039112 -18.475687108933926
29.91193664073944 143.11138423904777 35.97494601458311 42.90156590938568 136.59367648139596 -33.06859874725342
29.91193664073944 143.11138423904777 35.97494601458311 40.790948033332825 142.09385089203715 -23.183320246636868
29.91193664073944 143.11138423904777 35.97494601458311 41.65381097793579 141.37595737352967 -25.10524319857359
29.91193664073944 143.11138423904777 35.97494601458311 42.80069291591644 135.21656391397119 -33.09570383280516
29.91193664073944 143.11138423904777 35.97494601458311 43.41287934780121 141.87607645988464 -21.87662587314844
29.91193664073944 143.11138423904777 35.97494601458311 37.09848964214325 135.60747922584414 -31.735681019723415
29.91193664073944 143.11138423904777 35.97494601458311 38.365874886512756 134.12705863639712 -31.606115363538265
29.91193664073944 143.11138423904777 35.97494601458311 37.83305525779724 136.2443814985454 -31.6437931060791
29.91193664073944 143.11138423904777 35.97494601458311 42.15920627117157 141.9905428700149 -23.02664950489998
29.91193664073944 143.11138423904777 35.97494601458311 38.48046004772186 134.13821702450514 -32.599468253552914
29.91193664073944 143.11138423904777 35.97494601458311 37.797836899757385 145.01005851849914 -19.469039998948574
29.91193664073944 143.11138423904777 35.97494601458311 46.4735209941864 138.4010752774775 -32.63626426458359
34.23526048660278 125.3767991065979 41.30791523307562 39.949591279029846 135.41202156990767 -32.415692426264286
34.23526048660278 125.3767991065979 41.30791523307562 50.209176540374756 128.24762972444296 -23.259140886366367
34.23526048660278 125.3767991065979 41.30791523307562 48.83603048324585 117.41214592382312 -30.586122542619705
34.23526048660278 125.3767991065979 41.30791523307562 47.08879840373993 126.24765580147505 -15.587981507182121
34.23526048660278 125.3767991065979 41.30791523307562 46.332541823387146 134.85084790736437 -27.658927157521248
34.23526048660278 125.3767991065979 41.30791523307562 43.33472764492035 124.98789217323065 -7.98160495609045
34.23526048660278 125.3767991065979 41.30791523307562 40.94093632698059 131.49896072223783 -13.21807337552309
34.23526048660278 125.3767991065979 41.30791523307562 43.22014248371124 124.97673378512263 -6.988252066075802
34.23526048660278 125.3767991065979 41.30791523307562 45.03387475013733 121.85340769216418 -30.974819511175156
34.23526048660278 125.3767991065979 41.30791523307562 37.94764041900635 136.25553988665342 -32.63714599609375
34.23526048660278 125.3767991065979 41.30791523307562 37.84676742553711 134.87842731922865 -32.66425108164549
34.23526048660278 125.3767991065979 41.30791523307562 45.12000524997711 130.86745177954435 -31.870324715971947
34.23526048660278 125.3767991065979 41.30791523307562 44.48631262779236 131.60766207426786 -31.935107544064522
34.23526048660278 125.3767991065979 41.30791523307562 40.1535826921463 123.78392048552632 -5.3419928550720215
34.23526048660278 125.3767991065979 41.30791523307562 41.46004378795624 130.7475920394063 -12.159937657415867
34.23526048660278 125.3767991065979 41.30791523307562 44.88980460166931 137.11611234396696 -31.826687201857567
34.23526048660278 125.3767991065979 41.30791523307562 44.50002479553223 130.2417078949511 -32.95556551963091
34.23526048660278 125.3767991065979 41.30791523307562 46.83407962322235 118.25566424056888 -30.80757611244917
34.23526048660278 125.3767991065979 41.30791523307562 40.13987052440643 125.14987466484308 -4.321534879505634
34.23526048660278 125.3767991065979 41.30791523307562 37.24152946472168 126.61575191468 -32.82688159495592
29.406541347503662 142.49679874256253 33.8963523209095 42.273791432380676 142.00170125812292 -24.020002394914627
29.406541347503662 142.49679874256253 33.8963523209095 38.31694436073303 144.2586898356676 -18.41090428084135
29.406541347503662 142.49679874256253 33.8963523209095 32.898760080337524 139.20810520648956 -23.119419150054455
29.406541347503662 142.49679874256253 33.8963523209095 35.386475920677185 135.67731208354235 -28.91229309141636
29.406541347503662 142.49679874256253 33.8963523209095 43.022069215774536 141.27264935150743 -24.9485724568367
29.406541347503662 142.49679874256253 33.8963523209095 41.55293798446655 139.9988448061049 -25.132348284125328
29.406541347503662 142.49679874256253 33.8963523209095 37.09848964214325 135.60747922584414 -31.735681019723415
29.406541347503662 142.49679874256253 33.8963523209095 33.53245270252228 138.46789491176605 -23.05463632196188
29.406541347503662 142.49679874256253 33.8963523209095 37.94764041900635 136.25553988665342 -32.63714599609375
29.406541347503662 142.49679874256253 33.8963523209095 38.303232192993164 145.62464401498437 -17.390446305274963
29.406541347503662 142.49679874256253 33.8963523209095 38.950636982917786 143.5184795409441 -18.346121452748775
29.406541347503662 142.49679874256253 33.8963523209095 41.64009881019592 142.74191155284643 -24.084785223007202
29.406541347503662 142.49679874256253 33.8963523209095 36.23562669754028 136.32537274435163 -29.813758067786694
29.406541347503662 142.49679874256253 33.8963523209095 33.647037863731384 138.47905329987407 -24.047989211976528
29.406541347503662 142.49679874256253 33.8963523209095 36.86931931972504 135.58516244962811 -29.74897523969412
29.406541347503662 142.49679874256253 33.8963523209095 36.83513128757477 138.0798621289432 -15.631153866648674
29.406541347503662 142.49679874256253 33.8963523209095 37.60980308055878 140.88987920433283 -20.54370814561844
29.406541347503662 142.49679874256253 33.8963523209095 39.57061743736267 144.14422342553735 -17.260880649089813
29.406541347503662 142.49679874256253 33.8963523209095 39.31589865684509 136.15223186463118 -32.48047525435686
29.406541347503662 142.49679874256253 33.8963523209095 37.213074803352356 135.61863761395216 -32.729033909738064
54.62491858005524 120.51416008546948 36.55840804427862 61.943626403808594 128.86522844433784 -27.938787207007408
54.62491858005524 120.51416008546948 36.55840804427862 61.19637894630432 123.3233030103147 -25.067148879170418
54.62491858005524 120.51416008546948 36.55840804427862 59.94965434074402 121.83460656180978 -15.160725064575672
54.62491858005524 120.51416008546948 36.55840804427862 61.917232394218445 125.32615946233273 -23.954802989959717
54.62491858005524 120.51416008546948 36.55840804427862 61.2090607881546 128.22832617163658 -28.030675120651722
54.62491858005524 120.51416008546948 36.55840804427862 61.019996643066406 130.3791241981089 -31.048411533236504
54.62491858005524 120.51416008546948 36.55840804427862 54.773322224617004 121.71136187016964 -24.819471955299377
54.62491858005524 120.51416008546948 36.55840804427862 61.411837100982666 124.71157396584749 -26.033396683633327
54.62491858005524 120.51416008546948 36.55840804427862 59.36978006362915 123.38197747990489 -21.250408060848713
54.62491858005524 120.51416008546948 36.55840804427862 60.003472685813904 122.64176718518138 -21.185625232756138
54.62491858005524 120.51416008546948 36.55840804427862 61.94465672969818 122.59425110369921 -25.99571894109249
54.62491858005524 120.51416008546948 36.55840804427862 61.094475626945496 128.21716778352857 -27.037322230637074
54.62491858005524 120.51416008546948 36.55840804427862 62.5509250164032 124.58594916760921 -23.89002016186714
54.62491858005524 120.51416008546948 36.55840804427862 60.05052733421326 123.21171912923455 -15.133619979023933
54.62491858005524 120.51416008546948 36.55840804427862 62.15908455848694 130.25349939987063 -28.905035011470318
54.62491858005524 120.51416008546948 36.55840804427862 60.0562607049942 129.71990514919162 -29.15359366685152
54.62491858005524 120.51416008546948 36.55840804427862 61.54708290100098 121.75361531600356 -16.99076010286808
54.62491858005524 120.51416008546948 36.55840804427862 59.84878134727478 120.457493994385 -15.187830150127411
54.62491858005524 120.51416008546948 36.55840804427862 62.678192019462585 129.5021307170391 -27.846899293363094
54.62491858005524 120.51416008546948 36.55840804427862 61.18266677856445 124.68925718963146 -24.04669090360403
37.49088442325592 124.41881437972188 42.67939243465662 40.88814830780029 124.42082275822759 -5.250104941427708
37.49088442325592 124.41881437972188 42.67939243465662 45.31704819202423 120.8425135537982 -15.853072591125965
37.49088442325592 124.41881437972188 42.67939243465662 49.69006907939911 128.99899840727448 -24.31727660447359
37.49088442325592 124.41881437972188 42.67939243465662 38.82524585723877 127.90071484819055 -33.63645865768194
37.49088442325592 124.41881437972188 42.67939243465662 50.4039740562439 132.6050177179277 -34.26137816160917
37.49088442325592 124.41881437972188 42.67939243465662 49.373737931251526 126.23361488431692 -23.37813388556242
37.49088442325592 124.41881437972188 42.67939243465662 45.03387475013733 121.85340769216418 -30.974819511175156
37.49088442325592 124.41881437972188 42.67939243465662 49.55688393115997 119.41500237584114 -29.473776653409004
37.49088442325592 124.41881437972188 42.67939243465662 49.5548232793808 131.95695705711842 -33.35991318523884
37.49088442325592 124.41881437972188 42.67939243465662 44.19740581512451 126.11037019267678 -33.036880776286125
37.49088442325592 124.41881437972188 42.67939243465662 38.72437286376953 126.52360228076577 -33.66356374323368
37.49088442325592 124.41881437972188 42.67939243465662 49.30620741844177 126.79240844026208 -16.332775741815567
37.49088442325592 124.41881437972188 42.67939243465662 36.98596513271332 123.05436615645885 -26.856191597878933
37.49088442325592 124.41881437972188 42.67939243465662 50.378610372543335 122.79497139528394 -28.334325678646564
37.49088442325592 124.41881437972188 42.67939243465662 37.935988903045654 125.07953938469291 -27.73055148869753
37.49088442325592 124.41881437972188 42.67939243465662 49.38641977310181 131.1386380456388 -26.341660127043724
37.49088442325592 124.41881437972188 42.67939243465662 42.134872913360596 125.90951920673251 -15.156528756022453
37.49088442325592 124.41881437972188 42.67939243465662 46.468817949295044 125.6219119168818 -16.673222310841084
37.49088442325592 124.41881437972188 42.67939243465662 47.83707618713379 125.51860389485955 -16.516551569104195
37.49088442325592 124.41881437972188 42.67939243465662 49.58919608592987 127.62188583984971 -24.34438169002533
53.68860697746277 117.12303267791867 36.41230995953083 57.74698781967163 113.65292240306735 -13.493320539593697
53.68860697746277 117.12303267791867 36.41230995953083 62.14640271663666 125.34847623854876 -25.941508769989014
53.68860697746277 117.12303267791867 36.41230995953083 61.94465672969818 122.59425110369921 -25.99571894109249
53.68860697746277 117.12303267791867 36.41230995953083 60.79880511760712 122.48266722261906 -16.062190040946007
53.68860697746277 117.12303267791867 36.41230995953083 61.81635940074921 123.94904689490795 -23.981908075511456
53.68860697746277 117.12303267791867 36.41230995953083 60.69793212413788 121.10555465519428 -16.089295126497746
53.68860697746277 117.12303267791867 36.41230995953083 59.39720439910889 120.65006912127137 -23.291324011981487
53.68860697746277 117.12303267791867 36.41230995953083 62.5509250164032 124.58594916760921 -23.89002016186714
53.68860697746277 117.12303267791867 36.41230995953083 59.94965434074402 121.83460656180978 -15.160725064575672
53.68860697746277 117.12303267791867 36.41230995953083 62.04552972316742 123.97136367112398 -25.968613855540752
53.68860697746277 117.12303267791867 36.41230995953083 61.830071568489075 122.58309271559119 -25.002366051077843
53.68860697746277 117.12303267791867 36.41230995953083 59.44425904750824 121.22002106532454 -17.239318758249283
53.68860697746277 117.12303267791867 36.41230995953083 57.632402658462524 113.64176401495934 -12.499967649579048
53.68860697746277 117.12303267791867 36.41230995953083 54.12694776058197 117.54654900357127 -21.92072854191065
53.68860697746277 117.12303267791867 36.41230995953083 59.21508872509003 121.19770428910851 -15.252612978219986
53.68860697746277 117.12303267791867 36.41230995953083 63.29920279979706 123.85689726099372 -24.818590223789215
53.68860697746277 117.12303267791867 36.41230995953083 54.03875660896301 121.07445959746838 -24.91135986894369
53.68860697746277 117.12303267791867 36.41230995953083 58.12981915473938 122.1304897107184 -23.420889668166637
53.68860697746277 117.12303267791867 36.41230995953083 57.86157298088074 113.66408079117537 -14.486673429608345
53.68860697746277 117.12303267791867 36.41230995953083 60.07795166969299 120.47981077060103 -17.174535930156708
46.0452196598053 117.5614640712738 42.582426480948925 53.80282258987427 120.81493414193392 -10.847748667001724
46.0452196598053 117.5614640712738 42.582426480948925 50.17686438560486 120.04074626043439 -28.388535849750042
46.0452196598053 117.5614640712738 42.582426480948925 49.443329095840454 113.13286664709449 -26.53735549747944
46.0452196598053 117.5614640712738 42.582426480948925 53.39238214492798 116.90964673087001 -22.012616455554962
46.0452196598053 117.5614640712738 42.582426480948925 52.77935016155243 114.68073998764157 -12.041409812867641
46.0452196598053 117.5614640712738 42.582426480948925 48.66762697696686 116.5938269123435 -23.56786948442459
46.0452196598053 117.5614640712738 42.582426480948925 47.938979506492615 120.62473912164569 -14.546378217637539
46.0452196598053 117.5614640712738 42.582426480948925 46.83407962322235 118.25566424056888 -30.80757611244917
46.0452196598053 117.5614640712738 42.582426480948925 49.55688393115997 119.41500237584114 -29.473776653409004
46.0452196598053 117.5614640712738 42.582426480948925 48.633254170417786 120.92889812961221 -32.5834009796381
46.0452196598053 117.5614640712738 42.582426480948925 47.797815561294556 118.91488328948617 -32.70239397883415
46.0452196598053 117.5614640712738 42.582426480948925 46.786179423332214 122.11631809920073 -15.669296763837337
46.0452196598053 117.5614640712738 42.582426480948925 48.06135869026184 114.6021288484335 -25.67356826364994
46.0452196598053 117.5614640712738 42.582426480948925 58.69598126411438 121.94907297194004 -16.31074869632721
46.0452196598053 117.5614640712738 42.582426480948925 49.46887755393982 121.10254143178463 -9.331055112183094
46.0452196598053 117.5614640712738 42.582426480948925 53.06928730010986 113.90705452859402 -8.996568314731121
46.0452196598053 117.5614640712738 42.582426480948925 55.92038893699646 113.71159687265754 -9.676579721271992
46.0452196598053 117.5614640712738 42.582426480948925 60.11805784702301 122.6529255732894 -22.178978122770786
46.0452196598053 117.5614640712738 42.582426480948925 51.28955829143524 116.37605248019099 -22.261175110936165
46.0452196598053 117.5614640712738 42.582426480948925 47.20441389083862 119.98783684894443 -14.638266131281853
54.308587431907654 117.74877656251192 37.49755076318979 61.71548640727997 122.57193432748318 -24.009013161063194
54.308587431907654 117.74877656251192 37.49755076318979 63.18461763858795 123.8457388728857 -23.825237333774567
54.308587431907654 117.74877656251192 37.49755076318979 58.810566425323486 121.96023136004806 -17.304101586341858
54.308587431907654 117.74877656251192 37.49755076318979 60.68421995639801 122.47150883451104 -15.068837150931358
54.308587431907654 117.74877656251192 37.49755076318979 59.96336650848389 120.46865238249302 -16.18118304014206
54.308587431907654 117.74877656251192 37.49755076318979 59.54513204097748 122.59713363274932 -17.212213672697544
54.308587431907654 117.74877656251192 37.49755076318979 61.93094456195831 123.96020528301597 -24.975260965526104
54.308587431907654 117.74877656251192 37.49755076318979 61.31096410751343 123.33446139842272 -26.060501769185066
54.308587431907654 117.74877656251192 37.49755076318979 61.317912578582764 121.73129853978753 -15.004054322838783
54.308587431907654 117.74877656251192 37.49755076318979 54.773322224617004 121.71136187016964 -24.819471955299377
54.308587431907654 117.74877656251192 37.49755076318979 59.28261923789978 120.63891073316336 -22.29797112196684
54.308587431907654 117.74877656251192 37.49755076318979 61.830071568489075 122.58309271559119 -25.002366051077843
54.308587431907654 117.74877656251192 37.49755076318979 59.315961718559265 122.57481685653329 -15.225507892668247
54.308587431907654 117.74877656251192 37.49755076318979 59.902599692344666 121.2646546177566 -21.212730318307877
54.308587431907654 117.74877656251192 37.49755076318979 62.14640271663666 125.34847623854876 -25.941508769989014
54.308587431907654 117.74877656251192 37.49755076318979 60.11805784702301 122.6529255732894 -22.178978122770786
54.308587431907654 117.74877656251192 37.49755076318979 58.12981915473938 122.1304897107184 -23.420889668166637
54.308587431907654 117.74877656251192 37.49755076318979 59.498077392578125 122.02718168869615 -23.26421892642975
54.308587431907654 117.74877656251192 37.49755076318979 57.90064883232117 122.10817293450236 -21.43418388813734
54.308587431907654 117.74877656251192 37.49755076318979 60.16511249542236 123.22287751734257 -16.126972869038582
42.70243489742279 115.77638205140829 40.1633862182498 52.159369707107544 114.05499610304832 -13.126650616526604
42.70243489742279 115.77638205140829 40.1633862182498 47.872294545173645 116.75292687490582 -28.691304676234722
42.70243489742279 115.77638205140829 40.1633862182498 48.05356466770172 120.6358975097537 -15.539731107652187
42.70243489742279 115.77638205140829 40.1633862182498 53.37866997718811 118.27560091018677 -20.992158479988575
42.70243489742279 115.77638205140829 40.1633862182498 50.10257017612457 120.36233113706112 -9.266272284090519
42.70243489742279 115.77638205140829 40.1633862182498 49.76660871505737 114.29508731141686 -16.420050770044327
42.70243489742279 115.77638205140829 40.1633862182498 49.55791425704956 113.1440250352025 -27.530708387494087
42.70243489742279 115.77638205140829 40.1633862182498 53.60784029960632 118.2979176864028 -22.978864260017872
42.70243489742279 115.77638205140829 40.1633862182498 45.588385343551636 110.49599045142531 -18.958084031939507
42.70243489742279 115.77638205140829 40.1633862182498 44.51476728916168 122.60477637499571 -32.03295522928238
42.70243489742279 115.77638205140829 40.1633862182498 47.71760320663452 114.56865368410945 -22.693509593605995
42.70243489742279 115.77638205140829 40.1633862182498 54.773322224617004 121.71136187016964 -24.819471955299377
42.70243489742279 115.77638205140829 40.1633862182498 50.06330955028534 113.75861053168774 -25.452114693820477
42.70243489742279 115.77638205140829 40.1633862182498 50.17686438560486 120.04074626043439 -28.388535849750042
42.70243489742279 115.77638205140829 40.1633862182498 50.95172095298767 121.0103917978704 -10.167737260460854
42.70243489742279 115.77638205140829 40.1633862182498 50.291449546813965 120.0519046485424 -29.38188873976469
42.70243489742279 115.77638205140829 40.1633862182498 49.656726598739624 127.06309228390455 -31.389739833772182
42.70243489742279 115.77638205140829 40.1633862182498 48.55304181575775 116.58266852423549 -22.574516594409943
42.70243489742279 115.77638205140829 40.1633862182498 53.29150915145874 115.53253416344523 -22.0397215411067
42.70243489742279 115.77638205140829 40.1633862182498 46.83407962322235 118.25566424056888 -30.80757611244917
36.74260663986206 125.14786628633738 43.60796249657869 49.52945959568024 122.14691073447466 -27.43286070227623
36.74260663986206 125.14786628633738 43.60796249657869 42.02028775215149 125.8983608186245 -14.163175866007805
36.74260663986206 125.14786628633738 43.60796249657869 45.56566405296326 126.00706217065454 -32.880210034549236
36.74260663986206 125.14786628633738 43.60796249657869 44.47260046005249 132.97361625358462 -30.914649568498135
36.74260663986206 125.14786628633738 43.60796249657869 54.13962960243225 122.45157216489315 -24.884254783391953
36.74260663986206 125.14786628633738 43.60796249657869 49.535377740859985 126.81472521647811 -18.319481521844864
36.74260663986206 125.14786628633738 43.60796249657869 46.468817949295044 125.6219119168818 -16.673222310841084
36.74260663986206 125.14786628633738 43.60796249657869 38.050758838653564 123.25032623484731 -5.590551510453224
36.74260663986206 125.14786628633738 43.60796249657869 38.59504520893097 134.14937541261315 -33.59282114356756
36.74260663986206 125.14786628633738 43.60796249657869 41.63642609119415 123.69177085161209 -6.178675003349781
36.74260663986206 125.14786628633738 43.60796249657869 44.70195555686951 131.15556149184704 -9.768002480268478
36.74260663986206 125.14786628633738 43.60796249657869 45.005420088768005 130.85629339143634 -30.8769718259573
36.74260663986206 125.14786628633738 43.60796249657869 37.84676742553711 134.87842731922865 -32.66425108164549
36.74260663986206 125.14786628633738 43.60796249657869 46.071059346199036 126.62164766713977 -30.801616340875626
36.74260663986206 125.14786628633738 43.60796249657869 42.69305622577667 133.60224266722798 -21.045903496444225
36.74260663986206 125.14786628633738 43.60796249657869 47.41884171962738 127.64708514511585 -17.54758220165968
36.74260663986206 125.14786628633738 43.60796249657869 48.26799249649048 128.29514580592513 -18.449047178030014
36.74260663986206 125.14786628633738 43.60796249657869 47.366899251937866 116.13834137842059 -30.769898369908333
36.74260663986206 125.14786628633738 43.60796249657869 37.12694430351257 126.60459352657199 -31.833528704941273
36.74260663986206 125.14786628633738 43.60796249657869 48.84091830253601 128.3509377464652 -23.415811628103256
21.878769516944885 136.67541118338704 41.01618421822786 37.94764041900635 136.25553988665342 -32.63714599609375
21.878769516944885 136.67541118338704 41.01618421822786 37.00353479385376 138.89818114042282 -22.649406924843788
21.878769516944885 136.67541118338704 41.01618421822786 39.32961082458496 134.78627768531442 -33.50093322992325
21.878769516944885 136.67541118338704 41.01618421822786 34.551037311553955 133.6632972434163 -29.03128609061241
21.878769516944885 136.67541118338704 41.01618421822786 37.961352586746216 134.88958570733666 -33.65760397166014
21.878769516944885 136.67541118338704 41.01618421822786 36.23562669754028 136.32537274435163 -29.813758067786694
21.878769516944885 136.67541118338704 41.01618421822786 39.215025663375854 134.7751192972064 -32.5075803399086
21.878769516944885 136.67541118338704 41.01618421822786 40.06417644023895 135.42317995801568 -33.409045316278934
21.878769516944885 136.67541118338704 41.01618421822786 35.18472993373871 132.9230869486928 -28.966503262519836
21.878769516944885 136.67541118338704 41.01618421822786 34.86736845970154 136.42868076637387 -29.970428809523582
21.878769516944885 136.67541118338704 41.01618421822786 34.66562247276306 133.67445563152432 -30.02463898062706
21.878769516944885 136.67541118338704 41.01618421822786 35.534403562545776 137.6243765950203 -22.833182752132416
21.878769516944885 136.67541118338704 41.01618421822786 39.10044050216675 134.7639609090984 -31.51422744989395
21.878769516944885 136.67541118338704 41.01618421822786 33.81647169589996 133.02639497071505 -29.123174004256725
21.878769516944885 136.67541118338704 41.01618421822786 39.31589865684509 136.15223186463118 -32.48047525435686
21.878769516944885 136.67541118338704 41.01618421822786 39.201313495635986 136.14107347652316 -31.487122364342213
21.878769516944885 136.67541118338704 41.01618421822786 36.134753704071045 134.94826017692685 -29.840863153338432
21.878769516944885 136.67541118338704 41.01618421822786 35.50106108188629 135.68847047165036 -29.905645981431007
21.878769516944885 136.67541118338704 41.01618421822786 38.466747879981995 135.5041712038219 -31.579010277986526
21.878769516944885 136.67541118338704 41.01618421822786 39.4304838180542 136.1633902527392 -33.47382814437151
45.20978105068207 115.54744923114777 42.46343348175287 52.159369707107544 114.05499610304832 -13.126650616526604
45.20978105068207 115.54744923114777 42.46343348175287 47.29936873912811 116.69713493436575 -23.72454022616148
45.20978105068207 115.54744923114777 42.46343348175287 50.21715533733368 120.37348952516913 -10.259625174105167
45.20978105068207 115.54744923114777 42.46343348175287 57.84786081314087 115.03003497049212 -13.466215454041958
45.20978105068207 115.54744923114777 42.46343348175287 47.13772892951965 116.11602460220456 -28.783192589879036
45.20978105068207 115.54744923114777 42.46343348175287 51.84303855895996 111.28961258009076 -12.187507897615433
45.20978105068207 115.54744923114777 42.46343348175287 50.291449546813965 120.0519046485424 -29.38188873976469
45.20978105068207 115.54744923114777 42.46343348175287 49.65202355384827 114.28392892330885 -15.426697880029678
45.20978105068207 115.54744923114777 42.46343348175287 57.74698781967163 113.65292240306735 -13.493320539593697
45.20978105068207 115.54744923114777 42.46343348175287 53.91843807697296 114.5551151894033 -9.898033291101456
45.20978105068207 115.54744923114777 42.46343348175287 47.198495745658875 115.32002236694098 -23.75164531171322
45.20978105068207 115.54744923114777 42.46343348175287 53.81756508350372 113.17800262197852 -9.925138376653194
45.20978105068207 115.54744923114777 42.46343348175287 53.80282258987427 120.81493414193392 -10.847748667001724
45.20978105068207 115.54744923114777 42.46343348175287 59.28261923789978 120.63891073316336 -22.29797112196684
45.20978105068207 115.54744923114777 42.46343348175287 46.828346252441406 111.74747822061181 -16.787602424621582
45.20978105068207 115.54744923114777 42.46343348175287 48.45216882228851 115.20555595681071 -22.60162167996168
45.20978105068207 115.54744923114777 42.46343348175287 60.01718485355377 121.27581300586462 -22.206083208322525
45.20978105068207 115.54744923114777 42.46343348175287 47.71083950996399 114.33144500479102 -10.616604171693325
45.20978105068207 115.54744923114777 42.46343348175287 47.78428816795349 118.44046593084931 -8.548583135008812
45.20978105068207 115.54744923114777 42.46343348175287 56.034974098205566 113.72275526076555 -10.66993261128664
34.134387493133545 123.99968653917313 41.28081014752388 50.222888708114624 126.8816755451262 -24.279598861932755
34.134387493133545 123.99968653917313 41.28081014752388 46.68427610397339 127.01018287241459 -17.639470115303993
34.134387493133545 123.99968653917313 41.28081014752388 49.78399360179901 131.97927383333445 -35.346618965268135
34.134387493133545 123.99968653917313 41.28081014752388 42.25640654563904 124.31751473620534 -5.093434199690819
34.134387493133545 123.99968653917313 41.28081014752388 44.87712275981903 132.21108918264508 -28.863160960376263
34.134387493133545 123.99968653917313 41.28081014752388 51.12585783004761 128.33689682930708 -31.205964006483555
34.134387493133545 123.99968653917313 41.28081014752388 45.619667172431946 124.97385125607252 -15.771757334470749
34.134387493133545 123.99968653917313 41.28081014752388 44.19740581512451 126.11037019267678 -33.036880776286125
34.134387493133545 123.99968653917313 41.28081014752388 50.76839017868042 129.6693758442998 -27.205447360873222
34.134387493133545 123.99968653917313 41.28081014752388 40.46972906589508 128.3896755464375 -29.414488442242146
34.134387493133545 123.99968653917313 41.28081014752388 43.00346922874451 131.6998117081821 -31.098425395786762
34.134387493133545 123.99968653917313 41.28081014752388 48.85463047027588 126.98498356714845 -24.436269603669643
34.134387493133545 123.99968653917313 41.28081014752388 40.725478172302246 130.11068976670504 -12.25182557106018
34.134387493133545 123.99968653917313 41.28081014752388 47.467772245407104 117.51545394584537 -30.742793284356594
34.134387493133545 123.99968653917313 41.28081014752388 39.680314779281616 133.21658999100327 -25.42454445362091
34.134387493133545 123.99968653917313 41.28081014752388 43.75174701213837 130.9707598015666 -32.026995457708836
34.134387493133545 123.99968653917313 41.28081014752388 38.945749163627625 132.579687718302 -25.516432367265224
34.134387493133545 123.99968653917313 41.28081014752388 47.353187084198 117.50429555773735 -29.749440394341946
34.134387493133545 123.99968653917313 41.28081014752388 38.15736520290375 131.13562482222915 -19.583420112729073
34.134387493133545 123.99968653917313 41.28081014752388 47.53342688083649 127.65824353322387 -18.540935091674328
32.146148800849915 123.47725067660213 40.03889860212803 41.40725576877594 123.66945407539606 -4.191969223320484
32.146148800849915 123.47725067660213 40.03889860212803 36.789106965065 131.2389328442514 -19.74009085446596
32.146148800849915 123.47725067660213 40.03889860212803 47.43931758403778 126.51833964511752 -30.644945599138737
32.146148800849915 123.47725067660213 40.03889860212803 40.65897798538208 124.39850598201156 -3.263399161398411
32.146148800849915 123.47725067660213 40.03889860212803 48.503926515579224 128.5546712614596 -32.51265837997198
32.146148800849915 123.47725067660213 40.03889860212803 40.69889938831329 128.41199232265353 -31.401194222271442
32.146148800849915 123.47725067660213 40.03889860212803 39.41901707649231 123.14701821282506 -5.433880768716335
32.146148800849915 123.47725067660213 40.03889860212803 39.32961082458496 134.78627768531442 -33.50093322992325
32.146148800849915 123.47725067660213 40.03889860212803 40.06520676612854 129.15220261737704 -31.465977050364017
32.146148800849915 123.47725067660213 40.03889860212803 39.78916656970978 126.71956235915422 -12.397923655807972
32.146148800849915 123.47725067660213 40.03889860212803 36.57364881038666 129.8506618887186 -18.77384305000305
32.146148800849915 123.47725067660213 40.03889860212803 50.30310106277466 131.22790515050292 -34.28848324716091
32.146148800849915 123.47725067660213 40.03889860212803 46.084771513938904 125.25569348782301 -31.822074316442013
32.146148800849915 123.47725067660213 40.03889860212803 37.422799587249756 130.49872254952788 -19.675308026373386
32.146148800849915 123.47725067660213 40.03889860212803 39.849748611450195 127.76393166184425 -30.499729245901108
32.146148800849915 123.47725067660213 40.03889860212803 38.71657884120941 132.55737094208598 -23.529726587235928
32.146148800849915 123.47725067660213 40.03889860212803 45.96915602684021 131.51551244035363 -32.77178969234228
32.146148800849915 123.47725067660213 40.03889860212803 47.353187084198 117.50429555773735 -29.749440394341946
32.146148800849915 123.47725067660213 40.03889860212803 39.1898467540741 123.12470143660903 -3.4471749886870384
32.146148800849915 123.47725067660213 40.03889860212803 48.51866900920868 120.91773974150419 -31.59004808962345
29.722872495651245 145.2621822655201 32.95720960199833 38.950636982917786 143.5184795409441 -18.346121452748775
29.722872495651245 145.2621822655201 32.95720960199833 37.09069561958313 141.64124788716435 -21.601843863725662
29.722872495651245 145.2621822655201 32.95720960199833 38.3306565284729 142.89273565635085 -19.431362256407738
29.722872495651245 145.2621822655201 32.95720960199833 40.90553319454193 142.10500928014517 -24.176673136651516
29.722872495651245 145.2621822655201 32.95720960199833 41.539225816726685 141.36479898542166 -24.11189030855894
29.722872495651245 145.2621822655201 32.95720960199833 38.93692481517792 144.88443372026086 -17.32566347718239
29.722872495651245 145.2621822655201 32.95720960199833 37.797836899757385 145.01005851849914 -19.469039998948574
29.722872495651245 145.2621822655201 32.95720960199833 37.69696390628815 143.63294595107436 -19.496145084500313
29.722872495651245 145.2621822655201 32.95720960199833 36.94868612289429 144.36199785768986 -18.56757502257824
29.722872495651245 145.2621822655201 32.95720960199833 40.17096757888794 141.4681070074439 -24.26856105029583
29.722872495651245 145.2621822655201 32.95720960199833 37.56866657733917 144.9877417422831 -17.482334218919277
29.722872495651245 145.2621822655201 32.95720960199833 36.34241783618927 142.37029979377985 -20.67327380180359
29.722872495651245 145.2621822655201 32.95720960199833 37.58237874507904 143.62178756296635 -18.502792194485664
29.722872495651245 145.2621822655201 32.95720960199833 40.05638241767883 141.4569486193359 -23.27520816028118
29.722872495651245 145.2621822655201 32.95720960199833 38.31694436073303 144.2586898356676 -18.41090428084135
29.722872495651245 145.2621822655201 32.95720960199833 37.467793583869934 143.61062917485833 -17.509439304471016
29.722872495651245 145.2621822655201 32.95720960199833 38.796791195869446 136.9036005474627 -33.538610972464085
29.722872495651245 145.2621822655201 32.95720960199833 36.24154484272003 140.99318722635508 -20.700378887355328
29.722872495651245 145.2621822655201 32.95720960199833 37.60980308055878 140.88987920433283 -20.54370814561844
29.722872495651245 145.2621822655201 32.95720960199833 39.68520259857178 144.15538181364536 -18.25423353910446
58.4123318195343 123.70982983708382 36.02449472248554 60.44810116291046 124.0523549169302 -24.138578817248344
58.4123318195343 123.70982983708382 36.02449472248554 61.917232394218445 125.32615946233273 -23.954802989959717
58.4123318195343 123.70982983708382 36.02449472248554 60.58334696292877 121.09439626708627 -15.095942236483097
58.4123318195343 123.70982983708382 36.02449472248554 60.91339027881622 122.49382561072707 -17.055542930960655
58.4123318195343 123.70982983708382 36.02449472248554 60.46078300476074 128.95737807825208 -27.10210505872965
58.4123318195343 123.70982983708382 36.02449472248554 60.07795166969299 120.47981077060103 -17.174535930156708
58.4123318195343 123.70982983708382 36.02449472248554 61.830071568489075 122.58309271559119 -25.002366051077843
58.4123318195343 123.70982983708382 36.02449472248554 62.56360685825348 129.4909723289311 -26.853546403348446
58.4123318195343 123.70982983708382 36.02449472248554 61.32364594936371 128.2394845597446 -29.02402801066637
58.4123318195343 123.70982983708382 36.02449472248554 62.564637184143066 123.21999498829246 -24.91047813743353
58.4123318195343 123.70982983708382 36.02449472248554 62.665510177612305 124.59710755571723 -24.88337305188179
58.4123318195343 123.70982983708382 36.02449472248554 58.64892661571503 121.37912102788687 -22.362753950059414
58.4123318195343 123.70982983708382 36.02449472248554 58.76351177692413 121.39027941599488 -23.356106840074062
58.4123318195343 123.70982983708382 36.02449472248554 60.23264300823212 122.66408396139741 -23.172331012785435
58.4123318195343 123.70982983708382 36.02449472248554 61.317912578582764 121.73129853978753 -15.004054322838783
58.4123318195343 123.70982983708382 36.02449472248554 61.43249773979187 121.74245692789555 -15.997407212853432
58.4123318195343 123.70982983708382 36.02449472248554 58.80258762836456 129.83437155932188 -30.303617298603058
58.4123318195343 123.70982983708382 36.02449472248554 59.32169508934021 129.08300287649035 -29.245481580495834
58.4123318195343 123.70982983708382 36.02449472248554 59.38349223136902 122.01602330058813 -22.2708660364151
58.4123318195343 123.70982983708382 36.02449472248554 60.67624115943909 130.34564903378487 -28.06835286319256
22.49874997138977 137.3011550679803 42.101425021886826 40.06417644023895 135.42317995801568 -33.409045316278934
22.49874997138977 137.3011550679803 42.101425021886826 33.647037863731384 138.47905329987407 -24.047989211976528
22.49874997138977 137.3011550679803 42.101425021886826 35.386475920677185 135.67731208354235 -28.91229309141636
22.49874997138977 137.3011550679803 42.101425021886826 34.86736845970154 136.42868076637387 -29.970428809523582
22.49874997138977 137.3011550679803 42.101425021886826 43.64984369277954 135.86462457478046 -33.99716880917549
22.49874997138977 137.3011550679803 42.101425021886826 36.90266180038452 137.52106857299805 -22.676512010395527
22.49874997138977 137.3011550679803 42.101425021886826 36.86152529716492 141.61893111094832 -19.615138083696365
22.49874997138977 137.3011550679803 42.101425021886826 32.898760080337524 139.20810520648956 -23.119419150054455
22.49874997138977 137.3011550679803 42.101425021886826 34.551037311553955 133.6632972434163 -29.03128609061241
22.49874997138977 137.3011550679803 42.101425021886826 37.32765996456146 135.62979600206017 -33.72238679975271
22.49874997138977 137.3011550679803 42.101425021886826 36.86931931972504 135.58516244962811 -29.74897523969412
22.49874997138977 137.3011550679803 42.101425021886826 38.56762087345123 136.88128377124667 -31.551905192434788
22.49874997138977 137.3011550679803 42.101425021886826 39.201313495635986 136.14107347652316 -31.487122364342213
22.49874997138977 137.3011550679803 42.101425021886826 35.40018808841705 134.3113579042256 -29.932751066982746
22.49874997138977 137.3011550679803 42.101425021886826 33.53245270252228 138.46789491176605 -23.05463632196188
22.49874997138977 137.3011550679803 42.101425021886826 39.949591279029846 135.41202156990767 -32.415692426264286
22.49874997138977 137.3011550679803 42.101425021886826 38.796791195869446 136.9036005474627 -33.538610972464085
22.49874997138977 137.3011550679803 42.101425021886826 38.48046004772186 134.13821702450514 -32.599468253552914
22.49874997138977 137.3011550679803 42.101425021886826 39.31589865684509 136.15223186463118 -32.48047525435686
22.49874997138977 137.3011550679803 42.101425021886826 36.7684463262558 134.20804988220334 -29.776080325245857
34.74065577983856 125.99138460308313 43.38650892674923 40.733272194862366 124.07692110538483 -22.385662727057934
34.74065577983856 125.99138460308313 43.38650892674923 42.80764138698578 133.613401055336 -22.039256386458874
34.74065577983856 125.99138460308313 43.38650892674923 39.68829357624054 125.34244979172945 -12.42502874135971
34.74065577983856 125.99138460308313 43.38650892674923 37.79989755153656 132.46810383722186 -15.58290346711874
34.74065577983856 125.99138460308313 43.38650892674923 48.95550346374512 128.36209613457322 -24.409164518117905
34.74065577983856 125.99138460308313 43.38650892674923 48.707733154296875 118.76694171503186 -28.57231167703867
34.74065577983856 125.99138460308313 43.38650892674923 51.0112726688385 128.32573844119906 -30.212611116468906
34.74065577983856 125.99138460308313 43.38650892674923 38.1516318321228 124.62743880227208 -5.563446424901485
34.74065577983856 125.99138460308313 43.38650892674923 37.61965775489807 122.31415586173534 -26.791408769786358
34.74065577983856 125.99138460308313 43.38650892674923 37.94764041900635 136.25553988665342 -32.63714599609375
34.74065577983856 125.99138460308313 43.38650892674923 36.24933886528015 134.95941856503487 -30.83421604335308
34.74065577983856 125.99138460308313 43.38650892674923 48.67251479625702 127.53261873498559 -16.397558569908142
34.74065577983856 125.99138460308313 43.38650892674923 45.96915602684021 131.51551244035363 -32.77178969234228
34.74065577983856 125.99138460308313 43.38650892674923 51.77223229408264 132.50170969590545 -34.104707419872284
34.74065577983856 125.99138460308313 43.38650892674923 39.98396408557892 131.07695035263896 -23.400160931050777
34.74065577983856 125.99138460308313 43.38650892674923 41.40725576877594 123.66945407539606 -4.191969223320484
34.74065577983856 125.99138460308313 43.38650892674923 45.16809022426605 125.16642638295889 -23.875251196324825
34.74065577983856 125.99138460308313 43.38650892674923 46.73320662975311 116.8785516731441 -30.834681198000908
34.74065577983856 125.99138460308313 43.38650892674923 40.10549771785736 129.4849458821118 -13.337066374719143
34.74065577983856 125.99138460308313 43.38650892674923 50.37758004665375 129.06594873592257 -30.27739394456148
55.24489903450012 121.13990397006273 37.643648847937584 59.44425904750824 121.22002106532454 -17.239318758249283
55.24489903450012 121.13990397006273 37.643648847937584 59.43054687976837 122.5859752446413 -16.218860782682896
55.24489903450012 121.13990397006273 37.643648847937584 62.04552972316742 123.97136367112398 -25.968613855540752
55.24489903450012 121.13990397006273 37.643648847937584 60.57536816596985 128.9685364663601 -28.095457948744297
55.24489903450012 121.13990397006273 37.643648847937584 59.28261923789978 120.63891073316336 -22.29797112196684
55.24489903450012 121.13990397006273 37.643648847937584 60.677271485328674 124.07467169314623 -26.12528459727764
55.24489903450012 121.13990397006273 37.643648847937584 59.436280250549316 129.09416126459837 -30.238834470510483
55.24489903450012 121.13990397006273 37.643648847937584 58.58139610290527 121.93791458383203 -15.317395806312561
55.24489903450012 121.13990397006273 37.643648847937584 61.525391936302185 130.99370969459414 -28.969817839562893
55.24489903450012 121.13990397006273 37.643648847937584 59.39720439910889 120.65006912127137 -23.291324011981487
55.24489903450012 121.13990397006273 37.643648847937584 61.917232394218445 125.32615946233273 -23.954802989959717
55.24489903450012 121.13990397006273 37.643648847937584 60.812517285346985 121.1167130433023 -17.082648016512394
55.24489903450012 121.13990397006273 37.643648847937584 58.12981915473938 122.1304897107184 -23.420889668166637
55.24489903450012 121.13990397006273 37.643648847937584 61.2090607881546 128.22832617163658 -28.030675120651722
55.24489903450012 121.13990397006273 37.643648847937584 58.86438477039337 122.76739198341966 -23.329001754522324
55.24489903450012 121.13990397006273 37.643648847937584 60.003472685813904 122.64176718518138 -21.185625232756138
55.24489903450012 121.13990397006273 37.643648847937584 62.04449939727783 130.24234101176262 -27.91168212145567
55.24489903450012 121.13990397006273 37.643648847937584 62.79277718067169 129.51328910514712 -28.840252183377743
55.24489903450012 121.13990397006273 37.643648847937584 61.82904124259949 128.85407005622983 -26.94543431699276
55.24489903450012 121.13990397006273 37.643648847937584 59.32169508934021 129.08300287649035 -29.245481580495834
36.85719180107117 125.15902467444539 42.614609606564045 41.851699471473694 126.9204133450985 -30.278275676071644
36.85719180107117 125.15902467444539 42.614609606564045 49.42079257965088 126.8035668283701 -17.326128631830215
36.85719180107117 125.15902467444539 42.614609606564045 49.669408440589905 131.96811544522643 -34.35326607525349
36.85719180107117 125.15902467444539 42.614609606564045 50.209176540374756 128.24762972444296 -23.259140886366367
36.85719180107117 125.15902467444539 42.614609606564045 48.08775269985199 118.14119783043861 -29.657552480697632
36.85719180107117 125.15902467444539 42.614609606564045 47.898688554763794 120.29199585691094 -32.67528889328241
36.85719180107117 125.15902467444539 42.614609606564045 47.938979506492615 120.62473912164569 -14.546378217637539
36.85719180107117 125.15902467444539 42.614609606564045 49.630332589149475 123.52402330189943 -27.40575561672449
36.85719180107117 125.15902467444539 42.614609606564045 48.066246509552 125.54092067107558 -18.50325734913349
36.85719180107117 125.15902467444539 42.614609606564045 50.07599139213562 118.66363369300961 -28.41564093530178
36.85719180107117 125.15902467444539 42.614609606564045 41.2857221364975 125.26145854592323 -14.255063779652119
36.85719180107117 125.15902467444539 42.614609606564045 41.574628949165344 130.75875042751431 -13.153290547430515
36.85719180107117 125.15902467444539 42.614609606564045 47.872294545173645 116.75292687490582 -28.691304676234722
36.85719180107117 125.15902467444539 42.614609606564045 49.99371838569641 126.85935876891017 -22.292893081903458
36.85719180107117 125.15902467444539 42.614609606564045 42.14182138442993 124.30635634809732 -4.10008130967617
36.85719180107117 125.15902467444539 42.614609606564045 50.02011239528656 130.3984277509153 -26.27687729895115
36.85719180107117 125.15902467444539 42.614609606564045 47.41987204551697 121.37610780447721 -15.604513935744762
36.85719180107117 125.15902467444539 42.614609606564045 37.848828077316284 122.33647263795137 -28.778114549815655
36.85719180107117 125.15902467444539 42.614609606564045 54.35405743122101 130.11082046106458 -27.79357085376978
36.85719180107117 125.15902467444539 42.614609606564045 47.59992706775665 133.37042731791735 -27.529361501336098
45.93063449859619 117.55030568316579 43.57577937096357 46.5040363073349 116.85623489692807 -28.84797541797161
45.93063449859619 117.55030568316579 43.57577937096357 49.87218475341797 128.45136323943734 -32.35598763823509
45.93063449859619 117.55030568316579 43.57577937096357 47.98687970638275 116.76408526301384 -29.68465756624937
45.93063449859619 117.55030568316579 43.57577937096357 48.72144532203674 117.4009875357151 -29.592769652605057
45.93063449859619 117.55030568316579 43.57577937096357 49.152546405792236 118.33715790882707 -8.391912393271923
45.93063449859619 117.55030568316579 43.57577937096357 60.13177001476288 121.28697139397264 -23.199436098337173
45.93063449859619 117.55030568316579 43.57577937096357 59.84878134727478 120.457493994385 -15.187830150127411
45.93063449859619 117.55030568316579 43.57577937096357 52.55694353580475 114.89563189074397 -22.131609454751015
45.93063449859619 117.55030568316579 43.57577937096357 52.0378360748291 115.6470005735755 -23.189745172858238
45.93063449859619 117.55030568316579 43.57577937096357 47.23860192298889 117.49313716962934 -28.756087504327297
45.93063449859619 117.55030568316579 43.57577937096357 50.06330955028534 113.75861053168774 -25.452114693820477
45.93063449859619 117.55030568316579 43.57577937096357 51.571701407432556 121.63613568246365 -9.082496456801891
45.93063449859619 117.55030568316579 43.57577937096357 50.53348648548126 123.1388730481267 -11.198767893016338
45.93063449859619 117.55030568316579 43.57577937096357 59.59895038604736 123.40429425612092 -23.23711384087801
45.93063449859619 117.55030568316579 43.57577937096357 52.02412390708923 117.01295475289226 -22.16928719729185
45.93063449859619 117.55030568316579 43.57577937096357 52.04478454589844 114.04383771494031 -12.133297726511955
45.93063449859619 117.55030568316579 43.57577937096357 52.85956251621246 119.0269695930183 -22.0502941980958
45.93063449859619 117.55030568316579 43.57577937096357 48.78813028335571 121.27279978245497 -15.447843194007874
45.93063449859619 117.55030568316579 43.57577937096357 45.45107889175415 125.99590378254652 -31.886857144534588
45.93063449859619 117.55030568316579 43.57577937096357 61.18266677856445 124.68925718963146 -24.04669090360403
56.714030265808105 122.41370851546526 37.82742467522621 59.32967388629913 121.20886267721653 -16.245965868234634
56.714030265808105 122.41370851546526 37.82742467522621 61.54708290100098 121.75361531600356 -16.99076010286808
56.714030265808105 122.41370851546526 37.82742467522621 60.56268632411957 124.06351330503821 -25.131931707262993
56.714030265808105 122.41370851546526 37.82742467522621 59.82709038257599 129.6975883729756 -27.166887886822224
56.714030265808105 122.41370851546526 37.82742467522621 61.411837100982666 124.71157396584749 -26.033396683633327
56.714030265808105 122.41370851546526 37.82742467522621 61.19637894630432 123.3233030103147 -25.067148879170418
56.714030265808105 122.41370851546526 37.82742467522621 63.413787961006165 123.86805564910173 -25.811943113803864
56.714030265808105 122.41370851546526 37.82742467522621 58.58139610290527 121.93791458383203 -15.317395806312561
56.714030265808105 122.41370851546526 37.82742467522621 59.315961718559265 122.57481685653329 -15.225507892668247
56.714030265808105 122.41370851546526 37.82742467522621 61.81635940074921 123.94904689490795 -23.981908075511456
56.714030265808105 122.41370851546526 37.82742467522621 61.71548640727997 122.57193432748318 -24.009013161063194
56.714030265808105 122.41370851546526 37.82742467522621 58.91717278957367 129.8455299474299 -31.296970188617706
56.714030265808105 122.41370851546526 37.82742467522621 60.677271485328674 124.07467169314623 -26.12528459727764
56.714030265808105 122.41370851546526 37.82742467522621 59.26890707015991 122.00486491248012 -21.27751314640045
56.714030265808105 122.41370851546526 37.82742467522621 58.80258762836456 129.83437155932188 -30.303617298603058
56.714030265808105 122.41370851546526 37.82742467522621 59.44425904750824 121.22002106532454 -17.239318758249283
56.714030265808105 122.41370851546526 37.82742467522621 59.39720439910889 120.65006912127137 -23.291324011981487
56.714030265808105 122.41370851546526 37.82742467522621 59.55086541175842 129.10531965270638 -31.23218736052513
56.714030265808105 122.41370851546526 37.82742467522621 62.14640271663666 125.34847623854876 -25.941508769989014
56.714030265808105 122.41370851546526 37.82742467522621 60.064239501953125 121.8457649499178 -16.15407795459032
29.926679134368896 135.47445271909237 36.89755630493164 44.270854473114014 130.21939111873507 -30.968859739601612
29.926679134368896 135.47445271909237 36.89755630493164 36.201438665390015 138.82007242366672 -15.695936694741249
29.926679134368896 135.47445271909237 36.89755630493164 39.4511444568634 133.19427321478724 -23.437838673591614
29.926679134368896 135.47445271909237 36.89755630493164 40.71852970123291 131.71385262534022 -23.308273017406464
29.926679134368896 135.47445271909237 36.89755630493164 37.732182264328 134.86726893112063 -31.67089819163084
29.926679134368896 135.47445271909237 36.89755630493164 43.852620005607605 132.34787236899137 -31.999890372157097
29.926679134368896 135.47445271909237 36.89755630493164 37.84676742553711 134.87842731922865 -32.66425108164549
29.926679134368896 135.47445271909237 36.89755630493164 38.08880436420441 137.96539571881294 -14.481130234897137
29.926679134368896 135.47445271909237 36.89755630493164 38.20338952541351 137.97655410692096 -15.474483124911785
29.926679134368896 135.47445271909237 36.89755630493164 36.45906364917755 129.8395035006106 -17.780490159988403
29.926679134368896 135.47445271909237 36.89755630493164 38.466747879981995 135.5041712038219 -31.579010277986526
29.926679134368896 135.47445271909237 36.89755630493164 42.90748405456543 141.2614909633994 -23.955219566822052
29.926679134368896 135.47445271909237 36.89755630493164 35.42084872722626 131.34224086627364 -19.89676159620285
29.926679134368896 135.47445271909237 36.89755630493164 41.64009881019592 142.74191155284643 -24.084785223007202
29.926679134368896 135.47445271909237 36.89755630493164 39.98396408557892 131.07695035263896 -23.400160931050777
29.926679134368896 135.47445271909237 36.89755630493164 36.97611045837402 141.63008949905634 -20.608490973711014
29.926679134368896 135.47445271909237 36.89755630493164 38.796791195869446 136.9036005474627 -33.538610972464085
29.926679134368896 135.47445271909237 36.89755630493164 44.97799575328827 133.58820175006986 -28.836055874824524
29.926679134368896 135.47445271909237 36.89755630493164 43.427621841430664 134.23914493992925 -20.95401558279991
29.926679134368896 135.47445271909237 36.89755630493164 39.950621604919434 129.14104422926903 -30.47262416034937
36.13633835315704 123.15616822242737 41.502263717353344 42.02028775215149 125.8983608186245 -14.163175866007805
36.13633835315704 123.15616822242737 41.502263717353344 50.417686223983765 131.23906353861094 -35.28183613717556
36.13633835315704 123.15616822242737 41.502263717353344 49.77131175994873 127.07425067201257 -32.38309272378683
36.13633835315704 123.15616822242737 41.502263717353344 38.73029100894928 131.19141676276922 -24.550184562802315
36.13633835315704 123.15616822242737 41.502263717353344 45.739985704422 131.4931956641376 -30.785083912312984
36.13633835315704 123.15616822242737 41.502263717353344 48.625460147857666 126.96266679093242 -22.449563823640347
36.13633835315704 123.15616822242737 41.502263717353344 38.1516318321228 124.62743880227208 -5.563446424901485
36.13633835315704 123.15616822242737 41.502263717353344 37.835115909576416 123.70242681726813 -27.757656574249268
36.13633835315704 123.15616822242737 41.502263717353344 49.99371838569641 126.85935876891017 -22.292893081903458
36.13633835315704 123.15616822242737 41.502263717353344 42.10153043270111 123.97361308336258 -22.228991985321045
36.13633835315704 123.15616822242737 41.502263717353344 38.62349987030029 125.146489713341 -33.69066882878542
36.13633835315704 123.15616822242737 41.502263717353344 50.40603470802307 120.06306303665042 -30.37524162977934
36.13633835315704 123.15616822242737 41.502263717353344 47.20441389083862 119.98783684894443 -14.638266131281853
36.13633835315704 123.15616822242737 41.502263717353344 51.78594446182251 131.1357555165887 -35.12516539543867
36.13633835315704 123.15616822242737 41.502263717353344 44.8173862695694 126.73611407727003 -31.951639972627163
36.13633835315704 123.15616822242737 41.502263717353344 37.302481055259705 123.9793781414628 -4.661981448531151
36.13633835315704 123.15616822242737 41.502263717353344 50.93679368495941 130.4876948557794 -34.22370041906834
36.13633835315704 123.15616822242737 41.502263717353344 49.26694679260254 120.1886878348887 -32.518618151545525
36.13633835315704 123.15616822242737 41.502263717353344 45.78807067871094 125.79217026755214 -22.790010392665863
36.13633835315704 123.15616822242737 41.502263717353344 41.473755955696106 129.38163786008954 -13.180395632982254
43.92868363857269 118.39382399991155 43.35432580113411 49.429616928100586 114.49882082641125 -25.51689752191305
43.92868363857269 118.39382399991155 43.35432580113411 55.40701484680176 120.97115157544613 -24.754689127206802
43.92868363857269 118.39382399991155 43.35432580113411 50.50587737560272 127.71115294471383 -32.29120481014252
43.92868363857269 118.39382399991155 43.35432580113411 52.758689522743225 117.64985702559352 -22.077399283647537
43.92868363857269 118.39382399991155 43.35432580113411 43.76648950576782 123.3338282816112 -31.104385167360306
43.92868363857269 118.39382399991155 43.35432580113411 47.97316753864288 118.1300394423306 -28.664199590682983
43.92868363857269 118.39382399991155 43.35432580113411 51.923250913619995 115.63584218546748 -22.19639228284359
43.92868363857269 118.39382399991155 43.35432580113411 47.353187084198 117.50429555773735 -29.749440394341946
43.92868363857269 118.39382399991155 43.35432580113411 48.68622696399689 126.16666455566883 -17.41801654547453
43.92868363857269 118.39382399991155 43.35432580113411 60.11805784702301 122.6529255732894 -22.178978122770786
43.92868363857269 118.39382399991155 43.35432580113411 46.67938828468323 116.0713910497725 -24.809781029820442
43.92868363857269 118.39382399991155 43.35432580113411 52.02412390708923 117.01295475289226 -22.16928719729185
43.92868363857269 118.39382399991155 43.35432580113411 50.21715533733368 120.37348952516913 -10.259625174105167
43.92868363857269 118.39382399991155 43.35432580113411 54.98775005340576 129.37061016634107 -27.728788025677204
43.92868363857269 118.39382399991155 43.35432580113411 48.08775269985199 118.14119783043861 -29.657552480697632
43.92868363857269 118.39382399991155 43.35432580113411 61.31096410751343 123.33446139842272 -26.060501769185066
43.92868363857269 118.39382399991155 43.35432580113411 47.9604856967926 113.22501628100872 -25.70067334920168
43.92868363857269 118.39382399991155 43.35432580113411 53.573652267456055 120.79261736571789 -8.861042886972427
43.92868363857269 118.39382399991155 43.35432580113411 49.87218475341797 128.45136323943734 -32.35598763823509
43.92868363857269 118.39382399991155 43.35432580113411 50.222888708114624 126.8816755451262 -24.279598861932755
45.61430335044861 114.78492216020823 44.514922089874744 47.454060077667236 118.88140812516212 -29.722335308790207
45.61430335044861 114.78492216020823 44.514922089874744 47.31308090686798 115.33118075504899 -24.744998201727867
45.61430335044861 114.78492216020823 44.514922089874744 53.06928730010986 113.90705452859402 -8.996568314731121
45.61430335044861 114.78492216020823 44.514922089874744 54.53841853141785 115.18085907399654 -8.812792487442493
45.61430335044861 114.78492216020823 44.514922089874744 51.28955829143524 116.37605248019099 -22.261175110936165
45.61430335044861 114.78492216020823 44.514922089874744 54.321930050849915 120.06356545910239 -9.7896129488945
45.61430335044861 114.78492216020823 44.514922089874744 57.90064883232117 122.10817293450236 -21.43418388813734
45.61430335044861 114.78492216020823 44.514922089874744 59.00066089630127 113.53845599293709 -12.34329690784216
45.61430335044861 114.78492216020823 44.514922089874744 48.55304181575775 116.58266852423549 -22.574516594409943
45.61430335044861 114.78492216020823 44.514922089874744 60.23264300823212 122.66408396139741 -23.172331012785435
45.61430335044861 114.78492216020823 44.514922089874744 59.498077392578125 122.02718168869615 -23.26421892642975
45.61430335044861 114.78492216020823 44.514922089874744 52.55694353580475 114.89563189074397 -22.131609454751015
45.61430335044861 114.78492216020823 44.514922089874744 59.10153388977051 114.91556856036186 -12.31619182229042
45.61430335044861 114.78492216020823 44.514922089874744 50.432613492012024 121.76176048070192 -11.225872978568077
45.61430335044861 114.78492216020823 44.514922089874744 49.443329095840454 113.13286664709449 -26.53735549747944
45.61430335044861 114.78492216020823 44.514922089874744 56.99871003627777 114.38197430968285 -12.564750477671623
45.61430335044861 114.78492216020823 44.514922089874744 45.689258337020874 111.87310301885009 -18.930978946387768
45.61430335044861 114.78492216020823 44.514922089874744 53.91843807697296 114.5551151894033 -9.898033291101456
45.61430335044861 114.78492216020823 44.514922089874744 46.19465363025665 112.48768851533532 -16.852385252714157
45.61430335044861 114.78492216020823 44.514922089874744 49.32874393463135 113.12170825898647 -25.54400260746479
42.183327436447144 116.52775073423982 39.105250500142574 47.43931758403778 126.51833964511752 -30.644945599138737
42.183327436447144 116.52775073423982 39.105250500142574 47.520745038986206 122.75322037190199 -15.577408850193024
42.183327436447144 116.52775073423982 39.105250500142574 48.17594385147095 114.61328723654151 -26.66692115366459
42.183327436447144 116.52775073423982 39.105250500142574 46.05161380767822 121.47941582649946 -15.761184677481651
42.183327436447144 116.52775073423982 39.105250500142574 43.948789954185486 120.94582157582045 -16.009743332862854
42.183327436447144 116.52775073423982 39.105250500142574 47.190701723098755 121.35379102826118 -13.617808155715466
42.183327436447144 116.52775073423982 39.105250500142574 46.828346252441406 111.74747822061181 -16.787602424621582
42.183327436447144 116.52775073423982 39.105250500142574 49.443329095840454 113.13286664709449 -26.53735549747944
42.183327436447144 116.52775073423982 39.105250500142574 46.093780636787415 111.11057594791055 -16.879490338265896
42.183327436447144 116.52775073423982 39.105250500142574 47.08391058444977 115.30886397883296 -22.75829242169857
42.183327436447144 116.52775073423982 39.105250500142574 49.079097747802734 114.22813698276877 -10.459933429956436
42.183327436447144 116.52775073423982 39.105250500142574 50.391292214393616 127.69999455660582 -31.29785192012787
42.183327436447144 116.52775073423982 39.105250500142574 47.41987204551697 121.37610780447721 -15.604513935744762
42.183327436447144 116.52775073423982 39.105250500142574 44.46789741516113 120.19445289298892 -14.95160761475563
42.183327436447144 116.52775073423982 39.105250500142574 44.69030404090881 119.97956098988652 -4.861407972872257
42.183327436447144 116.52775073423982 39.105250500142574 49.54420208930969 114.50997921451926 -26.5102504119277
42.183327436447144 116.52775073423982 39.105250500142574 48.033934354782104 117.33403720706701 -23.632652312517166
42.183327436447144 116.52775073423982 39.105250500142574 48.202337861061096 118.15235621854663 -30.65090537071228
42.183327436447144 116.52775073423982 39.105250500142574 49.52945959568024 122.14691073447466 -27.43286070227623
42.183327436447144 116.52775073423982 39.105250500142574 50.331740498542786 120.38464791327715 -11.252978064119816
39.1490797996521 123.54182089865208 45.88090467453003 50.37758004665375 129.06594873592257 -30.27739394456148
39.1490797996521 123.54182089865208 45.88090467453003 45.41115748882294 121.98241744190454 -3.7490620836615562
39.1490797996521 123.54182089865208 45.88090467453003 37.848828077316284 122.33647263795137 -28.778114549815655
39.1490797996521 123.54182089865208 45.88090467453003 48.06135869026184 114.6021288484335 -25.67356826364994
39.1490797996521 123.54182089865208 45.88090467453003 50.209176540374756 128.24762972444296 -23.259140886366367
39.1490797996521 123.54182089865208 45.88090467453003 41.473755955696106 129.38163786008954 -13.180395632982254
39.1490797996521 123.54182089865208 45.88090467453003 50.92514216899872 119.3116943538189 -29.317105911672115
39.1490797996521 123.54182089865208 45.88090467453003 48.07507085800171 113.23617466911674 -26.694026239216328
39.1490797996521 123.54182089865208 45.88090467453003 50.02011239528656 130.3984277509153 -26.27687729895115
39.1490797996521 123.54182089865208 45.88090467453003 51.77223229408264 132.50170969590545 -34.104707419872284
39.1490797996521 123.54182089865208 45.88090467453003 48.625460147857666 126.96266679093242 -22.449563823640347
39.1490797996521 123.54182089865208 45.88090467453003 51.06630611419678 121.02155018597841 -11.161090150475502
39.1490797996521 123.54182089865208 45.88090467453003 44.94568359851837 125.38131828606129 -33.9654508382082
39.1490797996521 123.54182089865208 45.88090467453003 38.609787702560425 126.51244389265776 -32.67021085321903
39.1490797996521 123.54182089865208 45.88090467453003 48.633254170417786 120.92889812961221 -32.5834009796381
39.1490797996521 123.54182089865208 45.88090467453003 40.83311486244202 131.72501101344824 -24.301625907421112
39.1490797996521 123.54182089865208 45.88090467453003 59.65173840522766 130.48243222013116 -31.205082274973392
39.1490797996521 123.54182089865208 45.88090467453003 48.503926515579224 128.5546712614596 -32.51265837997198
39.1490797996521 123.54182089865208 45.88090467453003 42.02028775215149 125.8983608186245 -14.163175866007805
39.1490797996521 123.54182089865208 45.88090467453003 49.87218475341797 128.45136323943734 -32.35598763823509
35.6172308921814 123.9075369052589 40.44412799924612 46.557009100914 122.0940013229847 -13.68259098380804
35.6172308921814 123.9075369052589 40.44412799924612 51.253124833106995 133.25307837873697 -35.16284313797951
35.6172308921814 123.9075369052589 40.44412799924612 44.94568359851837 125.38131828606129 -33.9654508382082
35.6172308921814 123.9075369052589 40.44412799924612 50.492165207862854 129.0771071240306 -31.27074683457613
35.6172308921814 123.9075369052589 40.44412799924612 49.743887424468994 129.80615903064609 -30.342176772654057
35.6172308921814 123.9075369052589 40.44412799924612 48.74783933162689 120.94005651772022 -33.57675386965275
35.6172308921814 123.9075369052589 40.44412799924612 49.54214143753052 127.05193389579654 -30.396386943757534
35.6172308921814 123.9075369052589 40.44412799924612 50.822208523750305 130.4765364676714 -33.23034752905369
35.6172308921814 123.9075369052589 40.44412799924612 48.38934135437012 128.54351287335157 -31.519305489957333
35.6172308921814 123.9075369052589 40.44412799924612 39.990912556648254 129.47378749400377 -12.343713484704494
35.6172308921814 123.9075369052589 40.44412799924612 46.69103980064392 127.24739155173302 -29.716375537216663
35.6172308921814 123.9075369052589 40.44412799924612 42.20240342617035 125.35072565078735 -22.201886899769306
35.6172308921814 123.9075369052589 40.44412799924612 47.520745038986206 122.75322037190199 -15.577408850193024
35.6172308921814 123.9075369052589 40.44412799924612 48.84091830253601 128.3509377464652 -23.415811628103256
35.6172308921814 123.9075369052589 40.44412799924612 38.59504520893097 134.14937541261315 -33.59282114356756
35.6172308921814 123.9075369052589 40.44412799924612 50.92514216899872 119.3116943538189 -29.317105911672115
35.6172308921814 123.9075369052589 40.44412799924612 48.10635268688202 127.71403547376394 -23.50769954174757
35.6172308921814 123.9075369052589 40.44412799924612 47.353187084198 117.50429555773735 -29.749440394341946
35.6172308921814 123.9075369052589 40.44412799924612 42.10153043270111 123.97361308336258 -22.228991985321045
35.6172308921814 123.9075369052589 40.44412799924612 49.58919608592987 127.62188583984971 -24.34438169002533
32.37531912326813 123.49956745281816 38.05219282209873 44.8173862695694 126.73611407727003 -31.951639972627163
32.37531912326813 123.49956745281816 38.05219282209873 43.948789954185486 120.94582157582045 -16.009743332862854
32.37531912326813 123.49956745281816 38.05219282209873 44.5871856212616 132.98477464169264 -31.908002458512783
32.37531912326813 123.49956745281816 38.05219282209873 46.920210123062134 127.26970832794905 -31.70308131724596
32.37531912326813 123.49956745281816 38.05219282209873 40.94770002365112 131.73616940155625 -25.29497879743576
32.37531912326813 123.49956745281816 38.05219282209873 43.852620005607605 132.34787236899137 -31.999890372157097
32.37531912326813 123.49956745281816 38.05219282209873 40.48344123363495 127.02372136712074 -30.434946417808533
32.37531912326813 123.49956745281816 38.05219282209873 38.844876170158386 131.20257515087724 -25.543537452816963
32.37531912326813 123.49956745281816 38.05219282209873 40.46972906589508 128.3896755464375 -29.414488442242146
32.37531912326813 123.49956745281816 38.05219282209873 38.59504520893097 134.14937541261315 -33.59282114356756
32.37531912326813 123.49956745281816 38.05219282209873 42.75485336780548 126.53526309132576 -14.071287952363491
32.37531912326813 123.49956745281816 38.05219282209873 40.733272194862366 124.07692110538483 -22.385662727057934
32.37531912326813 123.49956745281816 38.05219282209873 51.05137884616852 130.49885324388742 -35.217053309082985
32.37531912326813 123.49956745281816 38.05219282209873 36.57364881038666 129.8506618887186 -18.77384305000305
32.37531912326813 123.49956745281816 38.05219282209873 45.12000524997711 130.86745177954435 -31.870324715971947
32.37531912326813 123.49956745281816 38.05219282209873 40.31400740146637 132.47637969627976 -25.359761625528336
32.37531912326813 123.49956745281816 38.05219282209873 47.56864523887634 118.89256651327014 -30.715688198804855
32.37531912326813 123.49956745281816 38.05219282209873 48.51866900920868 120.91773974150419 -31.59004808962345
32.37531912326813 123.49956745281816 38.05219282209873 49.238492131233215 129.19157353416085 -32.42077046632767
32.37531912326813 123.49956745281816 38.05219282209873 39.12889516353607 125.76107520982623 -31.61207513511181
57.4485958814621 123.05061078816652 37.919312588870525 61.411837100982666 124.71157396584749 -26.033396683633327
57.4485958814621 123.05061078816652 37.919312588870525 60.56268632411957 124.06351330503821 -25.131931707262993
57.4485958814621 123.05061078816652 37.919312588870525 60.46078300476074 128.95737807825208 -27.10210505872965
57.4485958814621 123.05061078816652 37.919312588870525 59.32967388629913 121.20886267721653 -16.245965868234634
57.4485958814621 123.05061078816652 37.919312588870525 62.15908455848694 130.25349939987063 -28.905035011470318
57.4485958814621 123.05061078816652 37.919312588870525 63.413787961006165 123.86805564910173 -25.811943113803864
57.4485958814621 123.05061078816652 37.919312588870525 59.59895038604736 123.40429425612092 -23.23711384087801
57.4485958814621 123.05061078816652 37.919312588870525 59.39720439910889 120.65006912127137 -23.291324011981487
57.4485958814621 123.05061078816652 37.919312588870525 60.69793212413788 121.10555465519428 -16.089295126497746
57.4485958814621 123.05061078816652 37.919312588870525 59.498077392578125 122.02718168869615 -23.26421892642975
57.4485958814621 123.05061078816652 37.919312588870525 62.665510177612305 124.59710755571723 -24.88337305188179
57.4485958814621 123.05061078816652 37.919312588870525 62.04449939727783 130.24234101176262 -27.91168212145567
57.4485958814621 123.05061078816652 37.919312588870525 58.69598126411438 121.94907297194004 -16.31074869632721
57.4485958814621 123.05061078816652 37.919312588870525 61.943626403808594 128.86522844433784 -27.938787207007408
57.4485958814621 123.05061078816652 37.919312588870525 59.38349223136902 122.01602330058813 -22.2708660364151
57.4485958814621 123.05061078816652 37.919312588870525 59.96336650848389 120.46865238249302 -16.18118304014206
57.4485958814621 123.05061078816652 37.919312588870525 60.27969765663147 123.23403590545058 -17.12032575905323
57.4485958814621 123.05061078816652 37.919312588870525 62.564637184143066 123.21999498829246 -24.91047813743353
57.4485958814621 123.05061078816652 37.919312588870525 60.17084586620331 129.73106353729963 -30.14694655686617
57.4485958814621 123.05061078816652 37.919312588870525 60.13177001476288 121.28697139397264 -23.199436098337173
36.223499178886414 125.8992349691689 42.54982677847147 45.739985704422 131.4931956641376 -30.785083912312984
36.223499178886414 125.8992349691689 42.54982677847147 42.75485336780548 126.53526309132576 -14.071287952363491
36.223499178886414 125.8992349691689 42.54982677847147 39.78916656970978 126.71956235915422 -12.397923655807972
36.223499178886414 125.8992349691689 42.54982677847147 47.99956154823303 121.66910842433572 -32.648183807730675
36.223499178886414 125.8992349691689 42.54982677847147 39.34435331821442 127.14934616535902 -32.57832293957472
36.223499178886414 125.8992349691689 42.54982677847147 42.79392921924591 134.97935523465276 -21.018798410892487
36.223499178886414 125.8992349691689 42.54982677847147 44.46789741516113 120.19445289298892 -14.95160761475563
36.223499178886414 125.8992349691689 42.54982677847147 47.74090623855591 136.92065468803048 -32.50669860839844
36.223499178886414 125.8992349691689 42.54982677847147 40.13987052440643 125.14987466484308 -4.321534879505634
36.223499178886414 125.8992349691689 42.54982677847147 42.20240342617035 125.35072565078735 -22.201886899769306
36.223499178886414 125.8992349691689 42.54982677847147 41.4530953168869 132.3507548980415 -23.21638510376215
36.223499178886414 125.8992349691689 42.54982677847147 50.27670705318451 127.6888361684978 -30.30449903011322
36.223499178886414 125.8992349691689 42.54982677847147 38.71066069602966 127.88955646008253 -32.64310576766729
36.223499178886414 125.8992349691689 42.54982677847147 47.31796872615814 126.26997257769108 -17.574687287211418
36.223499178886414 125.8992349691689 42.54982677847147 42.48557686805725 124.33983151242137 -7.080139979720116
36.223499178886414 125.8992349691689 42.54982677847147 38.945749163627625 132.579687718302 -25.516432367265224
36.223499178886414 125.8992349691689 42.54982677847147 49.78399360179901 131.97927383333445 -35.346618965268135
36.223499178886414 125.8992349691689 42.54982677847147 37.861509919166565 127.24149579927325 -31.74164079129696
36.223499178886414 125.8992349691689 42.54982677847147 44.8173862695694 126.73611407727003 -31.951639972627163
36.223499178886414 125.8992349691689 42.54982677847147 44.70195555686951 131.15556149184704 -9.768002480268478
55.892303824424744 119.03373949602246 36.68797370046377 60.07795166969299 120.47981077060103 -17.174535930156708
55.892303824424744 119.03373949602246 36.68797370046377 61.71548640727997 122.57193432748318 -24.009013161063194
55.892303824424744 119.03373949602246 36.68797370046377 58.810566425323486 121.96023136004806 -17.304101586341858
55.892303824424744 119.03373949602246 36.68797370046377 59.96336650848389 120.46865238249302 -16.18118304014206
55.892303824424744 119.03373949602246 36.68797370046377 60.23264300823212 122.66408396139741 -23.172331012785435
55.892303824424744 119.03373949602246 36.68797370046377 62.78009533882141 124.60826594382524 -25.87672594189644
55.892303824424744 119.03373949602246 36.68797370046377 59.26890707015991 122.00486491248012 -21.27751314640045
55.892303824424744 119.03373949602246 36.68797370046377 59.38349223136902 122.01602330058813 -22.2708660364151
55.892303824424744 119.03373949602246 36.68797370046377 58.467841267585754 115.65577885508537 -12.380974650382996
55.892303824424744 119.03373949602246 36.68797370046377 60.44810116291046 124.0523549169302 -24.138578817248344
55.892303824424744 119.03373949602246 36.68797370046377 58.749799609184265 122.75623359531164 -22.335648864507675
55.892303824424744 119.03373949602246 36.68797370046377 60.79880511760712 122.48266722261906 -16.062190040946007
55.892303824424744 119.03373949602246 36.68797370046377 59.44425904750824 121.22002106532454 -17.239318758249283
55.892303824424744 119.03373949602246 36.68797370046377 59.43054687976837 122.5859752446413 -16.218860782682896
55.892303824424744 119.03373949602246 36.68797370046377 60.677271485328674 124.07467169314623 -26.12528459727764
55.892303824424744 119.03373949602246 36.68797370046377 63.29920279979706 123.85689726099372 -24.818590223789215
55.892303824424744 119.03373949602246 36.68797370046377 59.28261923789978 120.63891073316336 -22.29797112196684
55.892303824424744 119.03373949602246 36.68797370046377 58.86438477039337 122.76739198341966 -23.329001754522324
55.892303824424744 119.03373949602246 36.68797370046377 60.003472685813904 122.64176718518138 -21.185625232756138
55.892303824424744 119.03373949602246 36.68797370046377 63.18461763858795 123.8457388728857 -23.825237333774567
58.52691698074341 123.72098822519183 35.031141832470894 61.30993378162384 129.60543873906136 -28.003570035099983
58.52691698074341 123.72098822519183 35.031141832470894 61.31096410751343 123.33446139842272 -26.060501769185066
58.52691698074341 123.72098822519183 35.031141832470894 63.29920279979706 123.85689726099372 -24.818590223789215
58.52691698074341 123.72098822519183 35.031141832470894 59.38349223136902 122.01602330058813 -22.2708660364151
58.52691698074341 123.72098822519183 35.031141832470894 59.315961718559265 122.57481685653329 -15.225507892668247
58.52691698074341 123.72098822519183 35.031141832470894 62.67922234535217 123.23115337640047 -25.903831027448177
58.52691698074341 123.72098822519183 35.031141832470894 62.0582115650177 128.87638683244586 -28.932140097022057
58.52691698074341 123.72098822519183 35.031141832470894 61.094475626945496 128.21716778352857 -27.037322230637074
58.52691698074341 123.72098822519183 35.031141832470894 60.79880511760712 122.48266722261906 -16.062190040946007
58.52691698074341 123.72098822519183 35.031141832470894 60.0562607049942 129.71990514919162 -29.15359366685152
58.52691698074341 123.72098822519183 35.031141832470894 60.58334696292877 121.09439626708627 -15.095942236483097
58.52691698074341 123.72098822519183 35.031141832470894 59.94965434074402 121.83460656180978 -15.160725064575672
58.52691698074341 123.72098822519183 35.031141832470894 59.55086541175842 129.10531965270638 -31.23218736052513
58.52691698074341 123.72098822519183 35.031141832470894 62.56360685825348 129.4909723289311 -26.853546403348446
58.52691698074341 123.72098822519183 35.031141832470894 58.749799609184265 122.75623359531164 -22.335648864507675
58.52691698074341 123.72098822519183 35.031141832470894 61.317912578582764 121.73129853978753 -15.004054322838783
58.52691698074341 123.72098822519183 35.031141832470894 59.39720439910889 120.65006912127137 -23.291324011981487
58.52691698074341 123.72098822519183 35.031141832470894 60.86633563041687 121.9238736666739 -23.10754818469286
58.52691698074341 123.72098822519183 35.031141832470894 58.91717278957367 129.8455299474299 -31.296970188617706
58.52691698074341 123.72098822519183 35.031141832470894 61.71548640727997 122.57193432748318 -24.009013161063194
34.36355781555176 124.02200331538916 39.29410436749458 44.50002479553223 130.2417078949511 -32.95556551963091
34.36355781555176 124.02200331538916 39.29410436749458 39.950621604919434 129.14104422926903 -30.47262416034937
34.36355781555176 124.02200331538916 39.29410436749458 44.46789741516113 120.19445289298892 -14.95160761475563
34.36355781555176 124.02200331538916 39.29410436749458 40.21313440799713 131.099267128855 -25.386866711080074
34.36355781555176 124.02200331538916 39.29410436749458 44.71651327610016 125.35900150984526 -31.9787450581789
34.36355781555176 124.02200331538916 39.29410436749458 48.74783933162689 120.94005651772022 -33.57675386965275
34.36355781555176 124.02200331538916 39.29410436749458 49.77131175994873 127.07425067201257 -32.38309272378683
34.36355781555176 124.02200331538916 39.29410436749458 38.945749163627625 132.579687718302 -25.516432367265224
34.36355781555176 124.02200331538916 39.29410436749458 40.67269015312195 123.0325518026948 -4.283857136964798
34.36355781555176 124.02200331538916 39.29410436749458 40.06417644023895 135.42317995801568 -33.409045316278934
34.36355781555176 124.02200331538916 39.29410436749458 45.16809022426605 125.16642638295889 -23.875251196324825
34.36355781555176 124.02200331538916 39.29410436749458 45.96915602684021 131.51551244035363 -32.77178969234228
34.36355781555176 124.02200331538916 39.29410436749458 43.63716185092926 130.95960141345859 -31.033642567694187
34.36355781555176 124.02200331538916 39.29410436749458 38.61570584774017 131.1802583746612 -23.556831672787666
34.36355781555176 124.02200331538916 39.29410436749458 41.103421688079834 127.64946525171399 -29.34970561414957
34.36355781555176 124.02200331538916 39.29410436749458 37.97609508037567 127.25265418738127 -32.73499368131161
34.36355781555176 124.02200331538916 39.29410436749458 45.72627353668213 132.85914984345436 -29.764625936746597
34.36355781555176 124.02200331538916 39.29410436749458 44.318939447402954 124.51836572214961 -22.97378621995449
34.36355781555176 124.02200331538916 39.29410436749458 37.848828077316284 122.33647263795137 -28.778114549815655
34.36355781555176 124.02200331538916 39.29410436749458 40.88814830780029 124.42082275822759 -5.250104941427708
56.51228427886963 119.65948338061571 37.773214504122734 57.90064883232117 122.10817293450236 -21.43418388813734
56.51228427886963 119.65948338061571 37.773214504122734 60.751750469207764 121.91271527856588 -22.11419529467821
56.51228427886963 119.65948338061571 37.773214504122734 62.79277718067169 129.51328910514712 -28.840252183377743
56.51228427886963 119.65948338061571 37.773214504122734 60.69793212413788 121.10555465519428 -16.089295126497746
56.51228427886963 119.65948338061571 37.773214504122734 58.76351177692413 121.39027941599488 -23.356106840074062
56.51228427886963 119.65948338061571 37.773214504122734 59.38349223136902 122.01602330058813 -22.2708660364151
56.51228427886963 119.65948338061571 37.773214504122734 60.56268632411957 124.06351330503821 -25.131931707262993
56.51228427886963 119.65948338061571 37.773214504122734 59.315961718559265 122.57481685653329 -15.225507892668247
56.51228427886963 119.65948338061571 37.773214504122734 61.411837100982666 124.71157396584749 -26.033396683633327
56.51228427886963 119.65948338061571 37.773214504122734 61.93094456195831 123.96020528301597 -24.975260965526104
56.51228427886963 119.65948338061571 37.773214504122734 60.86633563041687 121.9238736666739 -23.10754818469286
56.51228427886963 119.65948338061571 37.773214504122734 59.96336650848389 120.46865238249302 -16.18118304014206
56.51228427886963 119.65948338061571 37.773214504122734 60.064239501953125 121.8457649499178 -16.15407795459032
56.51228427886963 119.65948338061571 37.773214504122734 61.19637894630432 123.3233030103147 -25.067148879170418
56.51228427886963 119.65948338061571 37.773214504122734 61.82904124259949 128.85407005622983 -26.94543431699276
56.51228427886963 119.65948338061571 37.773214504122734 59.44425904750824 121.22002106532454 -17.239318758249283
56.51228427886963 119.65948338061571 37.773214504122734 61.81635940074921 123.94904689490795 -23.981908075511456
56.51228427886963 119.65948338061571 37.773214504122734 61.2090607881546 128.22832617163658 -28.030675120651722
56.51228427886963 119.65948338061571 37.773214504122734 61.43249773979187 121.74245692789555 -15.997407212853432
56.51228427886963 119.65948338061571 37.773214504122734 63.413787961006165 123.86805564910173 -25.811943113803864
43.52416133880615 119.15635107085109 41.30283719301224 50.28571617603302 113.54371862858534 -15.361915051937103
43.52416133880615 119.15635107085109 41.30283719301224 51.0112726688385 128.32573844119906 -30.212611116468906
43.52416133880615 119.15635107085109 41.30283719301224 52.54323136806488 116.26158607006073 -21.111151479184628
43.52416133880615 119.15635107085109 41.30283719301224 51.78594446182251 131.1357555165887 -35.12516539543867
43.52416133880615 119.15635107085109 41.30283719301224 44.400182127952576 122.5936179868877 -31.03960233926773
43.52416133880615 119.15635107085109 41.30283719301224 48.10635268688202 127.71403547376394 -23.50769954174757
43.52416133880615 119.15635107085109 41.30283719301224 53.7891104221344 122.18088832125068 -9.827290691435337
43.52416133880615 119.15635107085109 41.30283719301224 47.20441389083862 119.98783684894443 -14.638266131281853
43.52416133880615 119.15635107085109 41.30283719301224 47.946773529052734 114.59097046032548 -24.680215373635292
43.52416133880615 119.15635107085109 41.30283719301224 45.45107889175415 125.99590378254652 -31.886857144534588
43.52416133880615 119.15635107085109 41.30283719301224 59.498077392578125 122.02718168869615 -23.26421892642975
43.52416133880615 119.15635107085109 41.30283719301224 45.87034368515015 117.59644519165158 -28.912758246064186
43.52416133880615 119.15635107085109 41.30283719301224 51.411091923713684 114.78404800966382 -12.19808055460453
43.52416133880615 119.15635107085109 41.30283719301224 49.30131959915161 115.85361661761999 -23.503086656332016
43.52416133880615 119.15635107085109 41.30283719301224 47.198495745658875 115.32002236694098 -23.75164531171322
43.52416133880615 119.15635107085109 41.30283719301224 50.14944005012512 122.77265461906791 -26.347619898617268
43.52416133880615 119.15635107085109 41.30283719301224 46.084771513938904 125.25569348782301 -31.822074316442013
43.52416133880615 119.15635107085109 41.30283719301224 50.222888708114624 126.8816755451262 -24.279598861932755
43.52416133880615 119.15635107085109 41.30283719301224 58.86438477039337 122.76739198341966 -23.329001754522324
43.52416133880615 119.15635107085109 41.30283719301224 51.02601516246796 120.68880692124367 -29.290000826120377
39.280468106269836 103.37409308552742 49.696298606693745 47.05751657485962 111.76979499682784 -18.77430820465088
39.280468106269836 103.37409308552742 49.696298606693745 44.49635207653046 111.19156719371676 -15.049455299973488
39.280468106269836 103.37409308552742 49.696298606693745 46.94293141365051 111.75863660871983 -17.78095531463623
39.280468106269836 103.37409308552742 49.696298606693745 47.13772892951965 116.11602460220456 -28.783192589879036
39.280468106269836 103.37409308552742 49.696298606693745 48.83603048324585 117.41214592382312 -30.586122542619705
39.280468106269836 103.37409308552742 49.696298606693745 46.842058420181274 110.38152404129505 -17.80806040018797
39.280468106269836 103.37409308552742 49.696298606693745 46.72747325897217 110.37036565318704 -16.81470751017332
39.280468106269836 103.37409308552742 49.696298606693745 46.95664358139038 110.39268242940307 -18.801413290202618
39.280468106269836 103.37409308552742 49.696298606693745 47.467772245407104 117.51545394584537 -30.742793284356594
39.280468106269836 103.37409308552742 49.696298606693745 48.70876348018646 112.49596437439322 -26.629243411123753
39.280468106269836 103.37409308552742 49.696298606693745 46.22207796573639 109.7557801567018 -18.89330120384693
39.280468106269836 103.37409308552742 49.696298606693745 47.32679307460785 113.96522657573223 -25.765456177294254
39.280468106269836 103.37409308552742 49.696298606693745 45.35921502113342 110.47367367520928 -16.97137825191021
39.280468106269836 103.37409308552742 49.696298606693745 43.87637162208557 110.56582330912352 -16.13469610363245
39.280468106269836 103.37409308552742 49.696298606693745 46.19465363025665 112.48768851533532 -16.852385252714157
39.280468106269836 103.37409308552742 49.696298606693745 47.441378235816956 113.97638496384025 -26.758809067308903
39.280468106269836 103.37409308552742 49.696298606693745 49.41590476036072 115.864775005728 -24.496439546346664
39.280468106269836 103.37409308552742 49.696298606693745 47.55596339702606 113.98754335194826 -27.75216195732355
39.280468106269836 103.37409308552742 49.696298606693745 46.423823952674866 112.51000529155135 -18.839091032743454
39.280468106269836 103.37409308552742 49.696298606693745 45.689258337020874 111.87310301885009 -18.930978946387768
60.32609152793884 126.39422211423516 33.25531696528196 62.45005202293396 123.20883660018444 -23.91712524741888
60.32609152793884 126.39422211423516 33.25531696528196 62.78009533882141 124.60826594382524 -25.87672594189644
60.32609152793884 126.39422211423516 33.25531696528196 60.56165599822998 130.33449064567685 -27.07499997317791
60.32609152793884 126.39422211423516 33.25531696528196 63.413787961006165 123.86805564910173 -25.811943113803864
60.32609152793884 126.39422211423516 33.25531696528196 61.943626403808594 128.86522844433784 -27.938787207007408
60.32609152793884 126.39422211423516 33.25531696528196 62.564637184143066 123.21999498829246 -24.91047813743353
60.32609152793884 126.39422211423516 33.25531696528196 64.00531375408173 133.49668523296714 -24.628854624927044
60.32609152793884 126.39422211423516 33.25531696528196 61.19637894630432 123.3233030103147 -25.067148879170418
60.32609152793884 126.39422211423516 33.25531696528196 62.03181755542755 125.33731785044074 -24.948155879974365
60.32609152793884 126.39422211423516 33.25531696528196 61.2090607881546 128.22832617163658 -28.030675120651722
60.32609152793884 126.39422211423516 33.25531696528196 61.94465672969818 122.59425110369921 -25.99571894109249
60.32609152793884 126.39422211423516 33.25531696528196 61.42451894283295 129.61659712716937 -28.99692292511463
60.32609152793884 126.39422211423516 33.25531696528196 61.195348620414734 129.59428035095334 -27.010217145085335
60.32609152793884 126.39422211423516 33.25531696528196 61.094475626945496 128.21716778352857 -27.037322230637074
60.32609152793884 126.39422211423516 33.25531696528196 61.31096410751343 123.33446139842272 -26.060501769185066
60.32609152793884 126.39422211423516 33.25531696528196 61.830071568489075 122.58309271559119 -25.002366051077843
60.32609152793884 126.39422211423516 33.25531696528196 61.411837100982666 124.71157396584749 -26.033396683633327
60.32609152793884 126.39422211423516 33.25531696528196 61.82904124259949 128.85407005622983 -26.94543431699276
60.32609152793884 126.39422211423516 33.25531696528196 62.79277718067169 129.51328910514712 -28.840252183377743
60.32609152793884 126.39422211423516 33.25531696528196 62.678192019462585 129.5021307170391 -27.846899293363094
31.741626501083374 124.23977774754167 37.98740999400616 39.533602237701416 123.15817660093307 -6.427233658730984
31.741626501083374 124.23977774754167 37.98740999400616 39.34435331821442 127.14934616535902 -32.57832293957472
31.741626501083374 124.23977774754167 37.98740999400616 42.20240342617035 125.35072565078735 -22.201886899769306
31.741626501083374 124.23977774754167 37.98740999400616 39.16918611526489 126.09381847456098 -13.483164459466934
31.741626501083374 124.23977774754167 37.98740999400616 39.350271463394165 131.81716064736247 -23.464943759143353
31.741626501083374 124.23977774754167 37.98740999400616 41.95257246494293 128.29752591252327 -30.251170590519905
31.741626501083374 124.23977774754167 37.98740999400616 41.56768047809601 132.3619132861495 -24.2097379937768
31.741626501083374 124.23977774754167 37.98740999400616 42.134872913360596 125.90951920673251 -15.156528756022453
31.741626501083374 124.23977774754167 37.98740999400616 40.05270969867706 122.40680791810155 -5.36909794062376
31.741626501083374 124.23977774754167 37.98740999400616 44.94568359851837 125.38131828606129 -33.9654508382082
31.741626501083374 124.23977774754167 37.98740999400616 41.35325264930725 124.70266498997808 -21.30042192339897
31.741626501083374 124.23977774754167 37.98740999400616 49.26694679260254 120.1886878348887 -32.518618151545525
31.741626501083374 124.23977774754167 37.98740999400616 42.75485336780548 126.53526309132576 -14.071287952363491
31.741626501083374 124.23977774754167 37.98740999400616 44.71651327610016 125.35900150984526 -31.9787450581789
31.741626501083374 124.23977774754167 37.98740999400616 39.36398363113403 130.4512064680457 -24.48540173470974
31.741626501083374 124.23977774754167 37.98740999400616 37.84676742553711 134.87842731922865 -32.66425108164549
31.741626501083374 124.23977774754167 37.98740999400616 46.80562496185303 127.25854993984103 -30.709728427231312
31.741626501083374 124.23977774754167 37.98740999400616 38.945749163627625 132.579687718302 -25.516432367265224
31.741626501083374 124.23977774754167 37.98740999400616 40.098549246788025 131.08810874074697 -24.393513821065426
31.741626501083374 124.23977774754167 37.98740999400616 49.238492131233215 129.19157353416085 -32.42077046632767
36.870903968811035 123.79307049512863 41.59415163099766 50.53921985626221 129.64705906808376 -25.218741580843925
36.870903968811035 123.79307049512863 41.59415163099766 44.400182127952576 122.5936179868877 -31.03960233926773
36.870903968811035 123.79307049512863 41.59415163099766 38.583393692970276 122.97337491065264 -28.68622663617134
36.870903968811035 123.79307049512863 41.59415163099766 43.105557322502136 124.96557539701462 -5.994899176061153
36.870903968811035 123.79307049512863 41.59415163099766 38.82524585723877 127.90071484819055 -33.63645865768194
36.870903968811035 123.79307049512863 41.59415163099766 48.908448815345764 127.79214419052005 -30.46116977185011
36.870903968811035 123.79307049512863 41.59415163099766 43.42067337036133 135.84230779856443 -32.010463029146194
36.870903968811035 123.79307049512863 41.59415163099766 44.50002479553223 130.2417078949511 -32.95556551963091
36.870903968811035 123.79307049512863 41.59415163099766 51.02601516246796 120.68880692124367 -29.290000826120377
36.870903968811035 123.79307049512863 41.59415163099766 50.18851590156555 131.2167467623949 -33.29513035714626
36.870903968811035 123.79307049512863 41.59415163099766 45.181987166404724 121.96010066568851 -1.7623563036322594
36.870903968811035 123.79307049512863 41.59415163099766 49.238492131233215 129.19157353416085 -32.42077046632767
36.870903968811035 123.79307049512863 41.59415163099766 47.43931758403778 126.51833964511752 -30.644945599138737
36.870903968811035 123.79307049512863 41.59415163099766 39.78916656970978 126.71956235915422 -12.397923655807972
36.870903968811035 123.79307049512863 41.59415163099766 46.9662344455719 134.11063761264086 -27.594144329428673
36.870903968811035 123.79307049512863 41.59415163099766 50.417686223983765 131.23906353861094 -35.28183613717556
36.870903968811035 123.79307049512863 41.59415163099766 38.46880853176117 122.96221652254462 -27.692873746156693
36.870903968811035 123.79307049512863 41.59415163099766 44.19740581512451 126.11037019267678 -33.036880776286125
36.870903968811035 123.79307049512863 41.59415163099766 46.23964762687683 125.59959514066577 -14.686516530811787
36.870903968811035 123.79307049512863 41.59415163099766 49.54214143753052 127.05193389579654 -30.396386943757534
46.881688594818115 113.3045015707612 44.644487746059895 59.28261923789978 120.63891073316336 -22.29797112196684
46.881688594818115 113.3045015707612 44.644487746059895 53.298457622528076 113.92937130481005 -10.983274094760418
46.881688594818115 113.3045015707612 44.644487746059895 47.797815561294556 118.91488328948617 -32.70239397883415
46.881688594818115 113.3045015707612 44.644487746059895 47.441378235816956 113.97638496384025 -26.758809067308903
46.881688594818115 113.3045015707612 44.644487746059895 49.53743839263916 114.27277053520083 -14.43334499001503
46.881688594818115 113.3045015707612 44.644487746059895 55.07123816013336 113.06353621184826 -8.775114744901657
46.881688594818115 113.3045015707612 44.644487746059895 58.26609528064728 112.90155372023582 -12.435184821486473
46.881688594818115 113.3045015707612 44.644487746059895 55.80580377578735 113.70043848454952 -8.683226831257343
46.881688594818115 113.3045015707612 44.644487746059895 48.51866900920868 120.91773974150419 -31.59004808962345
46.881688594818115 113.3045015707612 44.644487746059895 45.98492884635925 117.6076035797596 -29.906111136078835
46.881688594818115 113.3045015707612 44.644487746059895 59.22983121871948 113.56077276915312 -14.330002687871456
46.881688594818115 113.3045015707612 44.644487746059895 59.38349223136902 122.01602330058813 -22.2708660364151
46.881688594818115 113.3045015707612 44.644487746059895 48.202337861061096 118.15235621854663 -30.65090537071228
46.881688594818115 113.3045015707612 44.644487746059895 48.8096364736557 113.873076941818 -26.602138325572014
46.881688594818115 113.3045015707612 44.644487746059895 49.630332589149475 123.52402330189943 -27.40575561672449
46.881688594818115 113.3045015707612 44.644487746059895 47.29936873912811 116.69713493436575 -23.72454022616148
46.881688594818115 113.3045015707612 44.644487746059895 54.76758885383606 115.20317585021257 -10.79949826747179
46.881688594818115 113.3045015707612 44.644487746059895 46.842058420181274 110.38152404129505 -17.80806040018797
46.881688594818115 113.3045015707612 44.644487746059895 50.291449546813965 120.0519046485424 -29.38188873976469
46.881688594818115 113.3045015707612 44.644487746059895 47.56864523887634 118.89256651327014 -30.715688198804855
58.42604398727417 122.34387565776706 35.004036746919155 62.79277718067169 129.51328910514712 -28.840252183377743
58.42604398727417 122.34387565776706 35.004036746919155 60.27969765663147 123.23403590545058 -17.12032575905323
58.42604398727417 122.34387565776706 35.004036746919155 59.315961718559265 122.57481685653329 -15.225507892668247
58.42604398727417 122.34387565776706 35.004036746919155 59.48436522483826 123.3931358680129 -22.24376095086336
58.42604398727417 122.34387565776706 35.004036746919155 60.69793212413788 121.10555465519428 -16.089295126497746
58.42604398727417 122.34387565776706 35.004036746919155 60.285431027412415 129.74222192540765 -31.140299446880817
58.42604398727417 122.34387565776706 35.004036746919155 61.43249773979187 121.74245692789555 -15.997407212853432
58.42604398727417 122.34387565776706 35.004036746919155 62.56360685825348 129.4909723289311 -26.853546403348446
58.42604398727417 122.34387565776706 35.004036746919155 58.810566425323486 121.96023136004806 -17.304101586341858
58.42604398727417 122.34387565776706 35.004036746919155 61.18266677856445 124.68925718963146 -24.04669090360403
58.42604398727417 122.34387565776706 35.004036746919155 59.498077392578125 122.02718168869615 -23.26421892642975
58.42604398727417 122.34387565776706 35.004036746919155 62.04552972316742 123.97136367112398 -25.968613855540752
58.42604398727417 122.34387565776706 35.004036746919155 60.56268632411957 124.06351330503821 -25.131931707262993
58.42604398727417 122.34387565776706 35.004036746919155 59.55086541175842 129.10531965270638 -31.23218736052513
58.42604398727417 122.34387565776706 35.004036746919155 59.94965434074402 121.83460656180978 -15.160725064575672
58.42604398727417 122.34387565776706 35.004036746919155 58.76351177692413 121.39027941599488 -23.356106840074062
58.42604398727417 122.34387565776706 35.004036746919155 60.05052733421326 123.21171912923455 -15.133619979023933
58.42604398727417 122.34387565776706 35.004036746919155 61.411837100982666 124.71157396584749 -26.033396683633327
58.42604398727417 122.34387565776706 35.004036746919155 61.917232394218445 125.32615946233273 -23.954802989959717
58.42604398727417 122.34387565776706 35.004036746919155 61.317912578582764 121.73129853978753 -15.004054322838783
35.58980655670166 126.63944526389241 42.485043950378895 45.72627353668213 132.85914984345436 -29.764625936746597
35.58980655670166 126.63944526389241 42.485043950378895 43.954708099365234 125.6136360578239 -6.896364152431488
35.58980655670166 126.63944526389241 42.485043950378895 50.89771783351898 122.04360271245241 -27.27618996053934
35.58980655670166 126.63944526389241 42.485043950378895 36.45906364917755 129.8395035006106 -17.780490159988403
35.58980655670166 126.63944526389241 42.485043950378895 38.05057406425476 125.09069777280092 -28.723904378712177
35.58980655670166 126.63944526389241 42.485043950378895 46.920210123062134 127.26970832794905 -31.70308131724596
35.58980655670166 126.63944526389241 42.485043950378895 36.57364881038666 129.8506618887186 -18.77384305000305
35.58980655670166 126.63944526389241 42.485043950378895 48.83603048324585 117.41214592382312 -30.586122542619705
35.58980655670166 126.63944526389241 42.485043950378895 46.67159426212311 122.10515971109271 -14.675943873822689
35.58980655670166 126.63944526389241 42.485043950378895 41.521840929985046 123.68061246350408 -5.185322113335133
35.58980655670166 126.63944526389241 42.485043950378895 43.33472764492035 124.98789217323065 -7.98160495609045
35.58980655670166 126.63944526389241 42.485043950378895 39.47180509567261 130.2251561768353 -13.401849202811718
35.58980655670166 126.63944526389241 42.485043950378895 38.945749163627625 132.579687718302 -25.516432367265224
35.58980655670166 126.63944526389241 42.485043950378895 37.848828077316284 122.33647263795137 -28.778114549815655
35.58980655670166 126.63944526389241 42.485043950378895 37.72053074836731 123.69126842916012 -26.76430368423462
35.58980655670166 126.63944526389241 42.485043950378895 43.5284948348999 135.61625750735402 -20.926910497248173
35.58980655670166 126.63944526389241 42.485043950378895 40.06417644023895 135.42317995801568 -33.409045316278934
35.58980655670166 126.63944526389241 42.485043950378895 39.4304838180542 136.1633902527392 -33.47382814437151
35.58980655670166 126.63944526389241 42.485043950378895 43.44828248023987 131.2700279019773 -10.918026112020016
35.58980655670166 126.63944526389241 42.485043950378895 45.56566405296326 126.00706217065454 -32.880210034549236
22.613335132598877 137.3123134560883 41.10807213187218 36.24154484272003 140.99318722635508 -20.700378887355328
22.613335132598877 137.3123134560883 41.10807213187218 36.34241783618927 142.37029979377985 -20.67327380180359
22.613335132598877 137.3123134560883 41.10807213187218 34.551037311553955 133.6632972434163 -29.03128609061241
22.613335132598877 137.3123134560883 41.10807213187218 35.28560292720795 134.30019951611757 -28.939398176968098
22.613335132598877 137.3123134560883 41.10807213187218 37.83305525779724 136.2443814985454 -31.6437931060791
22.613335132598877 137.3123134560883 41.10807213187218 34.66562247276306 133.67445563152432 -30.02463898062706
22.613335132598877 137.3123134560883 41.10807213187218 35.6156462430954 135.69962885975838 -30.898998871445656
22.613335132598877 137.3123134560883 41.10807213187218 37.84676742553711 134.87842731922865 -32.66425108164549
22.613335132598877 137.3123134560883 41.10807213187218 34.43645215034485 133.6521388553083 -28.037933200597763
22.613335132598877 137.3123134560883 41.10807213187218 36.86931931972504 135.58516244962811 -29.74897523969412
22.613335132598877 137.3123134560883 41.10807213187218 38.48046004772186 134.13821702450514 -32.599468253552914
22.613335132598877 137.3123134560883 41.10807213187218 38.466747879981995 135.5041712038219 -31.579010277986526
22.613335132598877 137.3123134560883 41.10807213187218 34.26701831817627 139.10479718446732 -22.962748408317566
22.613335132598877 137.3123134560883 41.10807213187218 37.961352586746216 134.88958570733666 -33.65760397166014
22.613335132598877 137.3123134560883 41.10807213187218 36.90266180038452 137.52106857299805 -22.676512010395527
22.613335132598877 137.3123134560883 41.10807213187218 36.7684463262558 134.20804988220334 -29.776080325245857
22.613335132598877 137.3123134560883 41.10807213187218 35.534403562545776 137.6243765950203 -22.833182752132416
22.613335132598877 137.3123134560883 41.10807213187218 37.00353479385376 138.89818114042282 -22.649406924843788
22.613335132598877 137.3123134560883 41.10807213187218 34.7664954662323 135.0515681989491 -29.99753389507532
22.613335132598877 137.3123134560883 41.10807213187218 38.69591820240021 135.52648798003793 -33.56571605801582
38.124577045440674 123.67860408499837 42.744175262749195 43.7380348443985 132.33671398088336 -31.00653748214245
38.124577045440674 123.67860408499837 42.744175262749195 49.643014430999756 128.4290464632213 -30.369281858205795
38.124577045440674 123.67860408499837 42.744175262749195 54.03875660896301 121.07445959746838 -24.91135986894369
38.124577045440674 123.67860408499837 42.744175262749195 52.405924916267395 131.76149940118194 -34.03992459177971
38.124577045440674 123.67860408499837 42.744175262749195 46.9662344455719 134.11063761264086 -27.594144329428673
38.124577045440674 123.67860408499837 42.744175262749195 37.97609508037567 127.25265418738127 -32.73499368131161
38.124577045440674 123.67860408499837 42.744175262749195 51.02601516246796 120.68880692124367 -29.290000826120377
38.124577045440674 123.67860408499837 42.744175262749195 50.40603470802307 120.06306303665042 -30.37524162977934
38.124577045440674 123.67860408499837 42.744175262749195 48.10635268688202 127.71403547376394 -23.50769954174757
38.124577045440674 123.67860408499837 42.744175262749195 44.38440930843353 136.50152684748173 -33.90528089553118
38.124577045440674 123.67860408499837 42.744175262749195 41.622713923454285 125.05772503092885 -5.158217027783394
38.124577045440674 123.67860408499837 42.744175262749195 45.03387475013733 121.85340769216418 -30.974819511175156
38.124577045440674 123.67860408499837 42.744175262749195 48.90168511867523 127.55493551120162 -18.38426434993744
38.124577045440674 123.67860408499837 42.744175262749195 45.46479105949402 124.62994960322976 -32.907315120100975
38.124577045440674 123.67860408499837 42.744175262749195 54.25318443775177 128.7337078936398 -27.820675939321518
38.124577045440674 123.67860408499837 42.744175262749195 49.06435525417328 121.86506850272417 -11.382543720304966
38.124577045440674 123.67860408499837 42.744175262749195 38.05057406425476 125.09069777280092 -28.723904378712177
38.124577045440674 123.67860408499837 42.744175262749195 41.35325264930725 124.70266498997808 -21.30042192339897
38.124577045440674 123.67860408499837 42.744175262749195 45.21617519855499 119.46540098637342 -15.880177676677704
38.124577045440674 123.67860408499837 42.744175262749195 49.36781978607178 121.56580040231347 -32.491513065993786
55.386908531188965 118.41915399953723 34.60938000679016 60.44810116291046 124.0523549169302 -24.138578817248344
55.386908531188965 118.41915399953723 34.60938000679016 62.67922234535217 123.23115337640047 -25.903831027448177
55.386908531188965 118.41915399953723 34.60938000679016 58.58139610290527 121.93791458383203 -15.317395806312561
55.386908531188965 118.41915399953723 34.60938000679016 57.90064883232117 122.10817293450236 -21.43418388813734
55.386908531188965 118.41915399953723 34.60938000679016 60.63716530799866 121.90155689045787 -21.120842404663563
55.386908531188965 118.41915399953723 34.60938000679016 59.28261923789978 120.63891073316336 -22.29797112196684
55.386908531188965 118.41915399953723 34.60938000679016 60.13177001476288 121.28697139397264 -23.199436098337173
55.386908531188965 118.41915399953723 34.60938000679016 60.69793212413788 121.10555465519428 -16.089295126497746
55.386908531188965 118.41915399953723 34.60938000679016 60.751750469207764 121.91271527856588 -22.11419529467821
55.386908531188965 118.41915399953723 34.60938000679016 55.40701484680176 120.97115157544613 -24.754689127206802
55.386908531188965 118.41915399953723 34.60938000679016 59.48436522483826 123.3931358680129 -22.24376095086336
55.386908531188965 118.41915399953723 34.60938000679016 59.39720439910889 120.65006912127137 -23.291324011981487
55.386908531188965 118.41915399953723 34.60938000679016 60.79880511760712 122.48266722261906 -16.062190040946007
55.386908531188965 118.41915399953723 34.60938000679016 62.03181755542755 125.33731785044074 -24.948155879974365
55.386908531188965 118.41915399953723 34.60938000679016 61.94465672969818 122.59425110369921 -25.99571894109249
55.386908531188965 118.41915399953723 34.60938000679016 60.68421995639801 122.47150883451104 -15.068837150931358
55.386908531188965 118.41915399953723 34.60938000679016 61.29725193977356 124.70041557773948 -25.04004379361868
55.386908531188965 118.41915399953723 34.60938000679016 59.32967388629913 121.20886267721653 -16.245965868234634
55.386908531188965 118.41915399953723 34.60938000679016 60.05052733421326 123.21171912923455 -15.133619979023933
55.386908531188965 118.41915399953723 34.60938000679016 61.18266677856445 124.68925718963146 -24.04669090360403
55.878591656684875 120.39969367533922 37.70843167603016 61.94465672969818 122.59425110369921 -25.99571894109249
55.878591656684875 120.39969367533922 37.70843167603016 59.96336650848389 120.46865238249302 -16.18118304014206
55.878591656684875 120.39969367533922 37.70843167603016 54.88790738582611 121.72252025827765 -25.812824845314026
55.878591656684875 120.39969367533922 37.70843167603016 55.40701484680176 120.97115157544613 -24.754689127206802
55.878591656684875 120.39969367533922 37.70843167603016 58.12981915473938 122.1304897107184 -23.420889668166637
55.878591656684875 120.39969367533922 37.70843167603016 63.413787961006165 123.86805564910173 -25.811943113803864
55.878591656684875 120.39969367533922 37.70843167603016 58.63521444797516 122.74507520720363 -21.342295974493027
55.878591656684875 120.39969367533922 37.70843167603016 57.90064883232117 122.10817293450236 -21.43418388813734
55.878591656684875 120.39969367533922 37.70843167603016 58.91717278957367 129.8455299474299 -31.296970188617706
55.878591656684875 120.39969367533922 37.70843167603016 59.59895038604736 123.40429425612092 -23.23711384087801
55.878591656684875 120.39969367533922 37.70843167603016 60.68421995639801 122.47150883451104 -15.068837150931358
55.878591656684875 120.39969367533922 37.70843167603016 59.36978006362915 123.38197747990489 -21.250408060848713
55.878591656684875 120.39969367533922 37.70843167603016 61.30993378162384 129.60543873906136 -28.003570035099983
55.878591656684875 120.39969367533922 37.70843167603016 60.064239501953125 121.8457649499178 -16.15407795459032
55.878591656684875 120.39969367533922 37.70843167603016 59.168034076690674 120.62775234505534 -21.30461823195219
55.878591656684875 120.39969367533922 37.70843167603016 61.71548640727997 122.57193432748318 -24.009013161063194
55.878591656684875 120.39969367533922 37.70843167603016 62.67922234535217 123.23115337640047 -25.903831027448177
55.878591656684875 120.39969367533922 37.70843167603016 58.01523399353027 122.11933132261038 -22.42753677815199
55.878591656684875 120.39969367533922 37.70843167603016 60.812517285346985 121.1167130433023 -17.082648016512394
55.878591656684875 120.39969367533922 37.70843167603016 60.0562607049942 129.71990514919162 -29.15359366685152
29.595605492591858 140.3460007160902 36.91408873349428 36.134753704071045 134.94826017692685 -29.840863153338432
29.595605492591858 140.3460007160902 36.91408873349428 42.287503600120544 140.63574707880616 -25.040460370481014
29.595605492591858 140.3460007160902 36.91408873349428 39.215025663375854 134.7751192972064 -32.5075803399086
29.595605492591858 140.3460007160902 36.91408873349428 39.16609513759613 144.9067504964769 -19.312369257211685
29.595605492591858 140.3460007160902 36.91408873349428 36.61967313289642 136.69159117341042 -14.664906062185764
29.595605492591858 140.3460007160902 36.91408873349428 44.87609243392944 138.48206652328372 -30.80622922629118
29.595605492591858 140.3460007160902 36.91408873349428 35.40018808841705 134.3113579042256 -29.932751066982746
29.595605492591858 140.3460007160902 36.91408873349428 37.00353479385376 138.89818114042282 -22.649406924843788
29.595605492591858 140.3460007160902 36.91408873349428 37.961352586746216 134.88958570733666 -33.65760397166014
29.595605492591858 140.3460007160902 36.91408873349428 47.09350144863129 139.02681916207075 -31.551023460924625
29.595605492591858 140.3460007160902 36.91408873349428 36.97611045837402 141.63008949905634 -20.608490973711014
29.595605492591858 140.3460007160902 36.91408873349428 42.779186725616455 142.61628675460815 -21.941408701241016
29.595605492591858 140.3460007160902 36.91408873349428 47.942652225494385 139.67487982288003 -32.45248843729496
29.595605492591858 140.3460007160902 36.91408873349428 37.23965358734131 137.31733505800366 -13.579665258526802
29.595605492591858 140.3460007160902 36.91408873349428 47.20808660984039 139.03797755017877 -32.544376350939274
29.595605492591858 140.3460007160902 36.91408873349428 39.680314779281616 133.21658999100327 -25.42454445362091
29.595605492591858 140.3460007160902 36.91408873349428 38.365874886512756 134.12705863639712 -31.606115363538265
29.595605492591858 140.3460007160902 36.91408873349428 38.10148620605469 142.87041888013482 -17.44465647637844
29.595605492591858 140.3460007160902 36.91408873349428 42.79289889335632 141.2503325752914 -22.961866676807404
29.595605492591858 140.3460007160902 36.91408873349428 46.4735209941864 138.4010752774775 -32.63626426458359
59.70611107349396 125.76847822964191 32.170076161623 60.67624115943909 130.34564903378487 -28.06835286319256
59.70611107349396 125.76847822964191 32.170076161623 61.830071568489075 122.58309271559119 -25.002366051077843
59.70611107349396 125.76847822964191 32.170076161623 59.55086541175842 129.10531965270638 -31.23218736052513
59.70611107349396 125.76847822964191 32.170076161623 61.82904124259949 128.85407005622983 -26.94543431699276
59.70611107349396 125.76847822964191 32.170076161623 61.71548640727997 122.57193432748318 -24.009013161063194
59.70611107349396 125.76847822964191 32.170076161623 61.2090607881546 128.22832617163658 -28.030675120651722
59.70611107349396 125.76847822964191 32.170076161623 59.941675543785095 129.7087467610836 -28.160240776836872
59.70611107349396 125.76847822964191 32.170076161623 61.42451894283295 129.61659712716937 -28.99692292511463
59.70611107349396 125.76847822964191 32.170076161623 62.04552972316742 123.97136367112398 -25.968613855540752
59.70611107349396 125.76847822964191 32.170076161623 62.678192019462585 129.5021307170391 -27.846899293363094
59.70611107349396 125.76847822964191 32.170076161623 63.413787961006165 123.86805564910173 -25.811943113803864
59.70611107349396 125.76847822964191 32.170076161623 61.195348620414734 129.59428035095334 -27.010217145085335
59.70611107349396 125.76847822964191 32.170076161623 61.19637894630432 123.3233030103147 -25.067148879170418
59.70611107349396 125.76847822964191 32.170076161623 60.57536816596985 128.9685364663601 -28.095457948744297
59.70611107349396 125.76847822964191 32.170076161623 62.5509250164032 124.58594916760921 -23.89002016186714
59.70611107349396 125.76847822964191 32.170076161623 60.56165599822998 130.33449064567685 -27.07499997317791
59.70611107349396 125.76847822964191 32.170076161623 61.94465672969818 122.59425110369921 -25.99571894109249
59.70611107349396 125.76847822964191 32.170076161623 61.18266677856445 124.68925718963146 -24.04669090360403
59.70611107349396 125.76847822964191 32.170076161623 60.0562607049942 129.71990514919162 -29.15359366685152
59.70611107349396 125.76847822964191 32.170076161623 61.93094456195831 123.96020528301597 -24.975260965526104
57.01767957210541 120.27406887710094 39.851808197796345 60.27969765663147 123.23403590545058 -17.12032575905323
57.01767957210541 120.27406887710094 39.851808197796345 60.0562607049942 129.71990514919162 -29.15359366685152
57.01767957210541 120.27406887710094 39.851808197796345 63.18461763858795 123.8457388728857 -23.825237333774567
57.01767957210541 120.27406887710094 39.851808197796345 61.54708290100098 121.75361531600356 -16.99076010286808
57.01767957210541 120.27406887710094 39.851808197796345 61.82904124259949 128.85407005622983 -26.94543431699276
57.01767957210541 120.27406887710094 39.851808197796345 61.094475626945496 128.21716778352857 -27.037322230637074
57.01767957210541 120.27406887710094 39.851808197796345 59.39720439910889 120.65006912127137 -23.291324011981487
57.01767957210541 120.27406887710094 39.851808197796345 60.91339027881622 122.49382561072707 -17.055542930960655
57.01767957210541 120.27406887710094 39.851808197796345 60.17084586620331 129.73106353729963 -30.14694655686617
57.01767957210541 120.27406887710094 39.851808197796345 61.32364594936371 128.2394845597446 -29.02402801066637
57.01767957210541 120.27406887710094 39.851808197796345 61.081793785095215 123.31214462220669 -24.07379598915577
57.01767957210541 120.27406887710094 39.851808197796345 60.44810116291046 124.0523549169302 -24.138578817248344
57.01767957210541 120.27406887710094 39.851808197796345 60.13177001476288 121.28697139397264 -23.199436098337173
57.01767957210541 120.27406887710094 39.851808197796345 59.315961718559265 122.57481685653329 -15.225507892668247
57.01767957210541 120.27406887710094 39.851808197796345 62.56360685825348 129.4909723289311 -26.853546403348446
57.01767957210541 120.27406887710094 39.851808197796345 59.59895038604736 123.40429425612092 -23.23711384087801
57.01767957210541 120.27406887710094 39.851808197796345 62.04552972316742 123.97136367112398 -25.968613855540752
57.01767957210541 120.27406887710094 39.851808197796345 63.413787961006165 123.86805564910173 -25.811943113803864
57.01767957210541 120.27406887710094 39.851808197796345 62.0582115650177 128.87638683244586 -28.932140097022057
57.01767957210541 120.27406887710094 39.851808197796345 63.29920279979706 123.85689726099372 -24.818590223789215
33.10988473892212 124.13646972551942 38.144080735743046 49.656726598739624 127.06309228390455 -31.389739833772182
33.10988473892212 124.13646972551942 38.144080735743046 38.365874886512756 134.12705863639712 -31.606115363538265
33.10988473892212 124.13646972551942 38.144080735743046 41.473755955696106 129.38163786008954 -13.180395632982254
33.10988473892212 124.13646972551942 38.144080735743046 45.72627353668213 132.85914984345436 -29.764625936746597
33.10988473892212 124.13646972551942 38.144080735743046 38.04278004169464 131.12446643412113 -18.590067222714424
33.10988473892212 124.13646972551942 38.144080735743046 48.27475619316101 128.53235448524356 -30.525952599942684
33.10988473892212 124.13646972551942 38.144080735743046 50.417686223983765 131.23906353861094 -35.28183613717556
33.10988473892212 124.13646972551942 38.144080735743046 40.13987052440643 125.14987466484308 -4.321534879505634
33.10988473892212 124.13646972551942 38.144080735743046 50.518559217453 132.6161761060357 -35.25473105162382
33.10988473892212 124.13646972551942 38.144080735743046 45.12000524997711 130.86745177954435 -31.870324715971947
33.10988473892212 124.13646972551942 38.144080735743046 45.6871976852417 124.41505770012736 -22.8171154782176
33.10988473892212 124.13646972551942 38.144080735743046 37.961352586746216 134.88958570733666 -33.65760397166014
33.10988473892212 124.13646972551942 38.144080735743046 36.688233971595764 129.86182027682662 -19.7671959400177
33.10988473892212 124.13646972551942 38.144080735743046 40.69889938831329 128.41199232265353 -31.401194222271442
33.10988473892212 124.13646972551942 38.144080735743046 43.64984369277954 135.86462457478046 -33.99716880917549
33.10988473892212 124.13646972551942 38.144080735743046 42.58644986152649 125.71694407984614 -7.053034894168377
33.10988473892212 124.13646972551942 38.144080735743046 50.30310106277466 131.22790515050292 -34.28848324716091
33.10988473892212 124.13646972551942 38.144080735743046 46.69103980064392 127.24739155173302 -29.716375537216663
33.10988473892212 124.13646972551942 38.144080735743046 41.56768047809601 132.3619132861495 -24.2097379937768
33.10988473892212 124.13646972551942 38.144080735743046 50.378610372543335 122.79497139528394 -28.334325678646564
34.75436794757843 124.62543042376637 42.36605095118284 50.07599139213562 118.66363369300961 -28.41564093530178
34.75436794757843 124.62543042376637 42.36605095118284 48.625460147857666 126.96266679093242 -22.449563823640347
34.75436794757843 124.62543042376637 42.36605095118284 47.080819606781006 134.12179600074887 -28.58749721944332
34.75436794757843 124.62543042376637 42.36605095118284 47.43931758403778 126.51833964511752 -30.644945599138737
34.75436794757843 124.62543042376637 42.36605095118284 41.31887984275818 129.03773620724678 -30.31595341861248
34.75436794757843 124.62543042376637 42.36605095118284 42.75485336780548 126.53526309132576 -14.071287952363491
34.75436794757843 124.62543042376637 42.36605095118284 39.215025663375854 134.7751192972064 -32.5075803399086
34.75436794757843 124.62543042376637 42.36605095118284 50.957454323768616 127.51857781782746 -24.18771094828844
34.75436794757843 124.62543042376637 42.36605095118284 44.94568359851837 125.38131828606129 -33.9654508382082
34.75436794757843 124.62543042376637 42.36605095118284 38.50891470909119 125.13533132523298 -32.69731593877077
34.75436794757843 124.62543042376637 42.36605095118284 48.16711950302124 126.91803323850036 -18.476152263581753
34.75436794757843 124.62543042376637 42.36605095118284 43.954708099365234 125.6136360578239 -6.896364152431488
34.75436794757843 124.62543042376637 42.36605095118284 50.53921985626221 129.64705906808376 -25.218741580843925
34.75436794757843 124.62543042376637 42.36605095118284 49.238492131233215 129.19157353416085 -32.42077046632767
34.75436794757843 124.62543042376637 42.36605095118284 37.98201322555542 131.92046866938472 -23.62161450088024
34.75436794757843 124.62543042376637 42.36605095118284 50.99859082698822 123.42071527987719 -27.249084874987602
34.75436794757843 124.62543042376637 42.36605095118284 49.26694679260254 120.1886878348887 -32.518618151545525
34.75436794757843 124.62543042376637 42.36605095118284 36.58144283294678 123.8168932273984 -28.907680206000805
34.75436794757843 124.62543042376637 42.36605095118284 38.05057406425476 125.09069777280092 -28.723904378712177
34.75436794757843 124.62543042376637 42.36605095118284 38.59504520893097 134.14937541261315 -33.59282114356756
39.78277242183685 122.80161060392857 45.945687502622604 44.97799575328827 133.58820175006986 -28.836055874824524
39.78277242183685 122.80161060392857 45.945687502622604 46.5040363073349 116.85623489692807 -28.84797541797161
39.78277242183685 122.80161060392857 45.945687502622604 52.77240169048309 116.28390284627676 -23.097857259213924
39.78277242183685 122.80161060392857 45.945687502622604 47.31308090686798 115.33118075504899 -24.744998201727867
39.78277242183685 122.80161060392857 45.945687502622604 48.10635268688202 127.71403547376394 -23.50769954174757
39.78277242183685 122.80161060392857 45.945687502622604 47.872294545173645 116.75292687490582 -28.691304676234722
39.78277242183685 122.80161060392857 45.945687502622604 47.08879840373993 126.24765580147505 -15.587981507182121
39.78277242183685 122.80161060392857 45.945687502622604 46.245380997657776 132.10778116062284 -28.706490218639374
39.78277242183685 122.80161060392857 45.945687502622604 41.46783781051636 124.71382337808609 -22.29377481341362
39.78277242183685 122.80161060392857 45.945687502622604 47.184783577919006 116.68597654625773 -22.73118733614683
39.78277242183685 122.80161060392857 45.945687502622604 44.90351676940918 135.7501581646502 -32.847145177423954
39.78277242183685 122.80161060392857 45.945687502622604 48.53256595134735 117.71141402423382 -9.477153196930885
39.78277242183685 122.80161060392857 45.945687502622604 42.1555335521698 122.94040216878057 -5.1205392852425575
39.78277242183685 122.80161060392857 45.945687502622604 50.20344316959381 121.7394437044859 -9.23916719853878
39.78277242183685 122.80161060392857 45.945687502622604 45.29657232761383 121.97125905379653 -2.755709193646908
39.78277242183685 122.80161060392857 45.945687502622604 53.74102544784546 127.88191371783614 -17.82236421108246
39.78277242183685 122.80161060392857 45.945687502622604 44.87712275981903 132.21108918264508 -28.863160960376263
39.78277242183685 122.80161060392857 45.945687502622604 52.405924916267395 131.76149940118194 -34.03992459177971
39.78277242183685 122.80161060392857 45.945687502622604 39.34435331821442 127.14934616535902 -32.57832293957472
39.78277242183685 122.80161060392857 45.945687502622604 51.68628656864166 121.64729407057166 -10.07584934681654
52.95404136180878 116.48613040521741 36.32042204588652 58.69598126411438 121.94907297194004 -16.31074869632721
52.95404136180878 116.48613040521741 36.32042204588652 58.810566425323486 121.96023136004806 -17.304101586341858
52.95404136180878 116.48613040521741 36.32042204588652 60.69793212413788 121.10555465519428 -16.089295126497746
52.95404136180878 116.48613040521741 36.32042204588652 55.1721111536026 114.44064877927303 -8.748009659349918
52.95404136180878 116.48613040521741 36.32042204588652 53.29150915145874 115.53253416344523 -22.0397215411067
52.95404136180878 116.48613040521741 36.32042204588652 52.65781652927399 116.27274445816875 -22.104504369199276
52.95404136180878 116.48613040521741 36.32042204588652 60.58334696292877 121.09439626708627 -15.095942236483097
52.95404136180878 116.48613040521741 36.32042204588652 54.6587370634079 121.70020348206162 -23.82611906528473
52.95404136180878 116.48613040521741 36.32042204588652 55.40701484680176 120.97115157544613 -24.754689127206802
52.95404136180878 116.48613040521741 36.32042204588652 61.830071568489075 122.58309271559119 -25.002366051077843
52.95404136180878 116.48613040521741 36.32042204588652 58.58242642879486 115.66693724319339 -13.374327540397644
52.95404136180878 116.48613040521741 36.32042204588652 54.12694776058197 117.54654900357127 -21.92072854191065
52.95404136180878 116.48613040521741 36.32042204588652 61.43249773979187 121.74245692789555 -15.997407212853432
52.95404136180878 116.48613040521741 36.32042204588652 61.31096410751343 123.33446139842272 -26.060501769185066
52.95404136180878 116.48613040521741 36.32042204588652 59.168034076690674 120.62775234505534 -21.30461823195219
52.95404136180878 116.48613040521741 36.32042204588652 53.37866997718811 118.27560091018677 -20.992158479988575
52.95404136180878 116.48613040521741 36.32042204588652 58.12981915473938 122.1304897107184 -23.420889668166637
52.95404136180878 116.48613040521741 36.32042204588652 59.54513204097748 122.59713363274932 -17.212213672697544
52.95404136180878 116.48613040521741 36.32042204588652 60.68421995639801 122.47150883451104 -15.068837150931358
52.95404136180878 116.48613040521741 36.32042204588652 60.003472685813904 122.64176718518138 -21.185625232756138
33.74357736110687 123.39625943079591 38.20886356383562 50.26402521133423 122.78381300717592 -27.340972788631916
33.74357736110687 123.39625943079591 38.20886356383562 37.24152946472168 126.61575191468 -32.82688159495592
33.74357736110687 123.39625943079591 38.20886356383562 44.71651327610016 125.35900150984526 -31.9787450581789
33.74357736110687 123.39625943079591 38.20886356383562 39.93812453746796 122.39564952999353 -4.375745050609112
33.74357736110687 123.39625943079591 38.20886356383562 46.73320662975311 116.8785516731441 -30.834681198000908
33.74357736110687 123.39625943079591 38.20886356383562 46.80562496185303 127.25854993984103 -30.709728427231312
33.74357736110687 123.39625943079591 38.20886356383562 42.04094839096069 122.92924378067255 -4.127186395227909
33.74357736110687 123.39625943079591 38.20886356383562 41.582422971725464 124.7249817661941 -23.28712770342827
33.74357736110687 123.39625943079591 38.20886356383562 45.78807067871094 125.79217026755214 -22.790010392665863
33.74357736110687 123.39625943079591 38.20886356383562 37.422799587249756 130.49872254952788 -19.675308026373386
33.74357736110687 123.39625943079591 38.20886356383562 38.56986629962921 122.49895755201578 -4.532415792346001
33.74357736110687 123.39625943079591 38.20886356383562 44.8173862695694 126.73611407727003 -31.951639972627163
33.74357736110687 123.39625943079591 38.20886356383562 39.36398363113403 130.4512064680457 -24.48540173470974
33.74357736110687 123.39625943079591 38.20886356383562 38.59504520893097 134.14937541261315 -33.59282114356756
33.74357736110687 123.39625943079591 38.20886356383562 36.46685767173767 123.80573483929038 -27.914327315986156
33.74357736110687 123.39625943079591 38.20886356383562 36.58144283294678 123.8168932273984 -28.907680206000805
33.74357736110687 123.39625943079591 38.20886356383562 38.583393692970276 122.97337491065264 -28.68622663617134
33.74357736110687 123.39625943079591 38.20886356383562 39.83603644371033 129.129885841161 -29.47927127033472
33.74357736110687 123.39625943079591 38.20886356383562 40.46972906589508 128.3896755464375 -29.414488442242146
33.74357736110687 123.39625943079591 38.20886356383562 38.50891470909119 125.13533132523298 -32.69731593877077
45.397814869880676 119.66762854531407 43.53810162842274 47.43931758403778 126.51833964511752 -30.644945599138737
45.397814869880676 119.66762854531407 43.53810162842274 52.77240169048309 116.28390284627676 -23.097857259213924
45.397814869880676 119.66762854531407 43.53810162842274 49.30620741844177 126.79240844026208 -16.332775741815567
45.397814869880676 119.66762854531407 43.53810162842274 61.71548640727997 122.57193432748318 -24.009013161063194
45.397814869880676 119.66762854531407 43.53810162842274 43.665616512298584 121.95671571418643 -31.131490252912045
45.397814869880676 119.66762854531407 43.53810162842274 48.90168511867523 127.55493551120162 -18.38426434993744
45.397814869880676 119.66762854531407 43.53810162842274 48.835184931755066 121.84275172650814 -9.395837940275669
45.397814869880676 119.66762854531407 43.53810162842274 48.17594385147095 114.61328723654151 -26.66692115366459
45.397814869880676 119.66762854531407 43.53810162842274 47.33947491645813 118.87024973705411 -28.72898241877556
45.397814869880676 119.66762854531407 43.53810162842274 50.222888708114624 126.8816755451262 -24.279598861932755
45.397814869880676 119.66762854531407 43.53810162842274 54.25318443775177 128.7337078936398 -27.820675939321518
45.397814869880676 119.66762854531407 43.53810162842274 59.43054687976837 122.5859752446413 -16.218860782682896
45.397814869880676 119.66762854531407 43.53810162842274 60.44810116291046 124.0523549169302 -24.138578817248344
45.397814869880676 119.66762854531407 43.53810162842274 59.902599692344666 121.2646546177566 -21.212730318307877
45.397814869880676 119.66762854531407 43.53810162842274 46.67159426212311 122.10515971109271 -14.675943873822689
45.397814869880676 119.66762854531407 43.53810162842274 49.630332589149475 123.52402330189943 -27.40575561672449
45.397814869880676 119.66762854531407 43.53810162842274 44.95263206958771 123.7781554274261 -22.909003391861916
45.397814869880676 119.66762854531407 43.53810162842274 45.56566405296326 126.00706217065454 -32.880210034549236
45.397814869880676 119.66762854531407 43.53810162842274 46.80562496185303 127.25854993984103 -30.709728427231312
45.397814869880676 119.66762854531407 43.53810162842274 48.726333141326904 128.3397793583572 -22.422458738088608
38.62997233867645 124.2931895814836 44.822768956422806 50.37758004665375 129.06594873592257 -30.27739394456148
38.62997233867645 124.2931895814836 44.822768956422806 38.05057406425476 125.09069777280092 -28.723904378712177
38.62997233867645 124.2931895814836 44.822768956422806 45.21617519855499 119.46540098637342 -15.880177676677704
38.62997233867645 124.2931895814836 44.822768956422806 50.60675036907196 129.0882655121386 -32.26409972459078
38.62997233867645 124.2931895814836 44.822768956422806 46.09951400756836 117.61876196786761 -30.899464026093483
38.62997233867645 124.2931895814836 44.822768956422806 46.99262845516205 137.64970659464598 -31.578128546476364
38.62997233867645 124.2931895814836 44.822768956422806 42.25640654563904 124.31751473620534 -5.093434199690819
38.62997233867645 124.2931895814836 44.822768956422806 44.7017707824707 132.99593302980065 -32.90135534852743
38.62997233867645 124.2931895814836 44.822768956422806 41.338510155677795 132.33959650993347 -22.2230322137475
38.62997233867645 124.2931895814836 44.822768956422806 44.97799575328827 133.58820175006986 -28.836055874824524
38.62997233867645 124.2931895814836 44.822768956422806 37.73424291610718 122.32531424984336 -27.784761659801006
38.62997233867645 124.2931895814836 44.822768956422806 40.08483707904816 132.45406292006373 -23.37305584549904
38.62997233867645 124.2931895814836 44.822768956422806 47.29157471656799 122.73090359568596 -13.590703070163727
38.62997233867645 124.2931895814836 44.822768956422806 51.03766667842865 131.86480742320418 -34.1965953335166
38.62997233867645 124.2931895814836 44.822768956422806 38.82524585723877 127.90071484819055 -33.63645865768194
38.62997233867645 124.2931895814836 44.822768956422806 49.02303397655487 127.80330257862806 -31.454522661864758
38.62997233867645 124.2931895814836 44.822768956422806 40.092631101608276 126.42029425874352 -33.50689300149679
38.62997233867645 124.2931895814836 44.822768956422806 48.60686016082764 117.38982914760709 -28.59941676259041
38.62997233867645 124.2931895814836 44.822768956422806 48.673545122146606 121.26164139434695 -14.454490303993225
38.62997233867645 124.2931895814836 44.822768956422806 47.74090623855591 136.92065468803048 -32.50669860839844
29.508444666862488 137.60293396934867 35.866525672376156 38.20338952541351 137.97655410692096 -15.474483124911785
29.508444666862488 137.60293396934867 35.866525672376156 33.647037863731384 138.47905329987407 -24.047989211976528
29.508444666862488 137.60293396934867 35.866525672376156 37.98793137073517 136.58828315138817 -14.508235320448875
29.508444666862488 137.60293396934867 35.866525672376156 38.43152952194214 144.26984822377563 -19.404257170856
29.508444666862488 137.60293396934867 35.866525672376156 39.680314779281616 133.21658999100327 -25.42454445362091
29.508444666862488 137.60293396934867 35.866525672376156 37.34052658081055 138.69444762542844 -13.552560172975063
29.508444666862488 137.60293396934867 35.866525672376156 44.87609243392944 138.48206652328372 -30.80622922629118
29.508444666862488 137.60293396934867 35.866525672376156 33.9173446893692 134.40350753813982 -29.096068918704987
29.508444666862488 137.60293396934867 35.866525672376156 37.354238748550415 137.32849344611168 -14.57301814854145
29.508444666862488 137.60293396934867 35.866525672376156 43.535258531570435 135.85346618667245 -33.00381591916084
29.508444666862488 137.60293396934867 35.866525672376156 35.635276556015015 139.00148916244507 -22.806077666580677
29.508444666862488 137.60293396934867 35.866525672376156 44.269824147224426 136.4903684593737 -32.91192800551653
29.508444666862488 137.60293396934867 35.866525672376156 43.022069215774536 141.27264935150743 -24.9485724568367
29.508444666862488 137.60293396934867 35.866525672376156 37.467793583869934 143.61062917485833 -17.509439304471016
29.508444666862488 137.60293396934867 35.866525672376156 44.48631262779236 131.60766207426786 -31.935107544064522
29.508444666862488 137.60293396934867 35.866525672376156 40.31400740146637 132.47637969627976 -25.359761625528336
29.508444666862488 137.60293396934867 35.866525672376156 36.02016854286194 134.93710178881884 -28.847510263323784
29.508444666862488 137.60293396934867 35.866525672376156 37.23965358734131 137.31733505800366 -13.579665258526802
29.508444666862488 137.60293396934867 35.866525672376156 39.4511444568634 133.19427321478724 -23.437838673591614
29.508444666862488 137.60293396934867 35.866525672376156 38.08880436420441 137.96539571881294 -14.481130234897137
40.71419620513916 115.25394618883729 38.92147467285395 52.85956251621246 119.0269695930183 -22.0502941980958
40.71419620513916 115.25394618883729 38.92147467285395 47.78428816795349 118.44046593084931 -8.548583135008812
40.71419620513916 115.25394618883729 38.92147467285395 47.41987204551697 121.37610780447721 -15.604513935744762
40.71419620513916 115.25394618883729 38.92147467285395 45.20941150188446 119.228192307055 -3.8032722547650337
40.71419620513916 115.25394618883729 38.92147467285395 48.202337861061096 118.15235621854663 -30.65090537071228
40.71419620513916 115.25394618883729 38.92147467285395 48.707733154296875 118.76694171503186 -28.57231167703867
40.71419620513916 115.25394618883729 38.92147467285395 54.773322224617004 121.71136187016964 -24.819471955299377
40.71419620513916 115.25394618883729 38.92147467285395 49.32771360874176 119.39268559962511 -27.487070873379707
40.71419620513916 115.25394618883729 38.92147467285395 43.62569510936737 117.94322937354445 -2.993695192039013
40.71419620513916 115.25394618883729 38.92147467285395 48.417980790138245 117.7002556361258 -8.483800306916237
40.71419620513916 115.25394618883729 38.92147467285395 48.633254170417786 120.92889812961221 -32.5834009796381
40.71419620513916 115.25394618883729 38.92147467285395 45.03387475013733 121.85340769216418 -30.974819511175156
40.71419620513916 115.25394618883729 38.92147467285395 50.38658916950226 114.92083119601011 -15.334809966385365
40.71419620513916 115.25394618883729 38.92147467285395 48.05356466770172 120.6358975097537 -15.539731107652187
40.71419620513916 115.25394618883729 38.92147467285395 44.36026072502136 118.58013164624572 -2.901807278394699
40.71419620513916 115.25394618883729 38.92147467285395 52.65781652927399 116.27274445816875 -22.104504369199276
40.71419620513916 115.25394618883729 38.92147467285395 45.13474774360657 123.23052025958896 -30.947714425623417
40.71419620513916 115.25394618883729 38.92147467285395 54.22782075405121 118.92366157099605 -21.89362345635891
40.71419620513916 115.25394618883729 38.92147467285395 50.89771783351898 122.04360271245241 -27.27618996053934
40.71419620513916 115.25394618883729 38.92147467285395 44.09653282165527 124.73325762525201 -33.063985861837864
46.46345412731171 115.4329828210175 43.61345711350441 47.919349193573 117.322878818959 -22.639299422502518
46.46345412731171 115.4329828210175 43.61345711350441 49.03796124458313 118.32599952071905 -7.398559503257275
46.46345412731171 115.4329828210175 43.61345711350441 45.87034368515015 117.59644519165158 -28.912758246064186
46.46345412731171 115.4329828210175 43.61345711350441 53.68823742866516 120.8037757538259 -9.854395776987076
46.46345412731171 115.4329828210175 43.61345711350441 55.92038893699646 113.71159687265754 -9.676579721271992
46.46345412731171 115.4329828210175 43.61345711350441 51.80866575241089 115.62468379735947 -21.20303939282894
46.46345412731171 115.4329828210175 43.61345711350441 58.749799609184265 122.75623359531164 -22.335648864507675
46.46345412731171 115.4329828210175 43.61345711350441 50.40603470802307 120.06306303665042 -30.37524162977934
46.46345412731171 115.4329828210175 43.61345711350441 47.454060077667236 118.88140812516212 -29.722335308790207
46.46345412731171 115.4329828210175 43.61345711350441 60.63716530799866 121.90155689045787 -21.120842404663563
46.46345412731171 115.4329828210175 43.61345711350441 54.22782075405121 118.92366157099605 -21.89362345635891
46.46345412731171 115.4329828210175 43.61345711350441 47.71760320663452 114.56865368410945 -22.693509593605995
46.46345412731171 115.4329828210175 43.61345711350441 61.94465672969818 122.59425110369921 -25.99571894109249
46.46345412731171 115.4329828210175 43.61345711350441 47.68341517448425 117.06335336342454 -8.57568822056055
46.46345412731171 115.4329828210175 43.61345711350441 48.60686016082764 117.38982914760709 -28.59941676259041
46.46345412731171 115.4329828210175 43.61345711350441 49.6587872505188 114.52113760262728 -27.50360330194235
46.46345412731171 115.4329828210175 43.61345711350441 54.66671586036682 113.8260632827878 -10.826603353023529
46.46345412731171 115.4329828210175 43.61345711350441 46.450217962265015 116.04907427355647 -22.823075249791145
46.46345412731171 115.4329828210175 43.61345711350441 59.00066089630127 113.53845599293709 -12.34329690784216
46.46345412731171 115.4329828210175 43.61345711350441 60.677271485328674 124.07467169314623 -26.12528459727764
30.34285295009613 145.88792615011334 34.04245040565729 36.24154484272003 140.99318722635508 -20.700378887355328
30.34285295009613 145.88792615011334 34.04245040565729 36.86152529716492 141.61893111094832 -19.615138083696365
30.34285295009613 145.88792615011334 34.04245040565729 39.051509976387024 144.89559210836887 -18.319016367197037
30.34285295009613 145.88792615011334 34.04245040565729 38.216071367263794 142.88157726824284 -18.43800936639309
30.34285295009613 145.88792615011334 34.04245040565729 41.42464065551758 141.35364059731364 -23.118537418544292
30.34285295009613 145.88792615011334 34.04245040565729 36.94868612289429 144.36199785768986 -18.56757502257824
30.34285295009613 145.88792615011334 34.04245040565729 40.285552740097046 141.47926539555192 -25.261913940310478
30.34285295009613 145.88792615011334 34.04245040565729 38.53240251541138 145.6469607912004 -19.37715208530426
30.34285295009613 145.88792615011334 34.04245040565729 37.56866657733917 144.9877417422831 -17.482334218919277
30.34285295009613 145.88792615011334 34.04245040565729 38.10148620605469 142.87041888013482 -17.44465647637844
30.34285295009613 145.88792615011334 34.04245040565729 40.05638241767883 141.4569486193359 -23.27520816028118
30.34285295009613 145.88792615011334 34.04245040565729 37.69696390628815 143.63294595107436 -19.496145084500313
30.34285295009613 145.88792615011334 34.04245040565729 38.93692481517792 144.88443372026086 -17.32566347718239
30.34285295009613 145.88792615011334 34.04245040565729 41.64009881019592 142.74191155284643 -24.084785223007202
30.34285295009613 145.88792615011334 34.04245040565729 36.83410096168518 144.35083946958184 -17.57422213256359
30.34285295009613 145.88792615011334 34.04245040565729 37.09069561958313 141.64124788716435 -21.601843863725662
30.34285295009613 145.88792615011334 34.04245040565729 36.97611045837402 141.63008949905634 -20.608490973711014
30.34285295009613 145.88792615011334 34.04245040565729 38.303232192993164 145.62464401498437 -17.390446305274963
30.34285295009613 145.88792615011334 34.04245040565729 38.43152952194214 144.26984822377563 -19.404257170856
30.34285295009613 145.88792615011334 34.04245040565729 37.467793583869934 143.61062917485833 -17.509439304471016
37.08636212348938 125.18134145066142 40.62790382653475 43.665616512298584 121.95671571418643 -31.131490252912045
37.08636212348938 125.18134145066142 40.62790382653475 40.13987052440643 125.14987466484308 -4.321534879505634
37.08636212348938 125.18134145066142 40.62790382653475 38.583393692970276 122.97337491065264 -28.68622663617134
37.08636212348938 125.18134145066142 40.62790382653475 38.05057406425476 125.09069777280092 -28.723904378712177
37.08636212348938 125.18134145066142 40.62790382653475 50.86926317214966 131.04648841172457 -27.178342275321484
37.08636212348938 125.18134145066142 40.62790382653475 39.47856879234314 130.46236485615373 -25.478754624724388
37.08636212348938 125.18134145066142 40.62790382653475 45.619667172431946 124.97385125607252 -15.771757334470749
37.08636212348938 125.18134145066142 40.62790382653475 39.32961082458496 134.78627768531442 -33.50093322992325
37.08636212348938 125.18134145066142 40.62790382653475 38.4550963640213 124.32817070186138 -26.672415770590305
37.08636212348938 125.18134145066142 40.62790382653475 49.57548391819 128.98784001916647 -23.323923714458942
37.08636212348938 125.18134145066142 40.62790382653475 44.93891990184784 125.14410960674286 -21.88854541629553
37.08636212348938 125.18134145066142 40.62790382653475 46.18564450740814 126.63280605524778 -31.794969230890274
37.08636212348938 125.18134145066142 40.62790382653475 47.41987204551697 121.37610780447721 -15.604513935744762
37.08636212348938 125.18134145066142 40.62790382653475 49.54214143753052 127.05193389579654 -30.396386943757534
37.08636212348938 125.18134145066142 40.62790382653475 48.74004530906677 126.97382517904043 -23.442916713654995
37.08636212348938 125.18134145066142 40.62790382653475 45.12000524997711 130.86745177954435 -31.870324715971947
37.08636212348938 125.18134145066142 40.62790382653475 39.533602237701416 123.15817660093307 -6.427233658730984
37.08636212348938 125.18134145066142 40.62790382653475 39.10044050216675 134.7639609090984 -31.51422744989395
37.08636212348938 125.18134145066142 40.62790382653475 38.59504520893097 134.14937541261315 -33.59282114356756
37.08636212348938 125.18134145066142 40.62790382653475 50.740965843200684 132.4012842029333 -25.164531409740448
56.74145460128784 119.68180015683174 35.78650872409344 60.003472685813904 122.64176718518138 -21.185625232756138
56.74145460128784 119.68180015683174 35.78650872409344 60.58334696292877 121.09439626708627 -15.095942236483097
56.74145460128784 119.68180015683174 35.78650872409344 57.90064883232117 122.10817293450236 -21.43418388813734
56.74145460128784 119.68180015683174 35.78650872409344 60.44810116291046 124.0523549169302 -24.138578817248344
56.74145460128784 119.68180015683174 35.78650872409344 62.665510177612305 124.59710755571723 -24.88337305188179
56.74145460128784 119.68180015683174 35.78650872409344 60.812517285346985 121.1167130433023 -17.082648016512394
56.74145460128784 119.68180015683174 35.78650872409344 58.58139610290527 121.93791458383203 -15.317395806312561
56.74145460128784 119.68180015683174 35.78650872409344 62.5509250164032 124.58594916760921 -23.89002016186714
56.74145460128784 119.68180015683174 35.78650872409344 58.86438477039337 122.76739198341966 -23.329001754522324
56.74145460128784 119.68180015683174 35.78650872409344 62.78009533882141 124.60826594382524 -25.87672594189644
56.74145460128784 119.68180015683174 35.78650872409344 61.29725193977356 124.70041557773948 -25.04004379361868
56.74145460128784 119.68180015683174 35.78650872409344 60.07795166969299 120.47981077060103 -17.174535930156708
56.74145460128784 119.68180015683174 35.78650872409344 58.76351177692413 121.39027941599488 -23.356106840074062
56.74145460128784 119.68180015683174 35.78650872409344 60.13177001476288 121.28697139397264 -23.199436098337173
56.74145460128784 119.68180015683174 35.78650872409344 59.54513204097748 122.59713363274932 -17.212213672697544
56.74145460128784 119.68180015683174 35.78650872409344 62.04552972316742 123.97136367112398 -25.968613855540752
56.74145460128784 119.68180015683174 35.78650872409344 59.59895038604736 123.40429425612092 -23.23711384087801
56.74145460128784 119.68180015683174 35.78650872409344 58.810566425323486 121.96023136004806 -17.304101586341858
56.74145460128784 119.68180015683174 35.78650872409344 62.03181755542755 125.33731785044074 -24.948155879974365
56.74145460128784 119.68180015683174 35.78650872409344 58.64892661571503 121.37912102788687 -22.362753950059414
55.56226050853729 117.63431015238166 38.64757439494133 61.43249773979187 121.74245692789555 -15.997407212853432
55.56226050853729 117.63431015238166 38.64757439494133 60.812517285346985 121.1167130433023 -17.082648016512394
55.56226050853729 117.63431015238166 38.64757439494133 63.29920279979706 123.85689726099372 -24.818590223789215
55.56226050853729 117.63431015238166 38.64757439494133 62.78009533882141 124.60826594382524 -25.87672594189644
55.56226050853729 117.63431015238166 38.64757439494133 61.18266677856445 124.68925718963146 -24.04669090360403
55.56226050853729 117.63431015238166 38.64757439494133 59.54513204097748 122.59713363274932 -17.212213672697544
55.56226050853729 117.63431015238166 38.64757439494133 61.081793785095215 123.31214462220669 -24.07379598915577
55.56226050853729 117.63431015238166 38.64757439494133 61.94465672969818 122.59425110369921 -25.99571894109249
55.56226050853729 117.63431015238166 38.64757439494133 63.18461763858795 123.8457388728857 -23.825237333774567
55.56226050853729 117.63431015238166 38.64757439494133 58.749799609184265 122.75623359531164 -22.335648864507675
55.56226050853729 117.63431015238166 38.64757439494133 61.830071568489075 122.58309271559119 -25.002366051077843
55.56226050853729 117.63431015238166 38.64757439494133 62.564637184143066 123.21999498829246 -24.91047813743353
55.56226050853729 117.63431015238166 38.64757439494133 61.31096410751343 123.33446139842272 -26.060501769185066
55.56226050853729 117.63431015238166 38.64757439494133 62.14640271663666 125.34847623854876 -25.941508769989014
55.56226050853729 117.63431015238166 38.64757439494133 62.45005202293396 123.20883660018444 -23.91712524741888
55.56226050853729 117.63431015238166 38.64757439494133 60.677271485328674 124.07467169314623 -26.12528459727764
55.56226050853729 117.63431015238166 38.64757439494133 60.05052733421326 123.21171912923455 -15.133619979023933
55.56226050853729 117.63431015238166 38.64757439494133 59.315961718559265 122.57481685653329 -15.225507892668247
55.56226050853729 117.63431015238166 38.64757439494133 61.71548640727997 122.57193432748318 -24.009013161063194
55.56226050853729 117.63431015238166 38.64757439494133 60.69793212413788 121.10555465519428 -16.089295126497746
29.60828733444214 145.25102387741208 33.95056249201298 39.68520259857178 144.15538181364536 -18.25423353910446
29.60828733444214 145.25102387741208 33.95056249201298 37.68325173854828 144.99890013039112 -18.475687108933926
29.60828733444214 145.25102387741208 33.95056249201298 40.9192453622818 140.7390551008284 -25.197131112217903
29.60828733444214 145.25102387741208 33.95056249201298 40.90553319454193 142.10500928014517 -24.176673136651516
29.60828733444214 145.25102387741208 33.95056249201298 39.799787759780884 144.16654020175338 -19.24758642911911
29.60828733444214 145.25102387741208 33.95056249201298 38.53240251541138 145.6469607912004 -19.37715208530426
29.60828733444214 145.25102387741208 33.95056249201298 38.10148620605469 142.87041888013482 -17.44465647637844
29.60828733444214 145.25102387741208 33.95056249201298 37.710676074028015 142.2669917717576 -20.5166030600667
29.60828733444214 145.25102387741208 33.95056249201298 38.062225580215454 136.26669827476144 -33.6304988861084
29.60828733444214 145.25102387741208 33.95056249201298 36.34241783618927 142.37029979377985 -20.67327380180359
29.60828733444214 145.25102387741208 33.95056249201298 39.06522214412689 143.52963792905211 -19.339474342763424
29.60828733444214 145.25102387741208 33.95056249201298 40.790948033332825 142.09385089203715 -23.183320246636868
29.60828733444214 145.25102387741208 33.95056249201298 37.69696390628815 143.63294595107436 -19.496145084500313
29.60828733444214 145.25102387741208 33.95056249201298 38.83605182170868 143.50732115283608 -17.352768562734127
29.60828733444214 145.25102387741208 33.95056249201298 36.94868612289429 144.36199785768986 -18.56757502257824
29.60828733444214 145.25102387741208 33.95056249201298 38.303232192993164 145.62464401498437 -17.390446305274963
29.60828733444214 145.25102387741208 33.95056249201298 38.43152952194214 144.26984822377563 -19.404257170856
29.60828733444214 145.25102387741208 33.95056249201298 36.24154484272003 140.99318722635508 -20.700378887355328
29.60828733444214 145.25102387741208 33.95056249201298 38.202359199523926 144.2475314475596 -17.417551390826702
29.60828733444214 145.25102387741208 33.95056249201298 37.56866657733917 144.9877417422831 -17.482334218919277
33.729865193367004 124.76221361011267 39.22932153940201 42.04094839096069 122.92924378067255 -4.127186395227909
33.729865193367004 124.76221361011267 39.22932153940201 49.65775692462921 120.79211494326591 -29.446671567857265
33.729865193367004 124.76221361011267 39.22932153940201 43.33472764492035 124.98789217323065 -7.98160495609045
33.729865193367004 124.76221361011267 39.22932153940201 50.14944005012512 122.77265461906791 -26.347619898617268
33.729865193367004 124.76221361011267 39.22932153940201 44.7017707824707 132.99593302980065 -32.90135534852743
33.729865193367004 124.76221361011267 39.22932153940201 40.48344123363495 127.02372136712074 -30.434946417808533
33.729865193367004 124.76221361011267 39.22932153940201 38.82524585723877 127.90071484819055 -33.63645865768194
33.729865193367004 124.76221361011267 39.22932153940201 43.22014248371124 124.97673378512263 -6.988252066075802
33.729865193367004 124.76221361011267 39.22932153940201 46.23166882991791 133.4737353399396 -27.686032243072987
33.729865193367004 124.76221361011267 39.22932153940201 41.851699471473694 126.9204133450985 -30.278275676071644
33.729865193367004 124.76221361011267 39.22932153940201 37.32765996456146 135.62979600206017 -33.72238679975271
33.729865193367004 124.76221361011267 39.22932153940201 44.09653282165527 124.73325762525201 -33.063985861837864
33.729865193367004 124.76221361011267 39.22932153940201 45.619667172431946 124.97385125607252 -15.771757334470749
33.729865193367004 124.76221361011267 39.22932153940201 40.08483707904816 132.45406292006373 -23.37305584549904
33.729865193367004 124.76221361011267 39.22932153940201 51.152251839637756 131.8759658113122 -35.189948223531246
33.729865193367004 124.76221361011267 39.22932153940201 38.320035338401794 125.4457578137517 -12.5816994830966
33.729865193367004 124.76221361011267 39.22932153940201 37.82140374183655 125.06838099658489 -26.73719859868288
33.729865193367004 124.76221361011267 39.22932153940201 40.1535826921463 123.78392048552632 -5.3419928550720215
33.729865193367004 124.76221361011267 39.22932153940201 44.87712275981903 132.21108918264508 -28.863160960376263
33.729865193367004 124.76221361011267 39.22932153940201 49.8584725856781 129.8173174187541 -31.335529662668705
41.435049653053284 117.25680264085531 40.03382056206465 49.36781978607178 121.56580040231347 -32.491513065993786
41.435049653053284 117.25680264085531 40.03382056206465 45.20941150188446 119.228192307055 -3.8032722547650337
41.435049653053284 117.25680264085531 40.03382056206465 44.43352460861206 124.52952411025763 -23.96713910996914
41.435049653053284 117.25680264085531 40.03382056206465 45.46479105949402 124.62994960322976 -32.907315120100975
41.435049653053284 117.25680264085531 40.03382056206465 47.08391058444977 115.30886397883296 -22.75829242169857
41.435049653053284 117.25680264085531 40.03382056206465 47.71760320663452 114.56865368410945 -22.693509593605995
41.435049653053284 117.25680264085531 40.03382056206465 50.837135791778564 120.99923340976238 -9.174384370446205
41.435049653053284 117.25680264085531 40.03382056206465 52.65781652927399 116.27274445816875 -22.104504369199276
41.435049653053284 117.25680264085531 40.03382056206465 51.240442991256714 128.3480552174151 -32.1993168964982
41.435049653053284 117.25680264085531 40.03382056206465 46.69103980064392 127.24739155173302 -29.716375537216663
41.435049653053284 117.25680264085531 40.03382056206465 48.202337861061096 118.15235621854663 -30.65090537071228
41.435049653053284 117.25680264085531 40.03382056206465 47.520745038986206 122.75322037190199 -15.577408850193024
41.435049653053284 117.25680264085531 40.03382056206465 47.54019057750702 127.8954522125423 -30.617840513586998
41.435049653053284 117.25680264085531 40.03382056206465 51.0112726688385 128.32573844119906 -30.212611116468906
41.435049653053284 117.25680264085531 40.03382056206465 44.20435428619385 124.5072073340416 -21.980433329939842
41.435049653053284 117.25680264085531 40.03382056206465 50.21715533733368 120.37348952516913 -10.259625174105167
41.435049653053284 117.25680264085531 40.03382056206465 45.87034368515015 117.59644519165158 -28.912758246064186
41.435049653053284 117.25680264085531 40.03382056206465 50.29247987270355 113.78092730790377 -27.438820473849773
41.435049653053284 117.25680264085531 40.03382056206465 50.177894711494446 113.76976891979575 -26.445467583835125
41.435049653053284 117.25680264085531 40.03382056206465 44.93891990184784 125.14410960674286 -21.88854541629553
41.54963481426239 117.26796102896333 39.04046767205 46.719494462013245 118.24450585246086 -29.81422322243452
41.54963481426239 117.26796102896333 39.04046767205 47.872294545173645 116.75292687490582 -28.691304676234722
41.54963481426239 117.26796102896333 39.04046767205 47.55596339702606 113.98754335194826 -27.75216195732355
41.54963481426239 117.26796102896333 39.04046767205 54.13962960243225 122.45157216489315 -24.884254783391953
41.54963481426239 117.26796102896333 39.04046767205 46.828346252441406 111.74747822061181 -16.787602424621582
41.54963481426239 117.26796102896333 39.04046767205 49.41590476036072 115.864775005728 -24.496439546346664
41.54963481426239 117.26796102896333 39.04046767205 47.82439434528351 120.61358073353767 -13.55302532762289
41.54963481426239 117.26796102896333 39.04046767205 43.76648950576782 123.3338282816112 -31.104385167360306
41.54963481426239 117.26796102896333 39.04046767205 47.13772892951965 116.11602460220456 -28.783192589879036
41.54963481426239 117.26796102896333 39.04046767205 47.25231409072876 116.12718299031258 -29.776545479893684
41.54963481426239 117.26796102896333 39.04046767205 49.79892086982727 122.50197077542543 -11.290655806660652
41.54963481426239 117.26796102896333 39.04046767205 50.99859082698822 123.42071527987719 -27.249084874987602
41.54963481426239 117.26796102896333 39.04046767205 45.98492884635925 117.6076035797596 -29.906111136078835
41.54963481426239 117.26796102896333 39.04046767205 49.152546405792236 118.33715790882707 -8.391912393271923
41.54963481426239 117.26796102896333 39.04046767205 49.32874393463135 113.12170825898647 -25.54400260746479
41.54963481426239 117.26796102896333 39.04046767205 50.27670705318451 127.6888361684978 -30.30449903011322
41.54963481426239 117.26796102896333 39.04046767205 46.67159426212311 122.10515971109271 -14.675943873822689
41.54963481426239 117.26796102896333 39.04046767205 47.20441389083862 119.98783684894443 -14.638266131281853
41.54963481426239 117.26796102896333 39.04046767205 43.948789954185486 120.94582157582045 -16.009743332862854
41.54963481426239 117.26796102896333 39.04046767205 51.28955829143524 116.37605248019099 -22.261175110936165
33.168590903282166 135.8824221715331 39.28949148207903 48.57634484767914 138.93466952815652 -32.387705609202385
33.168590903282166 135.8824221715331 39.28949148207903 44.38440930843353 136.50152684748173 -33.90528089553118
33.168590903282166 135.8824221715331 39.28949148207903 38.796791195869446 136.9036005474627 -33.538610972464085
33.168590903282166 135.8824221715331 39.28949148207903 45.00438976287842 137.12727073207498 -32.820040091872215
33.168590903282166 135.8824221715331 39.28949148207903 40.17096757888794 141.4681070074439 -24.26856105029583
33.168590903282166 135.8824221715331 39.28949148207903 42.078993916511536 137.64431326463819 -13.017765119671822
33.168590903282166 135.8824221715331 39.28949148207903 45.72627353668213 132.85914984345436 -29.764625936746597
33.168590903282166 135.8824221715331 39.28949148207903 36.674521803855896 131.22777445614338 -18.746737964451313
33.168590903282166 135.8824221715331 39.28949148207903 36.05454134941101 130.60203057155013 -19.831978768110275
33.168590903282166 135.8824221715331 39.28949148207903 43.41287934780121 141.87607645988464 -21.87662587314844
33.168590903282166 135.8824221715331 39.28949148207903 36.134753704071045 134.94826017692685 -29.840863153338432
33.168590903282166 135.8824221715331 39.28949148207903 40.285552740097046 141.47926539555192 -25.261913940310478
33.168590903282166 135.8824221715331 39.28949148207903 42.90748405456543 141.2614909633994 -23.955219566822052
33.168590903282166 135.8824221715331 39.28949148207903 43.852620005607605 132.34787236899137 -31.999890372157097
33.168590903282166 135.8824221715331 39.28949148207903 47.84177923202515 138.29776725545526 -32.4795935228467
33.168590903282166 135.8824221715331 39.28949148207903 39.24939846992493 130.4400480799377 -23.49204884469509
33.168590903282166 135.8824221715331 39.28949148207903 51.77223229408264 132.50170969590545 -34.104707419872284
33.168590903282166 135.8824221715331 39.28949148207903 48.11800420284271 138.89003597572446 -28.41429404914379
33.168590903282166 135.8824221715331 39.28949148207903 50.822208523750305 130.4765364676714 -33.23034752905369
33.168590903282166 135.8824221715331 39.28949148207903 38.15736520290375 131.13562482222915 -19.583420112729073
32.03156363964081 123.46609228849411 41.03225149214268 43.86633217334747 130.98191818967462 -33.020348347723484
32.03156363964081 123.46609228849411 41.03225149214268 48.503926515579224 128.5546712614596 -32.51265837997198
32.03156363964081 123.46609228849411 41.03225149214268 37.82158851623535 123.22800945863128 -3.6038457304239273
32.03156363964081 123.46609228849411 41.03225149214268 42.20240342617035 125.35072565078735 -22.201886899769306
32.03156363964081 123.46609228849411 41.03225149214268 44.37172746658325 131.59650368615985 -30.941754654049873
32.03156363964081 123.46609228849411 41.03225149214268 50.93679368495941 130.4876948557794 -34.22370041906834
32.03156363964081 123.46609228849411 41.03225149214268 45.16809022426605 125.16642638295889 -23.875251196324825
32.03156363964081 123.46609228849411 41.03225149214268 43.948789954185486 120.94582157582045 -16.009743332862854
32.03156363964081 123.46609228849411 41.03225149214268 37.30821442604065 130.48756416141987 -18.681955136358738
32.03156363964081 123.46609228849411 41.03225149214268 43.6852468252182 125.25857601687312 -23.038569048047066
32.03156363964081 123.46609228849411 41.03225149214268 45.053505063056946 125.15526799485087 -22.881898306310177
32.03156363964081 123.46609228849411 41.03225149214268 51.05137884616852 130.49885324388742 -35.217053309082985
32.03156363964081 123.46609228849411 41.03225149214268 45.739985704422 131.4931956641376 -30.785083912312984
32.03156363964081 123.46609228849411 41.03225149214268 47.54019057750702 127.8954522125423 -30.617840513586998
32.03156363964081 123.46609228849411 41.03225149214268 42.134872913360596 125.90951920673251 -15.156528756022453
32.03156363964081 123.46609228849411 41.03225149214268 38.67073929309845 123.87607011944056 -4.505310706794262
32.03156363964081 123.46609228849411 41.03225149214268 41.21800684928894 127.660623639822 -30.34305850416422
32.03156363964081 123.46609228849411 41.03225149214268 49.643014430999756 128.4290464632213 -30.369281858205795
32.03156363964081 123.46609228849411 41.03225149214268 47.366899251937866 116.13834137842059 -30.769898369908333
32.03156363964081 123.46609228849411 41.03225149214268 48.51866900920868 120.91773974150419 -31.59004808962345
54.32229959964752 116.38282238319516 36.477092787623405 60.44810116291046 124.0523549169302 -24.138578817248344
54.32229959964752 116.38282238319516 36.477092787623405 54.22782075405121 118.92366157099605 -21.89362345635891
54.32229959964752 116.38282238319516 36.477092787623405 57.90064883232117 122.10817293450236 -21.43418388813734
54.32229959964752 116.38282238319516 36.477092787623405 58.53434145450592 121.36796263977885 -21.369401060044765
54.32229959964752 116.38282238319516 36.477092787623405 60.23264300823212 122.66408396139741 -23.172331012785435
54.32229959964752 116.38282238319516 36.477092787623405 58.63521444797516 122.74507520720363 -21.342295974493027
54.32229959964752 116.38282238319516 36.477092787623405 59.36978006362915 123.38197747990489 -21.250408060848713
54.32229959964752 116.38282238319516 36.477092787623405 61.29725193977356 124.70041557773948 -25.04004379361868
54.32229959964752 116.38282238319516 36.477092787623405 61.18266677856445 124.68925718963146 -24.04669090360403
54.32229959964752 116.38282238319516 36.477092787623405 59.43054687976837 122.5859752446413 -16.218860782682896
54.32229959964752 116.38282238319516 36.477092787623405 58.58139610290527 121.93791458383203 -15.317395806312561
54.32229959964752 116.38282238319516 36.477092787623405 55.40701484680176 120.97115157544613 -24.754689127206802
54.32229959964752 116.38282238319516 36.477092787623405 59.54513204097748 122.59713363274932 -17.212213672697544
54.32229959964752 116.38282238319516 36.477092787623405 59.498077392578125 122.02718168869615 -23.26421892642975
54.32229959964752 116.38282238319516 36.477092787623405 59.48436522483826 123.3931358680129 -22.24376095086336
54.32229959964752 116.38282238319516 36.477092787623405 60.003472685813904 122.64176718518138 -21.185625232756138
54.32229959964752 116.38282238319516 36.477092787623405 58.810566425323486 121.96023136004806 -17.304101586341858
54.32229959964752 116.38282238319516 36.477092787623405 59.59895038604736 123.40429425612092 -23.23711384087801
54.32229959964752 116.38282238319516 36.477092787623405 58.12981915473938 122.1304897107184 -23.420889668166637
54.32229959964752 116.38282238319516 36.477092787623405 61.411837100982666 124.71157396584749 -26.033396683633327
38.00999188423157 123.66744569689035 43.73752815276384 48.800812125205994 126.17782294377685 -18.411369435489178
38.00999188423157 123.66744569689035 43.73752815276384 42.187660932540894 132.98765717074275 -23.124497190117836
38.00999188423157 123.66744569689035 43.73752815276384 49.38641977310181 131.1386380456388 -26.341660127043724
38.00999188423157 123.66744569689035 43.73752815276384 50.492165207862854 129.0771071240306 -31.27074683457613
38.00999188423157 123.66744569689035 43.73752815276384 45.937028646469116 121.46825743839145 -14.767831787467003
38.00999188423157 123.66744569689035 43.73752815276384 38.609787702560425 126.51244389265776 -32.67021085321903
38.00999188423157 123.66744569689035 43.73752815276384 46.346253991127014 133.4848937280476 -28.679385133087635
38.00999188423157 123.66744569689035 43.73752815276384 43.32204580307007 120.08286901190877 -5.018078714609146
38.00999188423157 123.66744569689035 43.73752815276384 47.97316753864288 118.1300394423306 -28.664199590682983
38.00999188423157 123.66744569689035 43.73752815276384 40.098549246788025 131.08810874074697 -24.393513821065426
38.00999188423157 123.66744569689035 43.73752815276384 41.35325264930725 124.70266498997808 -21.30042192339897
38.00999188423157 123.66744569689035 43.73752815276384 45.72627353668213 132.85914984345436 -29.764625936746597
38.00999188423157 123.66744569689035 43.73752815276384 47.919349193573 117.322878818959 -22.639299422502518
38.00999188423157 123.66744569689035 43.73752815276384 40.05270969867706 122.40680791810155 -5.36909794062376
38.00999188423157 123.66744569689035 43.73752815276384 47.99176752567291 127.70287708565593 -22.51434665173292
38.00999188423157 123.66744569689035 43.73752815276384 47.31899905204773 119.99899523705244 -15.631619021296501
38.00999188423157 123.66744569689035 43.73752815276384 50.209176540374756 128.24762972444296 -23.259140886366367
38.00999188423157 123.66744569689035 43.73752815276384 42.48557686805725 124.33983151242137 -7.080139979720116
38.00999188423157 123.66744569689035 43.73752815276384 41.851699471473694 126.9204133450985 -30.278275676071644
38.00999188423157 123.66744569689035 43.73752815276384 38.844876170158386 131.20257515087724 -25.543537452816963
34.85524094104767 126.00254299119115 42.39315603673458 44.600897789001465 131.61882046237588 -32.92846043407917
34.85524094104767 126.00254299119115 42.39315603673458 36.05454134941101 130.60203057155013 -19.831978768110275
34.85524094104767 126.00254299119115 42.39315603673458 49.13761913776398 127.81446096673608 -32.447875551879406
34.85524094104767 126.00254299119115 42.39315603673458 45.6243702173233 137.75301461666822 -31.734799288213253
34.85524094104767 126.00254299119115 42.39315603673458 39.97804594039917 126.40913587063551 -32.51354011148214
34.85524094104767 126.00254299119115 42.39315603673458 37.87522208690643 125.8755416199565 -32.762098766863346
34.85524094104767 126.00254299119115 42.39315603673458 39.45809292793274 131.59111035615206 -12.38139122724533
34.85524094104767 126.00254299119115 42.39315603673458 43.33472764492035 124.98789217323065 -7.98160495609045
34.85524094104767 126.00254299119115 42.39315603673458 47.54019057750702 127.8954522125423 -30.617840513586998
34.85524094104767 126.00254299119115 42.39315603673458 43.96720516681671 132.3590307570994 -32.993243262171745
34.85524094104767 126.00254299119115 42.39315603673458 50.17686438560486 120.04074626043439 -28.388535849750042
34.85524094104767 126.00254299119115 42.39315603673458 50.86926317214966 131.04648841172457 -27.178342275321484
34.85524094104767 126.00254299119115 42.39315603673458 45.8340950012207 132.63309955224395 -18.681073404848576
34.85524094104767 126.00254299119115 42.39315603673458 49.460898756980896 128.97668163105845 -22.330570824444294
34.85524094104767 126.00254299119115 42.39315603673458 46.5040363073349 116.85623489692807 -28.84797541797161
34.85524094104767 126.00254299119115 42.39315603673458 40.725478172302246 130.11068976670504 -12.25182557106018
34.85524094104767 126.00254299119115 42.39315603673458 46.071059346199036 126.62164766713977 -30.801616340875626
34.85524094104767 126.00254299119115 42.39315603673458 41.56768047809601 132.3619132861495 -24.2097379937768
34.85524094104767 126.00254299119115 42.39315603673458 47.797815561294556 118.91488328948617 -32.70239397883415
34.85524094104767 126.00254299119115 42.39315603673458 44.41981244087219 125.89547828957438 -22.946681134402752
21.979642510414124 138.05252375081182 41.0432893037796 37.00353479385376 138.89818114042282 -22.649406924843788
21.979642510414124 138.05252375081182 41.0432893037796 32.797887086868286 137.8309926390648 -23.146524235606194
21.979642510414124 138.05252375081182 41.0432893037796 36.24933886528015 134.95941856503487 -30.83421604335308
21.979642510414124 138.05252375081182 41.0432893037796 38.365874886512756 134.12705863639712 -31.606115363538265
21.979642510414124 138.05252375081182 41.0432893037796 35.6156462430954 135.69962885975838 -30.898998871445656
21.979642510414124 138.05252375081182 41.0432893037796 39.83500611782074 135.40086318179965 -31.422339536249638
21.979642510414124 138.05252375081182 41.0432893037796 39.201313495635986 136.14107347652316 -31.487122364342213
21.979642510414124 138.05252375081182 41.0432893037796 36.97611045837402 141.63008949905634 -20.608490973711014
21.979642510414124 138.05252375081182 41.0432893037796 35.40018808841705 134.3113579042256 -29.932751066982746
21.979642510414124 138.05252375081182 41.0432893037796 33.41786754131317 138.45673652365804 -22.06128343194723
21.979642510414124 138.05252375081182 41.0432893037796 32.898760080337524 139.20810520648956 -23.119419150054455
21.979642510414124 138.05252375081182 41.0432893037796 37.84676742553711 134.87842731922865 -32.66425108164549
21.979642510414124 138.05252375081182 41.0432893037796 38.56762087345123 136.88128377124667 -31.551905192434788
21.979642510414124 138.05252375081182 41.0432893037796 34.43645215034485 133.6521388553083 -28.037933200597763
21.979642510414124 138.05252375081182 41.0432893037796 36.23562669754028 136.32537274435163 -29.813758067786694
21.979642510414124 138.05252375081182 41.0432893037796 36.02016854286194 134.93710178881884 -28.847510263323784
21.979642510414124 138.05252375081182 41.0432893037796 36.383554339408875 138.27243725582957 -23.73464772850275
21.979642510414124 138.05252375081182 41.0432893037796 39.32961082458496 134.78627768531442 -33.50093322992325
21.979642510414124 138.05252375081182 41.0432893037796 34.66562247276306 133.67445563152432 -30.02463898062706
21.979642510414124 138.05252375081182 41.0432893037796 37.732182264328 134.86726893112063 -31.67089819163084
42.15590310096741 119.25965909287333 41.14616645127535 50.53348648548126 123.1388730481267 -11.198767893016338
42.15590310096741 119.25965909287333 41.14616645127535 51.68628656864166 121.64729407057166 -10.07584934681654
42.15590310096741 119.25965909287333 41.14616645127535 49.238492131233215 129.19157353416085 -32.42077046632767
42.15590310096741 119.25965909287333 41.14616645127535 49.65202355384827 114.28392892330885 -15.426697880029678
42.15590310096741 119.25965909287333 41.14616645127535 50.9380087852478 122.37634597718716 -9.147279284894466
42.15590310096741 119.25965909287333 41.14616645127535 43.84791696071625 119.56870900839567 -16.036848418414593
42.15590310096741 119.25965909287333 41.14616645127535 53.05454480648041 121.54398604854941 -9.91917860507965
42.15590310096741 119.25965909287333 41.14616645127535 50.89771783351898 122.04360271245241 -27.27618996053934
42.15590310096741 119.25965909287333 41.14616645127535 44.66287970542908 122.71146934852004 -2.820492021739483
42.15590310096741 119.25965909287333 41.14616645127535 48.92422163486481 113.88423532992601 -27.595491215586662
42.15590310096741 119.25965909287333 41.14616645127535 45.21617519855499 119.46540098637342 -15.880177676677704
42.15590310096741 119.25965909287333 41.14616645127535 48.85463047027588 126.98498356714845 -24.436269603669643
42.15590310096741 119.25965909287333 41.14616645127535 44.57571887969971 119.96840260177851 -3.868055082857609
42.15590310096741 119.25965909287333 41.14616645127535 44.09653282165527 124.73325762525201 -33.063985861837864
42.15590310096741 119.25965909287333 41.14616645127535 48.95550346374512 128.36209613457322 -24.409164518117905
42.15590310096741 119.25965909287333 41.14616645127535 44.69030404090881 119.97956098988652 -4.861407972872257
42.15590310096741 119.25965909287333 41.14616645127535 46.618621468544006 116.86739328503609 -29.84132830798626
42.15590310096741 119.25965909287333 41.14616645127535 49.77252686023712 118.96290179342031 -7.306671589612961
42.15590310096741 119.25965909287333 41.14616645127535 53.68823742866516 120.8037757538259 -9.854395776987076
42.15590310096741 119.25965909287333 41.14616645127535 50.14944005012512 122.77265461906791 -26.347619898617268
29.191083192825317 141.10852778702974 34.86260012537241 33.53245270252228 138.46789491176605 -23.05463632196188
29.191083192825317 141.10852778702974 34.86260012537241 37.32765996456146 135.62979600206017 -33.72238679975271
29.191083192825317 141.10852778702974 34.86260012537241 35.87139534950256 137.4206430800259 -13.736336000263691
29.191083192825317 141.10852778702974 34.86260012537241 43.63613152503967 137.23057875409722 -32.976710833609104
29.191083192825317 141.10852778702974 34.86260012537241 34.16614532470703 137.72768461704254 -22.989853493869305
29.191083192825317 141.10852778702974 34.86260012537241 37.710676074028015 142.2669917717576 -20.5166030600667
29.191083192825317 141.10852778702974 34.86260012537241 43.535258531570435 135.85346618667245 -33.00381591916084
29.191083192825317 141.10852778702974 34.86260012537241 38.43152952194214 144.26984822377563 -19.404257170856
29.191083192825317 141.10852778702974 34.86260012537241 39.799787759780884 144.16654020175338 -19.24758642911911
29.191083192825317 141.10852778702974 34.86260012537241 34.86736845970154 136.42868076637387 -29.970428809523582
29.191083192825317 141.10852778702974 34.86260012537241 45.00438976287842 137.12727073207498 -32.820040091872215
29.191083192825317 141.10852778702974 34.86260012537241 36.83410096168518 144.35083946958184 -17.57422213256359
29.191083192825317 141.10852778702974 34.86260012537241 38.48046004772186 134.13821702450514 -32.599468253552914
29.191083192825317 141.10852778702974 34.86260012537241 42.17291843891144 140.62458869069815 -24.047107480466366
29.191083192825317 141.10852778702974 34.86260012537241 38.365874886512756 134.12705863639712 -31.606115363538265
29.191083192825317 141.10852778702974 34.86260012537241 42.38837659358978 142.01285964623094 -25.013355284929276
29.191083192825317 141.10852778702974 34.86260012537241 38.950636982917786 143.5184795409441 -18.346121452748775
29.191083192825317 141.10852778702974 34.86260012537241 36.383554339408875 138.27243725582957 -23.73464772850275
29.191083192825317 141.10852778702974 34.86260012537241 40.285552740097046 141.47926539555192 -25.261913940310478
29.191083192825317 141.10852778702974 34.86260012537241 37.354238748550415 137.32849344611168 -14.57301814854145
29.621999502182007 143.88506969809532 32.93010451644659 41.438352823257446 139.98768641799688 -24.13899539411068
29.621999502182007 143.88506969809532 32.93010451644659 37.83305525779724 136.2443814985454 -31.6437931060791
29.621999502182007 143.88506969809532 32.93010451644659 42.17291843891144 140.62458869069815 -24.047107480466366
29.621999502182007 143.88506969809532 32.93010451644659 38.216071367263794 142.88157726824284 -18.43800936639309
29.621999502182007 143.88506969809532 32.93010451644659 38.062225580215454 136.26669827476144 -33.6304988861084
29.621999502182007 143.88506969809532 32.93010451644659 39.57061743736267 144.14422342553735 -17.260880649089813
29.621999502182007 143.88506969809532 32.93010451644659 37.797836899757385 145.01005851849914 -19.469039998948574
29.621999502182007 143.88506969809532 32.93010451644659 40.17096757888794 141.4681070074439 -24.26856105029583
29.621999502182007 143.88506969809532 32.93010451644659 37.710676074028015 142.2669917717576 -20.5166030600667
29.621999502182007 143.88506969809532 32.93010451644659 38.31694436073303 144.2586898356676 -18.41090428084135
29.621999502182007 143.88506969809532 32.93010451644659 39.860554575920105 143.3705379664898 -14.216039150953293
29.621999502182007 143.88506969809532 32.93010451644659 36.26896917819977 138.26127886772156 -22.741294838488102
29.621999502182007 143.88506969809532 32.93010451644659 40.80466020107269 140.7278967127204 -24.203778222203255
29.621999502182007 143.88506969809532 32.93010451644659 37.60980308055878 140.88987920433283 -20.54370814561844
29.621999502182007 143.88506969809532 32.93010451644659 41.42464065551758 141.35364059731364 -23.118537418544292
29.621999502182007 143.88506969809532 32.93010451644659 36.34241783618927 142.37029979377985 -20.67327380180359
29.621999502182007 143.88506969809532 32.93010451644659 41.02011835575104 142.11616766825318 -25.170026026666164
29.621999502182007 143.88506969809532 32.93010451644659 37.09069561958313 141.64124788716435 -21.601843863725662
29.621999502182007 143.88506969809532 32.93010451644659 36.94868612289429 144.36199785768986 -18.56757502257824
29.621999502182007 143.88506969809532 32.93010451644659 37.68325173854828 144.99890013039112 -18.475687108933926
44.562376260757446 117.65361370518804 43.419108629226685 48.782212138175964 116.60498530045152 -24.56122237443924
44.562376260757446 117.65361370518804 43.419108629226685 53.80282258987427 120.81493414193392 -10.847748667001724
44.562376260757446 117.65361370518804 43.419108629226685 50.29247987270355 113.78092730790377 -27.438820473849773
44.562376260757446 117.65361370518804 43.419108629226685 49.186734437942505 115.84245822951198 -22.509733766317368
44.562376260757446 117.65361370518804 43.419108629226685 49.684335708618164 122.49081238731742 -10.297302916646004
44.562376260757446 117.65361370518804 43.419108629226685 51.28955829143524 116.37605248019099 -22.261175110936165
44.562376260757446 117.65361370518804 43.419108629226685 50.07599139213562 118.66363369300961 -28.41564093530178
44.562376260757446 117.65361370518804 43.419108629226685 48.08775269985199 118.14119783043861 -29.657552480697632
44.562376260757446 117.65361370518804 43.419108629226685 48.633254170417786 120.92889812961221 -32.5834009796381
44.562376260757446 117.65361370518804 43.419108629226685 54.65300369262695 115.19201746210456 -9.806145377457142
44.562376260757446 117.65361370518804 43.419108629226685 47.4061598777771 122.74206198379397 -14.584055960178375
44.562376260757446 117.65361370518804 43.419108629226685 46.57072126865387 120.72804714366794 -14.703048959374428
44.562376260757446 117.65361370518804 43.419108629226685 59.36978006362915 123.38197747990489 -21.250408060848713
44.562376260757446 117.65361370518804 43.419108629226685 54.76758885383606 115.20317585021257 -10.79949826747179
44.562376260757446 117.65361370518804 43.419108629226685 52.95367181301117 120.16687348112464 -9.94628369063139
44.562376260757446 117.65361370518804 43.419108629226685 49.630332589149475 123.52402330189943 -27.40575561672449
44.562376260757446 117.65361370518804 43.419108629226685 47.33947491645813 118.87024973705411 -28.72898241877556
44.562376260757446 117.65361370518804 43.419108629226685 49.06435525417328 121.86506850272417 -11.382543720304966
44.562376260757446 117.65361370518804 43.419108629226685 48.55999028682709 114.9795056656003 -11.51806914806366
44.562376260757446 117.65361370518804 43.419108629226685 48.45216882228851 115.20555595681071 -22.60162167996168
45.28322970867157 119.65647015720606 44.531454518437386 60.17882466316223 121.85692333802581 -17.14743084460497
45.28322970867157 119.65647015720606 44.531454518437386 45.45107889175415 125.99590378254652 -31.886857144534588
45.28322970867157 119.65647015720606 44.531454518437386 58.749799609184265 122.75623359531164 -22.335648864507675
45.28322970867157 119.65647015720606 44.531454518437386 47.56864523887634 118.89256651327014 -30.715688198804855
45.28322970867157 119.65647015720606 44.531454518437386 49.87218475341797 128.45136323943734 -32.35598763823509
45.28322970867157 119.65647015720606 44.531454518437386 47.898688554763794 120.29199585691094 -32.67528889328241
45.28322970867157 119.65647015720606 44.531454518437386 47.71760320663452 114.56865368410945 -22.693509593605995
45.28322970867157 119.65647015720606 44.531454518437386 59.32967388629913 121.20886267721653 -16.245965868234634
45.28322970867157 119.65647015720606 44.531454518437386 52.54323136806488 116.26158607006073 -21.111151479184628
45.28322970867157 119.65647015720606 44.531454518437386 48.835184931755066 121.84275172650814 -9.395837940275669
45.28322970867157 119.65647015720606 44.531454518437386 59.38349223136902 122.01602330058813 -22.2708660364151
45.28322970867157 119.65647015720606 44.531454518437386 50.93679368495941 130.4876948557794 -34.22370041906834
45.28322970867157 119.65647015720606 44.531454518437386 53.37866997718811 118.27560091018677 -20.992158479988575
45.28322970867157 119.65647015720606 44.531454518437386 48.68622696399689 126.16666455566883 -17.41801654547453
45.28322970867157 119.65647015720606 44.531454518437386 44.19740581512451 126.11037019267678 -33.036880776286125
45.28322970867157 119.65647015720606 44.531454518437386 50.822208523750305 130.4765364676714 -33.23034752905369
45.28322970867157 119.65647015720606 44.531454518437386 54.98775005340576 129.37061016634107 -27.728788025677204
45.28322970867157 119.65647015720606 44.531454518437386 48.90168511867523 127.55493551120162 -18.38426434993744
45.28322970867157 119.65647015720606 44.531454518437386 45.6871976852417 124.41505770012736 -22.8171154782176
45.28322970867157 119.65647015720606 44.531454518437386 52.02412390708923 117.01295475289226 -22.16928719729185
46.03150749206543 118.92741825059056 43.60288445651531 51.12585783004761 128.33689682930708 -31.205964006483555
46.03150749206543 118.92741825059056 43.60288445651531 47.946773529052734 114.59097046032548 -24.680215373635292
46.03150749206543 118.92741825059056 43.60288445651531 49.03796124458313 118.32599952071905 -7.398559503257275
46.03150749206543 118.92741825059056 43.60288445651531 60.86633563041687 121.9238736666739 -23.10754818469286
46.03150749206543 118.92741825059056 43.60288445651531 47.32679307460785 113.96522657573223 -25.765456177294254
46.03150749206543 118.92741825059056 43.60288445651531 50.26402521133423 122.78381300717592 -27.340972788631916
46.03150749206543 118.92741825059056 43.60288445651531 51.188685297966 114.99893991276622 -22.288280196487904
46.03150749206543 118.92741825059056 43.60288445651531 46.786179423332214 122.11631809920073 -15.669296763837337
46.03150749206543 118.92741825059056 43.60288445651531 47.98687970638275 116.76408526301384 -29.68465756624937
46.03150749206543 118.92741825059056 43.60288445651531 57.90064883232117 122.10817293450236 -21.43418388813734
46.03150749206543 118.92741825059056 43.60288445651531 61.830071568489075 122.58309271559119 -25.002366051077843
46.03150749206543 118.92741825059056 43.60288445651531 53.06928730010986 113.90705452859402 -8.996568314731121
46.03150749206543 118.92741825059056 43.60288445651531 54.10544157028198 124.94627184420824 -10.766433410346508
46.03150749206543 118.92741825059056 43.60288445651531 47.872294545173645 116.75292687490582 -28.691304676234722
46.03150749206543 118.92741825059056 43.60288445651531 49.743887424468994 129.80615903064609 -30.342176772654057
46.03150749206543 118.92741825059056 43.60288445651531 50.492165207862854 129.0771071240306 -31.27074683457613
46.03150749206543 118.92741825059056 43.60288445651531 62.45005202293396 123.20883660018444 -23.91712524741888
46.03150749206543 118.92741825059056 43.60288445651531 54.98775005340576 129.37061016634107 -27.728788025677204
46.03150749206543 118.92741825059056 43.60288445651531 59.55086541175842 129.10531965270638 -31.23218736052513
46.03150749206543 118.92741825059056 43.60288445651531 52.85956251621246 119.0269695930183 -22.0502941980958
30.444756269454956 140.99406137689948 36.01262375712395 34.7664954662323 135.0515681989491 -29.99753389507532
30.444756269454956 140.99406137689948 36.01262375712395 36.97611045837402 141.63008949905634 -20.608490973711014
30.444756269454956 140.99406137689948 36.01262375712395 47.72719407081604 138.28660886734724 -31.48624063283205
30.444756269454956 140.99406137689948 36.01262375712395 40.5951201915741 144.00744023919106 -14.124151237308979
30.444756269454956 140.99406137689948 36.01262375712395 45.00438976287842 137.12727073207498 -32.820040091872215
30.444756269454956 140.99406137689948 36.01262375712395 39.83500611782074 135.40086318179965 -31.422339536249638
30.444756269454956 140.99406137689948 36.01262375712395 44.38440930843353 136.50152684748173 -33.90528089553118
30.444756269454956 140.99406137689948 36.01262375712395 36.23562669754028 136.32537274435163 -29.813758067786694
30.444756269454956 140.99406137689948 36.01262375712395 45.6243702173233 137.75301461666822 -31.734799288213253
30.444756269454956 140.99406137689948 36.01262375712395 37.56866657733917 144.9877417422831 -17.482334218919277
30.444756269454956 140.99406137689948 36.01262375712395 39.57061743736267 144.14422342553735 -17.260880649089813
30.444756269454956 140.99406137689948 36.01262375712395 36.201438665390015 138.82007242366672 -15.695936694741249
30.444756269454956 140.99406137689948 36.01262375712395 38.365874886512756 134.12705863639712 -31.606115363538265
30.444756269454956 140.99406137689948 36.01262375712395 46.864331126213074 139.00450238585472 -29.56431768089533
30.444756269454956 140.99406137689948 36.01262375712395 43.2982941865921 141.86491807177663 -20.883272983133793
30.444756269454956 140.99406137689948 36.01262375712395 41.32376766204834 139.97652802988887 -23.14564250409603
30.444756269454956 140.99406137689948 36.01262375712395 43.63613152503967 137.23057875409722 -32.976710833609104
30.444756269454956 140.99406137689948 36.01262375712395 41.65381097793579 141.37595737352967 -25.10524319857359
30.444756269454956 140.99406137689948 36.01262375712395 38.43152952194214 144.26984822377563 -19.404257170856
30.444756269454956 140.99406137689948 36.01262375712395 43.535258531570435 135.85346618667245 -33.00381591916084
33.33905506134033 124.15878650173545 36.15737495571375 40.834145188331604 125.4540336728096 -22.358557641506195
33.33905506134033 124.15878650173545 36.15737495571375 39.41901707649231 123.14701821282506 -5.433880768716335
33.33905506134033 124.15878650173545 36.15737495571375 41.0027334690094 124.4319811463356 -6.243457831442356
33.33905506134033 124.15878650173545 36.15737495571375 41.851699471473694 126.9204133450985 -30.278275676071644
33.33905506134033 124.15878650173545 36.15737495571375 39.20337414741516 123.59911879524589 -27.60098583251238
33.33905506134033 124.15878650173545 36.15737495571375 47.56864523887634 118.89256651327014 -30.715688198804855
33.33905506134033 124.15878650173545 36.15737495571375 38.844876170158386 131.20257515087724 -25.543537452816963
33.33905506134033 124.15878650173545 36.15737495571375 50.50587737560272 127.71115294471383 -32.29120481014252
33.33905506134033 124.15878650173545 36.15737495571375 39.12889516353607 125.76107520982623 -31.61207513511181
33.33905506134033 124.15878650173545 36.15737495571375 49.36781978607178 121.56580040231347 -32.491513065993786
33.33905506134033 124.15878650173545 36.15737495571375 49.669408440589905 131.96811544522643 -34.35326607525349
33.33905506134033 124.15878650173545 36.15737495571375 38.21118354797363 131.94278544560075 -25.60832028090954
33.33905506134033 124.15878650173545 36.15737495571375 43.86633217334747 130.98191818967462 -33.020348347723484
33.33905506134033 124.15878650173545 36.15737495571375 49.77131175994873 127.07425067201257 -32.38309272378683
33.33905506134033 124.15878650173545 36.15737495571375 38.4550963640213 124.32817070186138 -26.672415770590305
33.33905506134033 124.15878650173545 36.15737495571375 37.87522208690643 125.8755416199565 -32.762098766863346
33.33905506134033 124.15878650173545 36.15737495571375 38.48046004772186 134.13821702450514 -32.599468253552914
33.33905506134033 124.15878650173545 36.15737495571375 40.1535826921463 123.78392048552632 -5.3419928550720215
33.33905506134033 124.15878650173545 36.15737495571375 45.45107889175415 125.99590378254652 -31.886857144534588
33.33905506134033 124.15878650173545 36.15737495571375 39.36398363113403 130.4512064680457 -24.48540173470974
44.475215435028076 114.9105469584465 42.37154556810856 47.898688554763794 120.29199585691094 -32.67528889328241
44.475215435028076 114.9105469584465 42.37154556810856 49.55791425704956 113.1440250352025 -27.530708387494087
44.475215435028076 114.9105469584465 42.37154556810856 54.13962960243225 122.45157216489315 -24.884254783391953
44.475215435028076 114.9105469584465 42.37154556810856 55.80580377578735 113.70043848454952 -8.683226831257343
44.475215435028076 114.9105469584465 42.37154556810856 47.31899905204773 119.99899523705244 -15.631619021296501
44.475215435028076 114.9105469584465 42.37154556810856 47.20441389083862 119.98783684894443 -14.638266131281853
44.475215435028076 114.9105469584465 42.37154556810856 52.77935016155243 114.68073998764157 -12.041409812867641
44.475215435028076 114.9105469584465 42.37154556810856 48.91050946712494 115.25018950924277 -26.575033240020275
44.475215435028076 114.9105469584465 42.37154556810856 51.84303855895996 111.28961258009076 -12.187507897615433
44.475215435028076 114.9105469584465 42.37154556810856 49.079097747802734 114.22813698276877 -10.459933429956436
44.475215435028076 114.9105469584465 42.37154556810856 50.28571617603302 113.54371862858534 -15.361915051937103
44.475215435028076 114.9105469584465 42.37154556810856 48.917457938194275 113.64702665060759 -15.518585793673992
44.475215435028076 114.9105469584465 42.37154556810856 47.69120919704437 111.02958470210433 -18.709525376558304
44.475215435028076 114.9105469584465 42.37154556810856 45.46008801460266 111.85078624263406 -16.94427316635847
44.475215435028076 114.9105469584465 42.37154556810856 53.11042380332947 109.80919199064374 -12.057942241430283
44.475215435028076 114.9105469584465 42.37154556810856 50.06330955028534 113.75861053168774 -25.452114693820477
44.475215435028076 114.9105469584465 42.37154556810856 49.69804787635803 121.12485820800066 -11.317760892212391
44.475215435028076 114.9105469584465 42.37154556810856 53.81756508350372 113.17800262197852 -9.925138376653194
44.475215435028076 114.9105469584465 42.37154556810856 49.76660871505737 114.29508731141686 -16.420050770044327
44.475215435028076 114.9105469584465 42.37154556810856 48.92337608337402 118.31484113261104 -6.405206613242626
36.35179650783539 124.54443917796016 40.536015912890434 49.36781978607178 121.56580040231347 -32.491513065993786
36.35179650783539 124.54443917796016 40.536015912890434 39.32961082458496 134.78627768531442 -33.50093322992325
36.35179650783539 124.54443917796016 40.536015912890434 41.63642609119415 123.69177085161209 -6.178675003349781
36.35179650783539 124.54443917796016 40.536015912890434 50.1209853887558 131.77554031834006 -26.24977221339941
36.35179650783539 124.54443917796016 40.536015912890434 48.15443766117096 122.01301007717848 -15.512626022100449
36.35179650783539 124.54443917796016 40.536015912890434 50.291449546813965 120.0519046485424 -29.38188873976469
36.35179650783539 124.54443917796016 40.536015912890434 37.31600844860077 124.45379550009966 -28.81579229235649
36.35179650783539 124.54443917796016 40.536015912890434 45.22087824344635 132.24456434696913 -31.843219630420208
36.35179650783539 124.54443917796016 40.536015912890434 42.04094839096069 122.92924378067255 -4.127186395227909
36.35179650783539 124.54443917796016 40.536015912890434 48.74004530906677 126.97382517904043 -23.442916713654995
36.35179650783539 124.54443917796016 40.536015912890434 39.36398363113403 130.4512064680457 -24.48540173470974
36.35179650783539 124.54443917796016 40.536015912890434 40.94770002365112 131.73616940155625 -25.29497879743576
36.35179650783539 124.54443917796016 40.536015912890434 47.43255388736725 126.2811309657991 -18.568040177226067
36.35179650783539 124.54443917796016 40.536015912890434 38.46880853176117 122.96221652254462 -27.692873746156693
36.35179650783539 124.54443917796016 40.536015912890434 38.42090833187103 126.82287038117647 -12.55459439754486
36.35179650783539 124.54443917796016 40.536015912890434 40.2063707113266 130.86205844953656 -13.309961289167404
36.35179650783539 124.54443917796016 40.536015912890434 37.82140374183655 125.06838099658489 -26.73719859868288
36.35179650783539 124.54443917796016 40.536015912890434 50.14944005012512 122.77265461906791 -26.347619898617268
36.35179650783539 124.54443917796016 40.536015912890434 40.81940269470215 133.090965192765 -23.281167931854725
36.35179650783539 124.54443917796016 40.536015912890434 39.47180509567261 130.2251561768353 -13.401849202811718
45.10890805721283 114.17033666372299 42.436328396201134 57.962445974349976 115.04119335860014 -14.459568344056606
45.10890805721283 114.17033666372299 42.436328396201134 46.093780636787415 111.11057594791055 -16.879490338265896
45.10890805721283 114.17033666372299 42.436328396201134 48.80860614776611 120.14405428245664 -28.54520659148693
45.10890805721283 114.17033666372299 42.436328396201134 49.76660871505737 114.29508731141686 -16.420050770044327
45.10890805721283 114.17033666372299 42.436328396201134 46.828346252441406 111.74747822061181 -16.787602424621582
45.10890805721283 114.17033666372299 42.436328396201134 50.99859082698822 123.42071527987719 -27.249084874987602
45.10890805721283 114.17033666372299 42.436328396201134 57.84786081314087 115.03003497049212 -13.466215454041958
45.10890805721283 114.17033666372299 42.436328396201134 47.97316753864288 118.1300394423306 -28.664199590682983
45.10890805721283 114.17033666372299 42.436328396201134 50.92514216899872 119.3116943538189 -29.317105911672115
45.10890805721283 114.17033666372299 42.436328396201134 53.11042380332947 109.80919199064374 -12.057942241430283
45.10890805721283 114.17033666372299 42.436328396201134 48.189656019210815 113.24733305722475 -27.687379129230976
45.10890805721283 114.17033666372299 42.436328396201134 45.57467317581177 111.86194463074207 -17.93762605637312
45.10890805721283 114.17033666372299 42.436328396201134 57.86157298088074 113.66408079117537 -14.486673429608345
45.10890805721283 114.17033666372299 42.436328396201134 47.31899905204773 119.99899523705244 -15.631619021296501
45.10890805721283 114.17033666372299 42.436328396201134 51.28955829143524 116.37605248019099 -22.261175110936165
45.10890805721283 114.17033666372299 42.436328396201134 46.20836579799652 111.12173433601856 -17.872843228280544
45.10890805721283 114.17033666372299 42.436328396201134 48.681339144706726 115.22787273302674 -24.58832745999098
45.10890805721283 114.17033666372299 42.436328396201134 49.36781978607178 121.56580040231347 -32.491513065993786
45.10890805721283 114.17033666372299 42.436328396201134 52.55694353580475 114.89563189074397 -22.131609454751015
45.10890805721283 114.17033666372299 42.436328396201134 51.80866575241089 115.62468379735947 -21.20303939282894
44.14414179325104 119.78209495544434 42.3880779966712 50.95172095298767 121.0103917978704 -10.167737260460854
44.14414179325104 119.78209495544434 42.3880779966712 47.951661348342896 125.52976228296757 -17.509904459118843
44.14414179325104 119.78209495544434 42.3880779966712 49.25915277004242 126.2224564962089 -22.38478099554777
44.14414179325104 119.78209495544434 42.3880779966712 53.37866997718811 118.27560091018677 -20.992158479988575
44.14414179325104 119.78209495544434 42.3880779966712 58.01523399353027 122.11933132261038 -22.42753677815199
44.14414179325104 119.78209495544434 42.3880779966712 49.429616928100586 114.49882082641125 -25.51689752191305
44.14414179325104 119.78209495544434 42.3880779966712 45.32399666309357 119.23935069516301 -4.796625144779682
44.14414179325104 119.78209495544434 42.3880779966712 54.773322224617004 121.71136187016964 -24.819471955299377
44.14414179325104 119.78209495544434 42.3880779966712 59.38349223136902 122.01602330058813 -22.2708660364151
44.14414179325104 119.78209495544434 42.3880779966712 48.53256595134735 117.71141402423382 -9.477153196930885
44.14414179325104 119.78209495544434 42.3880779966712 50.822208523750305 130.4765364676714 -33.23034752905369
44.14414179325104 119.78209495544434 42.3880779966712 46.67938828468323 116.0713910497725 -24.809781029820442
44.14414179325104 119.78209495544434 42.3880779966712 47.83218836784363 114.57981207221746 -23.686862483620644
44.14414179325104 119.78209495544434 42.3880779966712 49.238492131233215 129.19157353416085 -32.42077046632767
44.14414179325104 119.78209495544434 42.3880779966712 47.41987204551697 121.37610780447721 -15.604513935744762
44.14414179325104 119.78209495544434 42.3880779966712 50.21715533733368 120.37348952516913 -10.259625174105167
44.14414179325104 119.78209495544434 42.3880779966712 46.03113794326782 122.6081613264978 -2.663821280002594
44.14414179325104 119.78209495544434 42.3880779966712 50.28571617603302 113.54371862858534 -15.361915051937103
44.14414179325104 119.78209495544434 42.3880779966712 48.06135869026184 114.6021288484335 -25.67356826364994
44.14414179325104 119.78209495544434 42.3880779966712 46.171932339668274 127.99876023456454 -30.774511255323887
30.026521801948547 143.12254262715578 34.98159312456846 37.09069561958313 141.64124788716435 -21.601843863725662
30.026521801948547 143.12254262715578 34.98159312456846 42.79289889335632 141.2503325752914 -22.961866676807404
30.026521801948547 143.12254262715578 34.98159312456846 40.9192453622818 140.7390551008284 -25.197131112217903
30.026521801948547 143.12254262715578 34.98159312456846 38.10148620605469 142.87041888013482 -17.44465647637844
30.026521801948547 143.12254262715578 34.98159312456846 38.796791195869446 136.9036005474627 -33.538610972464085
30.026521801948547 143.12254262715578 34.98159312456846 36.94868612289429 144.36199785768986 -18.56757502257824
30.026521801948547 143.12254262715578 34.98159312456846 40.80466020107269 140.7278967127204 -24.203778222203255
30.026521801948547 143.12254262715578 34.98159312456846 36.24154484272003 140.99318722635508 -20.700378887355328
30.026521801948547 143.12254262715578 34.98159312456846 38.43152952194214 144.26984822377563 -19.404257170856
30.026521801948547 143.12254262715578 34.98159312456846 42.05833327770233 140.61343030259013 -23.053754590451717
30.026521801948547 143.12254262715578 34.98159312456846 36.34241783618927 142.37029979377985 -20.67327380180359
30.026521801948547 143.12254262715578 34.98159312456846 43.535258531570435 135.85346618667245 -33.00381591916084
30.026521801948547 143.12254262715578 34.98159312456846 39.949591279029846 135.41202156990767 -32.415692426264286
30.026521801948547 143.12254262715578 34.98159312456846 39.57061743736267 144.14422342553735 -17.260880649089813
30.026521801948547 143.12254262715578 34.98159312456846 37.467793583869934 143.61062917485833 -17.509439304471016
30.026521801948547 143.12254262715578 34.98159312456846 37.69696390628815 143.63294595107436 -19.496145084500313
30.026521801948547 143.12254262715578 34.98159312456846 40.90553319454193 142.10500928014517 -24.176673136651516
30.026521801948547 143.12254262715578 34.98159312456846 43.527464509010315 141.88723484799266 -22.86997876316309
30.026521801948547 143.12254262715578 34.98159312456846 44.15523898601532 136.4792100712657 -31.91857511550188
30.026521801948547 143.12254262715578 34.98159312456846 38.68220603466034 136.8924421593547 -32.545258082449436
54.395748257637024 120.49184330925345 38.54511382430792 59.315961718559265 122.57481685653329 -15.225507892668247
54.395748257637024 120.49184330925345 38.54511382430792 58.91717278957367 129.8455299474299 -31.296970188617706
54.395748257637024 120.49184330925345 38.54511382430792 57.90064883232117 122.10817293450236 -21.43418388813734
54.395748257637024 120.49184330925345 38.54511382430792 61.019996643066406 130.3791241981089 -31.048411533236504
54.395748257637024 120.49184330925345 38.54511382430792 62.79277718067169 129.51328910514712 -28.840252183377743
54.395748257637024 120.49184330925345 38.54511382430792 60.689953327178955 128.9796948544681 -29.088810838758945
54.395748257637024 120.49184330925345 38.54511382430792 55.507887840270996 122.3482641428709 -24.727584041655064
54.395748257637024 120.49184330925345 38.54511382430792 54.6587370634079 121.70020348206162 -23.82611906528473
54.395748257637024 120.49184330925345 38.54511382430792 61.71548640727997 122.57193432748318 -24.009013161063194
54.395748257637024 120.49184330925345 38.54511382430792 60.11805784702301 122.6529255732894 -22.178978122770786
54.395748257637024 120.49184330925345 38.54511382430792 61.317912578582764 121.73129853978753 -15.004054322838783
54.395748257637024 120.49184330925345 38.54511382430792 61.830071568489075 122.58309271559119 -25.002366051077843
54.395748257637024 120.49184330925345 38.54511382430792 59.65173840522766 130.48243222013116 -31.205082274973392
54.395748257637024 120.49184330925345 38.54511382430792 62.67922234535217 123.23115337640047 -25.903831027448177
54.395748257637024 120.49184330925345 38.54511382430792 61.30993378162384 129.60543873906136 -28.003570035099983
54.395748257637024 120.49184330925345 38.54511382430792 62.56360685825348 129.4909723289311 -26.853546403348446
54.395748257637024 120.49184330925345 38.54511382430792 59.26890707015991 122.00486491248012 -21.27751314640045
54.395748257637024 120.49184330925345 38.54511382430792 61.29725193977356 124.70041557773948 -25.04004379361868
54.395748257637024 120.49184330925345 38.54511382430792 59.59895038604736 123.40429425612092 -23.23711384087801
54.395748257637024 120.49184330925345 38.54511382430792 58.53434145450592 121.36796263977885 -21.369401060044765
40.91594219207764 118.00817132368684 38.975684843957424 47.41987204551697 121.37610780447721 -15.604513935744762
40.91594219207764 118.00817132368684 38.975684843957424 49.77252686023712 118.96290179342031 -7.306671589612961
40.91594219207764 118.00817132368684 38.975684843957424 44.36026072502136 118.58013164624572 -2.901807278394699
40.91594219207764 118.00817132368684 38.975684843957424 48.82334864139557 112.50712276250124 -27.6225963011384
40.91594219207764 118.00817132368684 38.975684843957424 54.773322224617004 121.71136187016964 -24.819471955299377
40.91594219207764 118.00817132368684 38.975684843957424 45.20941150188446 119.228192307055 -3.8032722547650337
40.91594219207764 118.00817132368684 38.975684843957424 47.54019057750702 127.8954522125423 -30.617840513586998
40.91594219207764 118.00817132368684 38.975684843957424 49.67165386676788 117.58578922599554 -7.3337766751646996
40.91594219207764 118.00817132368684 38.975684843957424 44.47484588623047 118.59129003435373 -3.8951601684093475
40.91594219207764 118.00817132368684 38.975684843957424 46.719494462013245 118.24450585246086 -29.81422322243452
40.91594219207764 118.00817132368684 38.975684843957424 48.27475619316101 128.53235448524356 -30.525952599942684
40.91594219207764 118.00817132368684 38.975684843957424 52.54323136806488 116.26158607006073 -21.111151479184628
40.91594219207764 118.00817132368684 38.975684843957424 51.02601516246796 120.68880692124367 -29.290000826120377
40.91594219207764 118.00817132368684 38.975684843957424 49.25915277004242 126.2224564962089 -22.38478099554777
40.91594219207764 118.00817132368684 38.975684843957424 52.85956251621246 119.0269695930183 -22.0502941980958
40.91594219207764 118.00817132368684 38.975684843957424 46.57072126865387 120.72804714366794 -14.703048959374428
40.91594219207764 118.00817132368684 38.975684843957424 47.41395390033722 116.70829332247376 -24.71789311617613
40.91594219207764 118.00817132368684 38.975684843957424 42.47289502620697 119.43480835109949 -4.1166137382388115
40.91594219207764 118.00817132368684 38.975684843957424 50.92514216899872 119.3116943538189 -29.317105911672115
40.91594219207764 118.00817132368684 38.975684843957424 45.87034368515015 117.59644519165158 -28.912758246064186
57.462308049201965 121.68465660884976 36.89885461330414 62.03181755542755 125.33731785044074 -24.948155879974365
57.462308049201965 121.68465660884976 36.89885461330414 57.90064883232117 122.10817293450236 -21.43418388813734
57.462308049201965 121.68465660884976 36.89885461330414 62.564637184143066 123.21999498829246 -24.91047813743353
57.462308049201965 121.68465660884976 36.89885461330414 60.751750469207764 121.91271527856588 -22.11419529467821
57.462308049201965 121.68465660884976 36.89885461330414 59.54513204097748 122.59713363274932 -17.212213672697544
57.462308049201965 121.68465660884976 36.89885461330414 63.18461763858795 123.8457388728857 -23.825237333774567
57.462308049201965 121.68465660884976 36.89885461330414 60.13177001476288 121.28697139397264 -23.199436098337173
57.462308049201965 121.68465660884976 36.89885461330414 60.58334696292877 121.09439626708627 -15.095942236483097
57.462308049201965 121.68465660884976 36.89885461330414 59.43054687976837 122.5859752446413 -16.218860782682896
57.462308049201965 121.68465660884976 36.89885461330414 60.44810116291046 124.0523549169302 -24.138578817248344
57.462308049201965 121.68465660884976 36.89885461330414 60.17882466316223 121.85692333802581 -17.14743084460497
57.462308049201965 121.68465660884976 36.89885461330414 60.63716530799866 121.90155689045787 -21.120842404663563
57.462308049201965 121.68465660884976 36.89885461330414 61.094475626945496 128.21716778352857 -27.037322230637074
57.462308049201965 121.68465660884976 36.89885461330414 59.315961718559265 122.57481685653329 -15.225507892668247
57.462308049201965 121.68465660884976 36.89885461330414 62.5509250164032 124.58594916760921 -23.89002016186714
57.462308049201965 121.68465660884976 36.89885461330414 61.32364594936371 128.2394845597446 -29.02402801066637
57.462308049201965 121.68465660884976 36.89885461330414 60.27969765663147 123.23403590545058 -17.12032575905323
57.462308049201965 121.68465660884976 36.89885461330414 60.46078300476074 128.95737807825208 -27.10210505872965
57.462308049201965 121.68465660884976 36.89885461330414 61.18266677856445 124.68925718963146 -24.04669090360403
57.462308049201965 121.68465660884976 36.89885461330414 61.54708290100098 121.75361531600356 -16.99076010286808
21.130491733551025 137.40446309000254 41.94475428014994 32.797887086868286 137.8309926390648 -23.146524235606194
21.130491733551025 137.40446309000254 41.94475428014994 38.796791195869446 136.9036005474627 -33.538610972464085
21.130491733551025 137.40446309000254 41.94475428014994 38.5813330411911 135.5153295919299 -32.572363168001175
21.130491733551025 137.40446309000254 41.94475428014994 36.24933886528015 134.95941856503487 -30.83421604335308
21.130491733551025 137.40446309000254 41.94475428014994 36.15438401699066 138.25012047961354 -21.747941948473454
21.130491733551025 137.40446309000254 41.94475428014994 39.32961082458496 134.78627768531442 -33.50093322992325
21.130491733551025 137.40446309000254 41.94475428014994 35.6156462430954 135.69962885975838 -30.898998871445656
21.130491733551025 137.40446309000254 41.94475428014994 37.213074803352356 135.61863761395216 -32.729033909738064
21.130491733551025 137.40446309000254 41.94475428014994 33.53245270252228 138.46789491176605 -23.05463632196188
21.130491733551025 137.40446309000254 41.94475428014994 37.94764041900635 136.25553988665342 -32.63714599609375
21.130491733551025 137.40446309000254 41.94475428014994 35.534403562545776 137.6243765950203 -22.833182752132416
21.130491733551025 137.40446309000254 41.94475428014994 36.383554339408875 138.27243725582957 -23.73464772850275
21.130491733551025 137.40446309000254 41.94475428014994 36.02016854286194 134.93710178881884 -28.847510263323784
21.130491733551025 137.40446309000254 41.94475428014994 36.86931931972504 135.58516244962811 -29.74897523969412
21.130491733551025 137.40446309000254 41.94475428014994 34.26701831817627 139.10479718446732 -22.962748408317566
21.130491733551025 137.40446309000254 41.94475428014994 39.215025663375854 134.7751192972064 -32.5075803399086
21.130491733551025 137.40446309000254 41.94475428014994 36.90266180038452 137.52106857299805 -22.676512010395527
21.130491733551025 137.40446309000254 41.94475428014994 37.732182264328 134.86726893112063 -31.67089819163084
21.130491733551025 137.40446309000254 41.94475428014994 38.68220603466034 136.8924421593547 -32.545258082449436
21.130491733551025 137.40446309000254 41.94475428014994 37.00353479385376 138.89818114042282 -22.649406924843788
38.859142661094666 124.31550635769963 42.83606317639351 51.50295579433441 130.30627811700106 -27.11355944722891
38.859142661094666 124.31550635769963 42.83606317639351 47.56864523887634 118.89256651327014 -30.715688198804855
38.859142661094666 124.31550635769963 42.83606317639351 41.40725576877594 123.66945407539606 -4.191969223320484
38.859142661094666 124.31550635769963 42.83606317639351 47.304256558418274 127.63592675700784 -16.55422931164503
38.859142661094666 124.31550635769963 42.83606317639351 37.97609508037567 127.25265418738127 -32.73499368131161
38.859142661094666 124.31550635769963 42.83606317639351 37.24152946472168 126.61575191468 -32.82688159495592
38.859142661094666 124.31550635769963 42.83606317639351 38.82524585723877 127.90071484819055 -33.63645865768194
38.859142661094666 124.31550635769963 42.83606317639351 47.97316753864288 118.1300394423306 -28.664199590682983
38.859142661094666 124.31550635769963 42.83606317639351 48.052534341812134 126.90687485039234 -17.482799373567104
38.859142661094666 124.31550635769963 42.83606317639351 49.48832309246063 126.24477327242494 -24.37148677557707
38.859142661094666 124.31550635769963 42.83606317639351 47.08879840373993 126.24765580147505 -15.587981507182121
38.859142661094666 124.31550635769963 42.83606317639351 46.245380997657776 132.10778116062284 -28.706490218639374
38.859142661094666 124.31550635769963 42.83606317639351 45.16809022426605 125.16642638295889 -23.875251196324825
38.859142661094666 124.31550635769963 42.83606317639351 39.47856879234314 130.46236485615373 -25.478754624724388
38.859142661094666 124.31550635769963 42.83606317639351 37.61965775489807 122.31415586173534 -26.791408769786358
38.859142661094666 124.31550635769963 42.83606317639351 49.02303397655487 127.80330257862806 -31.454522661864758
38.859142661094666 124.31550635769963 42.83606317639351 39.24348032474518 125.77223359793425 -32.60542802512646
38.859142661094666 124.31550635769963 42.83606317639351 54.03875660896301 121.07445959746838 -24.91135986894369
38.859142661094666 124.31550635769963 42.83606317639351 44.600897789001465 131.61882046237588 -32.92846043407917
38.859142661094666 124.31550635769963 42.83606317639351 43.00346922874451 131.6998117081821 -31.098425395786762
57.77863919734955 124.45004013180733 35.95971189439297 60.17084586620331 129.73106353729963 -30.14694655686617
57.77863919734955 124.45004013180733 35.95971189439297 61.29725193977356 124.70041557773948 -25.04004379361868
57.77863919734955 124.45004013180733 35.95971189439297 58.68800246715546 129.82321317121387 -29.31026440858841
57.77863919734955 124.45004013180733 35.95971189439297 61.094475626945496 128.21716778352857 -27.037322230637074
57.77863919734955 124.45004013180733 35.95971189439297 60.67624115943909 130.34564903378487 -28.06835286319256
57.77863919734955 124.45004013180733 35.95971189439297 62.5509250164032 124.58594916760921 -23.89002016186714
57.77863919734955 124.45004013180733 35.95971189439297 60.91339027881622 122.49382561072707 -17.055542930960655
57.77863919734955 124.45004013180733 35.95971189439297 60.23264300823212 122.66408396139741 -23.172331012785435
57.77863919734955 124.45004013180733 35.95971189439297 59.01804578304291 131.22264251485467 -31.269865103065968
57.77863919734955 124.45004013180733 35.95971189439297 59.54513204097748 122.59713363274932 -17.212213672697544
57.77863919734955 124.45004013180733 35.95971189439297 61.93094456195831 123.96020528301597 -24.975260965526104
57.77863919734955 124.45004013180733 35.95971189439297 60.11805784702301 122.6529255732894 -22.178978122770786
57.77863919734955 124.45004013180733 35.95971189439297 60.27969765663147 123.23403590545058 -17.12032575905323
57.77863919734955 124.45004013180733 35.95971189439297 62.678192019462585 129.5021307170391 -27.846899293363094
57.77863919734955 124.45004013180733 35.95971189439297 59.39720439910889 120.65006912127137 -23.291324011981487
57.77863919734955 124.45004013180733 35.95971189439297 60.86633563041687 121.9238736666739 -23.10754818469286
57.77863919734955 124.45004013180733 35.95971189439297 60.0562607049942 129.71990514919162 -29.15359366685152
57.77863919734955 124.45004013180733 35.95971189439297 62.45005202293396 123.20883660018444 -23.91712524741888
57.77863919734955 124.45004013180733 35.95971189439297 61.830071568489075 122.58309271559119 -25.002366051077843
57.77863919734955 124.45004013180733 35.95971189439297 58.64892661571503 121.37912102788687 -22.362753950059414
34.7680801153183 123.25947624444962 41.345592975616455 49.905527234077454 130.38726936280727 -25.2835244089365
34.7680801153183 123.25947624444962 41.345592975616455 38.684266686439514 124.35048747807741 -28.659121550619602
34.7680801153183 123.25947624444962 41.345592975616455 38.94001579284668 126.07150169834495 -11.496458679437637
34.7680801153183 123.25947624444962 41.345592975616455 40.84006333351135 130.12184815481305 -13.245178461074829
34.7680801153183 123.25947624444962 41.345592975616455 50.28938889503479 132.59385932981968 -33.268025271594524
34.7680801153183 123.25947624444962 41.345592975616455 49.75759959220886 128.44020485132933 -31.362634748220444
34.7680801153183 123.25947624444962 41.345592975616455 46.920210123062134 127.26970832794905 -31.70308131724596
34.7680801153183 123.25947624444962 41.345592975616455 44.43352460861206 124.52952411025763 -23.96713910996914
34.7680801153183 123.25947624444962 41.345592975616455 50.37758004665375 129.06594873592257 -30.27739394456148
34.7680801153183 123.25947624444962 41.345592975616455 49.630332589149475 123.52402330189943 -27.40575561672449
34.7680801153183 123.25947624444962 41.345592975616455 43.00346922874451 131.6998117081821 -31.098425395786762
34.7680801153183 123.25947624444962 41.345592975616455 49.65775692462921 120.79211494326591 -29.446671567857265
34.7680801153183 123.25947624444962 41.345592975616455 45.21617519855499 119.46540098637342 -15.880177676677704
34.7680801153183 123.25947624444962 41.345592975616455 41.622713923454285 125.05772503092885 -5.158217027783394
34.7680801153183 123.25947624444962 41.345592975616455 49.656726598739624 127.06309228390455 -31.389739833772182
34.7680801153183 123.25947624444962 41.345592975616455 48.220937848091125 127.72519386187196 -24.50105243176222
34.7680801153183 123.25947624444962 41.345592975616455 37.98980724811554 125.88670000806451 -33.755451656877995
34.7680801153183 123.25947624444962 41.345592975616455 47.797815561294556 118.91488328948617 -32.70239397883415
34.7680801153183 123.25947624444962 41.345592975616455 46.67938828468323 116.0713910497725 -24.809781029820442
34.7680801153183 123.25947624444962 41.345592975616455 48.74783933162689 120.94005651772022 -33.57675386965275
56.296826124191284 118.27121242508292 38.739462308585644 62.78009533882141 124.60826594382524 -25.87672594189644
56.296826124191284 118.27121242508292 38.739462308585644 59.21508872509003 121.19770428910851 -15.252612978219986
56.296826124191284 118.27121242508292 38.739462308585644 60.56268632411957 124.06351330503821 -25.131931707262993
56.296826124191284 118.27121242508292 38.739462308585644 58.76351177692413 121.39027941599488 -23.356106840074062
56.296826124191284 118.27121242508292 38.739462308585644 58.69598126411438 121.94907297194004 -16.31074869632721
56.296826124191284 118.27121242508292 38.739462308585644 57.90064883232117 122.10817293450236 -21.43418388813734
56.296826124191284 118.27121242508292 38.739462308585644 61.18266677856445 124.68925718963146 -24.04669090360403
56.296826124191284 118.27121242508292 38.739462308585644 57.962445974349976 115.04119335860014 -14.459568344056606
56.296826124191284 118.27121242508292 38.739462308585644 60.58334696292877 121.09439626708627 -15.095942236483097
56.296826124191284 118.27121242508292 38.739462308585644 60.13177001476288 121.28697139397264 -23.199436098337173
56.296826124191284 118.27121242508292 38.739462308585644 59.96336650848389 120.46865238249302 -16.18118304014206
56.296826124191284 118.27121242508292 38.739462308585644 59.54513204097748 122.59713363274932 -17.212213672697544
56.296826124191284 118.27121242508292 38.739462308585644 58.86438477039337 122.76739198341966 -23.329001754522324
56.296826124191284 118.27121242508292 38.739462308585644 61.917232394218445 125.32615946233273 -23.954802989959717
56.296826124191284 118.27121242508292 38.739462308585644 59.59895038604736 123.40429425612092 -23.23711384087801
56.296826124191284 118.27121242508292 38.739462308585644 60.677271485328674 124.07467169314623 -26.12528459727764
56.296826124191284 118.27121242508292 38.739462308585644 61.31096410751343 123.33446139842272 -26.060501769185066
56.296826124191284 118.27121242508292 38.739462308585644 59.32967388629913 121.20886267721653 -16.245965868234634
56.296826124191284 118.27121242508292 38.739462308585644 60.003472685813904 122.64176718518138 -21.185625232756138
56.296826124191284 118.27121242508292 38.739462308585644 60.01718485355377 121.27581300586462 -22.206083208322525
30.127394795417786 144.49965519458055 35.0086982101202 37.213074803352356 135.61863761395216 -32.729033909738064
30.127394795417786 144.49965519458055 35.0086982101202 36.83410096168518 144.35083946958184 -17.57422213256359
30.127394795417786 144.49965519458055 35.0086982101202 36.34241783618927 142.37029979377985 -20.67327380180359
30.127394795417786 144.49965519458055 35.0086982101202 40.49424719810486 142.63032767176628 -14.151256322860718
30.127394795417786 144.49965519458055 35.0086982101202 38.53240251541138 145.6469607912004 -19.37715208530426
30.127394795417786 144.49965519458055 35.0086982101202 42.287503600120544 140.63574707880616 -25.040460370481014
30.127394795417786 144.49965519458055 35.0086982101202 42.17291843891144 140.62458869069815 -24.047107480466366
30.127394795417786 144.49965519458055 35.0086982101202 37.063271284103394 144.37315624579787 -19.560927912592888
30.127394795417786 144.49965519458055 35.0086982101202 37.68325173854828 144.99890013039112 -18.475687108933926
30.127394795417786 144.49965519458055 35.0086982101202 42.38837659358978 142.01285964623094 -25.013355284929276
30.127394795417786 144.49965519458055 35.0086982101202 40.790948033332825 142.09385089203715 -23.183320246636868
30.127394795417786 144.49965519458055 35.0086982101202 35.635276556015015 139.00148916244507 -22.806077666580677
30.127394795417786 144.49965519458055 35.0086982101202 38.950636982917786 143.5184795409441 -18.346121452748775
30.127394795417786 144.49965519458055 35.0086982101202 41.42464065551758 141.35364059731364 -23.118537418544292
30.127394795417786 144.49965519458055 35.0086982101202 32.898760080337524 139.20810520648956 -23.119419150054455
30.127394795417786 144.49965519458055 35.0086982101202 38.41781735420227 145.63580240309238 -18.383799195289612
30.127394795417786 144.49965519458055 35.0086982101202 37.797836899757385 145.01005851849914 -19.469039998948574
30.127394795417786 144.49965519458055 35.0086982101202 42.779186725616455 142.61628675460815 -21.941408701241016
30.127394795417786 144.49965519458055 35.0086982101202 37.60980308055878 140.88987920433283 -20.54370814561844
30.127394795417786 144.49965519458055 35.0086982101202 37.56866657733917 144.9877417422831 -17.482334218919277
45.84347367286682 114.80723893642426 42.52821630984545 47.25231409072876 116.12718299031258 -29.776545479893684
45.84347367286682 114.80723893642426 42.52821630984545 49.152546405792236 118.33715790882707 -8.391912393271923
45.84347367286682 114.80723893642426 42.52821630984545 53.39238214492798 116.90964673087001 -22.012616455554962
45.84347367286682 114.80723893642426 42.52821630984545 47.69120919704437 111.02958470210433 -18.709525376558304
45.84347367286682 114.80723893642426 42.52821630984545 46.73320662975311 116.8785516731441 -30.834681198000908
45.84347367286682 114.80723893642426 42.52821630984545 59.38349223136902 122.01602330058813 -22.2708660364151
45.84347367286682 114.80723893642426 42.52821630984545 47.55596339702606 113.98754335194826 -27.75216195732355
45.84347367286682 114.80723893642426 42.52821630984545 59.902599692344666 121.2646546177566 -21.212730318307877
45.84347367286682 114.80723893642426 42.52821630984545 47.938979506492615 120.62473912164569 -14.546378217637539
45.84347367286682 114.80723893642426 42.52821630984545 52.55694353580475 114.89563189074397 -22.131609454751015
45.84347367286682 114.80723893642426 42.52821630984545 49.630332589149475 123.52402330189943 -27.40575561672449
45.84347367286682 114.80723893642426 42.52821630984545 50.89771783351898 122.04360271245241 -27.27618996053934
45.84347367286682 114.80723893642426 42.52821630984545 52.77240169048309 116.28390284627676 -23.097857259213924
45.84347367286682 114.80723893642426 42.52821630984545 59.39720439910889 120.65006912127137 -23.291324011981487
45.84347367286682 114.80723893642426 42.52821630984545 47.898688554763794 120.29199585691094 -32.67528889328241
45.84347367286682 114.80723893642426 42.52821630984545 53.298457622528076 113.92937130481005 -10.983274094760418
45.84347367286682 114.80723893642426 42.52821630984545 48.917457938194275 113.64702665060759 -15.518585793673992
45.84347367286682 114.80723893642426 42.52821630984545 52.67847716808319 113.3036274202168 -12.06851489841938
45.84347367286682 114.80723893642426 42.52821630984545 51.188685297966 114.99893991276622 -22.288280196487904
45.84347367286682 114.80723893642426 42.52821630984545 54.45125770568848 112.43779232725501 -9.86035554856062
38.64677548408508 104.11430338025093 49.63151577860117 44.914586544036865 109.06308594346046 -14.018424667418003
38.64677548408508 104.11430338025093 49.63151577860117 49.55791425704956 113.1440250352025 -27.530708387494087
38.64677548408508 104.11430338025093 49.63151577860117 48.04764652252197 115.96808302775025 -24.653110288083553
38.64677548408508 104.11430338025093 49.63151577860117 50.06330955028534 113.75861053168774 -25.452114693820477
38.64677548408508 104.11430338025093 49.63151577860117 47.9604856967926 113.22501628100872 -25.70067334920168
38.64677548408508 104.11430338025093 49.63151577860117 46.22207796573639 109.7557801567018 -18.89330120384693
38.64677548408508 104.11430338025093 49.63151577860117 45.98492884635925 117.6076035797596 -29.906111136078835
38.64677548408508 104.11430338025093 49.63151577860117 47.872294545173645 116.75292687490582 -28.691304676234722
38.64677548408508 104.11430338025093 49.63151577860117 49.443329095840454 113.13286664709449 -26.53735549747944
38.64677548408508 104.11430338025093 49.63151577860117 46.618621468544006 116.86739328503609 -29.84132830798626
38.64677548408508 104.11430338025093 49.63151577860117 45.35921502113342 110.47367367520928 -16.97137825191021
38.64677548408508 104.11430338025093 49.63151577860117 47.13772892951965 116.11602460220456 -28.783192589879036
38.64677548408508 104.11430338025093 49.63151577860117 48.189656019210815 113.24733305722475 -27.687379129230976
38.64677548408508 104.11430338025093 49.63151577860117 49.6587872505188 114.52113760262728 -27.50360330194235
38.64677548408508 104.11430338025093 49.63151577860117 47.08391058444977 115.30886397883296 -22.75829242169857
38.64677548408508 104.11430338025093 49.63151577860117 48.17594385147095 114.61328723654151 -26.66692115366459
38.64677548408508 104.11430338025093 49.63151577860117 48.92422163486481 113.88423532992601 -27.595491215586662
38.64677548408508 104.11430338025093 49.63151577860117 46.94293141365051 111.75863660871983 -17.78095531463623
38.64677548408508 104.11430338025093 49.63151577860117 48.82334864139557 112.50712276250124 -27.6225963011384
38.64677548408508 104.11430338025093 49.63151577860117 46.423823952674866 112.51000529155135 -18.839091032743454
32.24702179431915 124.8543632440269 40.06600368767977 44.47260046005249 132.97361625358462 -30.914649568498135
32.24702179431915 124.8543632440269 40.06600368767977 49.009321808815 129.16925675794482 -30.43406468629837
32.24702179431915 124.8543632440269 40.06600368767977 46.346253991127014 133.4848937280476 -28.679385133087635
32.24702179431915 124.8543632440269 40.06600368767977 36.789106965065 131.2389328442514 -19.74009085446596
32.24702179431915 124.8543632440269 40.06600368767977 41.386595129966736 126.63857111334801 -14.22795869410038
32.24702179431915 124.8543632440269 40.06600368767977 38.09068024158478 127.26381257548928 -33.728346571326256
32.24702179431915 124.8543632440269 40.06600368767977 43.63716185092926 130.95960141345859 -31.033642567694187
32.24702179431915 124.8543632440269 40.06600368767977 44.5871856212616 132.98477464169264 -31.908002458512783
32.24702179431915 124.8543632440269 40.06600368767977 43.11805438995361 131.7109700962901 -32.09177828580141
32.24702179431915 124.8543632440269 40.06600368767977 40.2063707113266 130.86205844953656 -13.309961289167404
32.24702179431915 124.8543632440269 40.06600368767977 49.5548232793808 131.95695705711842 -33.35991318523884
32.24702179431915 124.8543632440269 40.06600368767977 41.50812876224518 125.04656664282084 -4.164864137768745
32.24702179431915 124.8543632440269 40.06600368767977 46.73320662975311 116.8785516731441 -30.834681198000908
32.24702179431915 124.8543632440269 40.06600368767977 39.78916656970978 126.71956235915422 -12.397923655807972
32.24702179431915 124.8543632440269 40.06600368767977 41.31887984275818 129.03773620724678 -30.31595341861248
32.24702179431915 124.8543632440269 40.06600368767977 45.739985704422 131.4931956641376 -30.785083912312984
32.24702179431915 124.8543632440269 40.06600368767977 38.49520254135132 126.50128550454974 -31.676857963204384
32.24702179431915 124.8543632440269 40.06600368767977 48.74783933162689 120.94005651772022 -33.57675386965275
32.24702179431915 124.8543632440269 40.06600368767977 34.551037311553955 133.6632972434163 -29.03128609061241
32.24702179431915 124.8543632440269 40.06600368767977 51.0112726688385 128.32573844119906 -30.212611116468906
41.251903653144836 124.07541514933109 46.12946332991123 49.02303397655487 127.80330257862806 -31.454522661864758
41.251903653144836 124.07541514933109 46.12946332991123 44.87712275981903 132.21108918264508 -28.863160960376263
41.251903653144836 124.07541514933109 46.12946332991123 42.02028775215149 125.8983608186245 -14.163175866007805
41.251903653144836 124.07541514933109 46.12946332991123 47.20441389083862 119.98783684894443 -14.638266131281853
41.251903653144836 124.07541514933109 46.12946332991123 48.633254170417786 120.92889812961221 -32.5834009796381
41.251903653144836 124.07541514933109 46.12946332991123 48.10146486759186 116.77524365112185 -30.67801045626402
41.251903653144836 124.07541514933109 46.12946332991123 50.89771783351898 122.04360271245241 -27.27618996053934
41.251903653144836 124.07541514933109 46.12946332991123 47.70080006122589 134.74753988534212 -27.50225641578436
41.251903653144836 124.07541514933109 46.12946332991123 44.28559696674347 122.58245959877968 -30.046249449253082
41.251903653144836 124.07541514933109 46.12946332991123 58.86438477039337 122.76739198341966 -23.329001754522324
41.251903653144836 124.07541514933109 46.12946332991123 47.20235323905945 132.5297915302217 -18.524402663111687
41.251903653144836 124.07541514933109 46.12946332991123 51.5567741394043 131.11343874037266 -33.138459615409374
41.251903653144836 124.07541514933109 46.12946332991123 52.271894216537476 126.60810917243361 -18.006140038371086
41.251903653144836 124.07541514933109 46.12946332991123 52.405924916267395 131.76149940118194 -34.03992459177971
41.251903653144836 124.07541514933109 46.12946332991123 52.02412390708923 117.01295475289226 -22.16928719729185
41.251903653144836 124.07541514933109 46.12946332991123 39.83603644371033 129.129885841161 -29.47927127033472
41.251903653144836 124.07541514933109 46.12946332991123 38.09068024158478 127.26381257548928 -33.728346571326256
41.251903653144836 124.07541514933109 46.12946332991123 48.84091830253601 128.3509377464652 -23.415811628103256
41.251903653144836 124.07541514933109 46.12946332991123 45.336493730545044 125.9847453944385 -30.89350425451994
41.251903653144836 124.07541514933109 46.12946332991123 46.6832457780838 133.28116021305323 -19.58253838121891
43.75436198711395 112.90769050642848 41.25919967889786 53.49325513839722 118.28675929829478 -21.985511370003223
43.75436198711395 112.90769050642848 41.25919967889786 54.22782075405121 118.92366157099605 -21.89362345635891
43.75436198711395 112.90769050642848 41.25919967889786 48.417980790138245 117.7002556361258 -8.483800306916237
43.75436198711395 112.90769050642848 41.25919967889786 49.65775692462921 120.79211494326591 -29.446671567857265
43.75436198711395 112.90769050642848 41.25919967889786 54.552130699157715 113.81490489467978 -9.83325046300888
43.75436198711395 112.90769050642848 41.25919967889786 47.97316753864288 118.1300394423306 -28.664199590682983
43.75436198711395 112.90769050642848 41.25919967889786 49.152546405792236 118.33715790882707 -8.391912393271923
43.75436198711395 112.90769050642848 41.25919967889786 52.758689522743225 117.64985702559352 -22.077399283647537
43.75436198711395 112.90769050642848 41.25919967889786 54.03875660896301 121.07445959746838 -24.91135986894369
43.75436198711395 112.90769050642848 41.25919967889786 48.53256595134735 117.71141402423382 -9.477153196930885
43.75436198711395 112.90769050642848 41.25919967889786 49.17997074127197 115.60524955019355 -10.432828344404697
43.75436198711395 112.90769050642848 41.25919967889786 45.98492884635925 117.6076035797596 -29.906111136078835
43.75436198711395 112.90769050642848 41.25919967889786 47.454060077667236 118.88140812516212 -29.722335308790207
43.75436198711395 112.90769050642848 41.25919967889786 53.39238214492798 116.90964673087001 -22.012616455554962
43.75436198711395 112.90769050642848 41.25919967889786 50.40603470802307 120.06306303665042 -30.37524162977934
43.75436198711395 112.90769050642848 41.25919967889786 46.83407962322235 118.25566424056888 -30.80757611244917
43.75436198711395 112.90769050642848 41.25919967889786 48.74783933162689 120.94005651772022 -33.57675386965275
43.75436198711395 112.90769050642848 41.25919967889786 49.079097747802734 114.22813698276877 -10.459933429956436
43.75436198711395 112.90769050642848 41.25919967889786 49.67165386676788 117.58578922599554 -7.3337766751646996
43.75436198711395 112.90769050642848 41.25919967889786 53.60784029960632 118.2979176864028 -22.978864260017872
56.727742433547974 121.0477543361485 36.806966699659824 59.84878134727478 120.457493994385 -15.187830150127411
56.727742433547974 121.0477543361485 36.806966699659824 57.90064883232117 122.10817293450236 -21.43418388813734
56.727742433547974 121.0477543361485 36.806966699659824 61.31096410751343 123.33446139842272 -26.060501769185066
56.727742433547974 121.0477543361485 36.806966699659824 59.26890707015991 122.00486491248012 -21.27751314640045
56.727742433547974 121.0477543361485 36.806966699659824 60.63716530799866 121.90155689045787 -21.120842404663563
56.727742433547974 121.0477543361485 36.806966699659824 62.678192019462585 129.5021307170391 -27.846899293363094
56.727742433547974 121.0477543361485 36.806966699659824 58.749799609184265 122.75623359531164 -22.335648864507675
56.727742433547974 121.0477543361485 36.806966699659824 62.665510177612305 124.59710755571723 -24.88337305188179
56.727742433547974 121.0477543361485 36.806966699659824 61.830071568489075 122.58309271559119 -25.002366051077843
56.727742433547974 121.0477543361485 36.806966699659824 61.917232394218445 125.32615946233273 -23.954802989959717
56.727742433547974 121.0477543361485 36.806966699659824 61.71548640727997 122.57193432748318 -24.009013161063194
56.727742433547974 121.0477543361485 36.806966699659824 59.168034076690674 120.62775234505534 -21.30461823195219
56.727742433547974 121.0477543361485 36.806966699659824 59.48436522483826 123.3931358680129 -22.24376095086336
56.727742433547974 121.0477543361485 36.806966699659824 62.03181755542755 125.33731785044074 -24.948155879974365
56.727742433547974 121.0477543361485 36.806966699659824 61.094475626945496 128.21716778352857 -27.037322230637074
56.727742433547974 121.0477543361485 36.806966699659824 61.32364594936371 128.2394845597446 -29.02402801066637
56.727742433547974 121.0477543361485 36.806966699659824 58.64892661571503 121.37912102788687 -22.362753950059414
56.727742433547974 121.0477543361485 36.806966699659824 60.68421995639801 122.47150883451104 -15.068837150931358
56.727742433547974 121.0477543361485 36.806966699659824 60.01718485355377 121.27581300586462 -22.206083208322525
56.727742433547974 121.0477543361485 36.806966699659824 60.689953327178955 128.9796948544681 -29.088810838758945
31.86992383003235 122.88498195633292 35.97359912842512 38.55615413188934 123.86491173133254 -3.5119578167796135
31.86992383003235 122.88498195633292 35.97359912842512 44.94568359851837 125.38131828606129 -33.9654508382082
31.86992383003235 122.88498195633292 35.97359912842512 44.270854473114014 130.21939111873507 -30.968859739601612
31.86992383003235 122.88498195633292 35.97359912842512 44.51476728916168 122.60477637499571 -32.03295522928238
31.86992383003235 122.88498195633292 35.97359912842512 45.16809022426605 125.16642638295889 -23.875251196324825
31.86992383003235 122.88498195633292 35.97359912842512 45.8545708656311 131.50435405224562 -31.778436802327633
31.86992383003235 122.88498195633292 35.97359912842512 49.13761913776398 127.81446096673608 -32.447875551879406
31.86992383003235 122.88498195633292 35.97359912842512 41.2857221364975 125.26145854592323 -14.255063779652119
31.86992383003235 122.88498195633292 35.97359912842512 44.95263206958771 123.7781554274261 -22.909003391861916
31.86992383003235 122.88498195633292 35.97359912842512 46.18564450740814 126.63280605524778 -31.794969230890274
31.86992383003235 122.88498195633292 35.97359912842512 43.58437383174896 123.88146344944835 -23.065674133598804
31.86992383003235 122.88498195633292 35.97359912842512 43.86633217334747 130.98191818967462 -33.020348347723484
31.86992383003235 122.88498195633292 35.97359912842512 44.831098437309265 125.37015989795327 -32.97209794819355
31.86992383003235 122.88498195633292 35.97359912842512 38.68445146083832 122.5101159401238 -5.525768682360649
31.86992383003235 122.88498195633292 35.97359912842512 46.60490930080414 118.23334746435285 -28.820870332419872
31.86992383003235 122.88498195633292 35.97359912842512 44.09653282165527 124.73325762525201 -33.063985861837864
31.86992383003235 122.88498195633292 35.97359912842512 41.35325264930725 124.70266498997808 -21.30042192339897
31.86992383003235 122.88498195633292 35.97359912842512 38.56986629962921 122.49895755201578 -4.532415792346001
31.86992383003235 122.88498195633292 35.97359912842512 48.74783933162689 120.94005651772022 -33.57675386965275
31.86992383003235 122.88498195633292 35.97359912842512 44.20435428619385 124.5072073340416 -21.980433329939842
29.5074143409729 143.8739113099873 33.92345740646124 37.09069561958313 141.64124788716435 -21.601843863725662
29.5074143409729 143.8739113099873 33.92345740646124 34.86736845970154 136.42868076637387 -29.970428809523582
29.5074143409729 143.8739113099873 33.92345740646124 38.796791195869446 136.9036005474627 -33.538610972464085
29.5074143409729 143.8739113099873 33.92345740646124 42.17291843891144 140.62458869069815 -24.047107480466366
29.5074143409729 143.8739113099873 33.92345740646124 37.00353479385376 138.89818114042282 -22.649406924843788
29.5074143409729 143.8739113099873 33.92345740646124 42.15920627117157 141.9905428700149 -23.02664950489998
29.5074143409729 143.8739113099873 33.92345740646124 39.860554575920105 143.3705379664898 -14.216039150953293
29.5074143409729 143.8739113099873 33.92345740646124 39.31589865684509 136.15223186463118 -32.48047525435686
29.5074143409729 143.8739113099873 33.92345740646124 40.690075039863586 140.71673832461238 -23.210425332188606
29.5074143409729 143.8739113099873 33.92345740646124 39.051509976387024 144.89559210836887 -18.319016367197037
29.5074143409729 143.8739113099873 33.92345740646124 36.86152529716492 141.61893111094832 -19.615138083696365
29.5074143409729 143.8739113099873 33.92345740646124 39.16609513759613 144.9067504964769 -19.312369257211685
29.5074143409729 143.8739113099873 33.92345740646124 40.06417644023895 135.42317995801568 -33.409045316278934
29.5074143409729 143.8739113099873 33.92345740646124 38.69591820240021 135.52648798003793 -33.56571605801582
29.5074143409729 143.8739113099873 33.92345740646124 38.3306565284729 142.89273565635085 -19.431362256407738
29.5074143409729 143.8739113099873 33.92345740646124 42.287503600120544 140.63574707880616 -25.040460370481014
29.5074143409729 143.8739113099873 33.92345740646124 36.94868612289429 144.36199785768986 -18.56757502257824
29.5074143409729 143.8739113099873 33.92345740646124 37.83305525779724 136.2443814985454 -31.6437931060791
29.5074143409729 143.8739113099873 33.92345740646124 36.26896917819977 138.26127886772156 -22.741294838488102
29.5074143409729 143.8739113099873 33.92345740646124 41.75468397140503 142.75306994095445 -25.07813811302185
30.25569212436676 143.1448594033718 32.994887344539165 39.4304838180542 136.1633902527392 -33.47382814437151
30.25569212436676 143.1448594033718 32.994887344539165 36.15438401699066 138.25012047961354 -21.747941948473454
30.25569212436676 143.1448594033718 32.994887344539165 36.201438665390015 138.82007242366672 -15.695936694741249
30.25569212436676 143.1448594033718 32.994887344539165 34.26701831817627 139.10479718446732 -22.962748408317566
30.25569212436676 143.1448594033718 32.994887344539165 38.216071367263794 142.88157726824284 -18.43800936639309
30.25569212436676 143.1448594033718 32.994887344539165 38.950636982917786 143.5184795409441 -18.346121452748775
30.25569212436676 143.1448594033718 32.994887344539165 38.10148620605469 142.87041888013482 -17.44465647637844
30.25569212436676 143.1448594033718 32.994887344539165 40.49424719810486 142.63032767176628 -14.151256322860718
30.25569212436676 143.1448594033718 32.994887344539165 36.90266180038452 137.52106857299805 -22.676512010395527
30.25569212436676 143.1448594033718 32.994887344539165 38.41781735420227 145.63580240309238 -18.383799195289612
30.25569212436676 143.1448594033718 32.994887344539165 44.25611197948456 137.85632263869047 -31.891470029950142
30.25569212436676 143.1448594033718 32.994887344539165 42.17291843891144 140.62458869069815 -24.047107480466366
30.25569212436676 143.1448594033718 32.994887344539165 42.67831373214722 141.23917418718338 -21.968513786792755
30.25569212436676 143.1448594033718 32.994887344539165 38.53240251541138 145.6469607912004 -19.37715208530426
30.25569212436676 143.1448594033718 32.994887344539165 40.17096757888794 141.4681070074439 -24.26856105029583
30.25569212436676 143.1448594033718 32.994887344539165 40.285552740097046 141.47926539555192 -25.261913940310478
30.25569212436676 143.1448594033718 32.994887344539165 39.201313495635986 136.14107347652316 -31.487122364342213
30.25569212436676 143.1448594033718 32.994887344539165 38.68220603466034 136.8924421593547 -32.545258082449436
30.25569212436676 143.1448594033718 32.994887344539165 42.287503600120544 140.63574707880616 -25.040460370481014
30.25569212436676 143.1448594033718 32.994887344539165 37.961352586746216 134.88958570733666 -33.65760397166014
33.628992199897766 123.3851010426879 39.20221645385027 38.56986629962921 122.49895755201578 -4.532415792346001
33.628992199897766 123.3851010426879 39.20221645385027 39.31795930862427 123.6102771833539 -28.594338722527027
33.628992199897766 123.3851010426879 39.20221645385027 46.084771513938904 125.25569348782301 -31.822074316442013
33.628992199897766 123.3851010426879 39.20221645385027 37.302481055259705 123.9793781414628 -4.661981448531151
33.628992199897766 123.3851010426879 39.20221645385027 44.38543963432312 130.2305495068431 -31.96221262961626
33.628992199897766 123.3851010426879 39.20221645385027 43.63716185092926 130.95960141345859 -31.033642567694187
33.628992199897766 123.3851010426879 39.20221645385027 49.44229876995087 119.40384398773313 -28.480423763394356
33.628992199897766 123.3851010426879 39.20221645385027 41.0027334690094 124.4319811463356 -6.243457831442356
33.628992199897766 123.3851010426879 39.20221645385027 44.20435428619385 124.5072073340416 -21.980433329939842
33.628992199897766 123.3851010426879 39.20221645385027 41.359170794487 129.37047947198153 -12.187042742967606
33.628992199897766 123.3851010426879 39.20221645385027 39.41901707649231 123.14701821282506 -5.433880768716335
33.628992199897766 123.3851010426879 39.20221645385027 45.053505063056946 125.15526799485087 -22.881898306310177
33.628992199897766 123.3851010426879 39.20221645385027 44.58248257637024 120.20561128109694 -15.944960504770279
33.628992199897766 123.3851010426879 39.20221645385027 42.10153043270111 123.97361308336258 -22.228991985321045
33.628992199897766 123.3851010426879 39.20221645385027 36.352272510528564 123.79457645118237 -26.920974425971508
33.628992199897766 123.3851010426879 39.20221645385027 43.23263955116272 131.72212848439813 -33.08513117581606
33.628992199897766 123.3851010426879 39.20221645385027 45.72627353668213 132.85914984345436 -29.764625936746597
33.628992199897766 123.3851010426879 39.20221645385027 44.87712275981903 132.21108918264508 -28.863160960376263
33.628992199897766 123.3851010426879 39.20221645385027 51.78594446182251 131.1357555165887 -35.12516539543867
33.628992199897766 123.3851010426879 39.20221645385027 41.90570259094238 125.88720243051648 -13.169822975993156
58.62778997421265 125.0981007926166 35.05824691802263 63.413787961006165 123.86805564910173 -25.811943113803864
58.62778997421265 125.0981007926166 35.05824691802263 63.29920279979706 123.85689726099372 -24.818590223789215
58.62778997421265 125.0981007926166 35.05824691802263 59.436280250549316 129.09416126459837 -30.238834470510483
58.62778997421265 125.0981007926166 35.05824691802263 63.18461763858795 123.8457388728857 -23.825237333774567
58.62778997421265 125.0981007926166 35.05824691802263 62.67922234535217 123.23115337640047 -25.903831027448177
58.62778997421265 125.0981007926166 35.05824691802263 61.94465672969818 122.59425110369921 -25.99571894109249
58.62778997421265 125.0981007926166 35.05824691802263 60.0562607049942 129.71990514919162 -29.15359366685152
58.62778997421265 125.0981007926166 35.05824691802263 62.564637184143066 123.21999498829246 -24.91047813743353
58.62778997421265 125.0981007926166 35.05824691802263 61.71548640727997 122.57193432748318 -24.009013161063194
58.62778997421265 125.0981007926166 35.05824691802263 61.29622161388397 130.97139291837811 -26.983112059533596
58.62778997421265 125.0981007926166 35.05824691802263 61.317912578582764 121.73129853978753 -15.004054322838783
58.62778997421265 125.0981007926166 35.05824691802263 62.678192019462585 129.5021307170391 -27.846899293363094
58.62778997421265 125.0981007926166 35.05824691802263 60.01718485355377 121.27581300586462 -22.206083208322525
58.62778997421265 125.0981007926166 35.05824691802263 59.01804578304291 131.22264251485467 -31.269865103065968
58.62778997421265 125.0981007926166 35.05824691802263 61.411837100982666 124.71157396584749 -26.033396683633327
58.62778997421265 125.0981007926166 35.05824691802263 62.04449939727783 130.24234101176262 -27.91168212145567
58.62778997421265 125.0981007926166 35.05824691802263 60.46078300476074 128.95737807825208 -27.10210505872965
58.62778997421265 125.0981007926166 35.05824691802263 60.17084586620331 129.73106353729963 -30.14694655686617
58.62778997421265 125.0981007926166 35.05824691802263 60.689953327178955 128.9796948544681 -29.088810838758945
58.62778997421265 125.0981007926166 35.05824691802263 61.929914236068726 130.2311826236546 -26.91832923144102
29.811063647270203 141.734271671623 35.94784092903137 41.55293798446655 139.9988448061049 -25.132348284125328
29.811063647270203 141.734271671623 35.94784092903137 41.02011835575104 142.11616766825318 -25.170026026666164
29.811063647270203 141.734271671623 35.94784092903137 40.790948033332825 142.09385089203715 -23.183320246636868
29.811063647270203 141.734271671623 35.94784092903137 36.26896917819977 138.26127886772156 -22.741294838488102
29.811063647270203 141.734271671623 35.94784092903137 36.134753704071045 134.94826017692685 -29.840863153338432
29.811063647270203 141.734271671623 35.94784092903137 36.23562669754028 136.32537274435163 -29.813758067786694
29.811063647270203 141.734271671623 35.94784092903137 35.28560292720795 134.30019951611757 -28.939398176968098
29.811063647270203 141.734271671623 35.94784092903137 38.950636982917786 143.5184795409441 -18.346121452748775
29.811063647270203 141.734271671623 35.94784092903137 35.635276556015015 139.00148916244507 -22.806077666580677
29.811063647270203 141.734271671623 35.94784092903137 41.525513648986816 142.73075316473842 -23.091432332992554
29.811063647270203 141.734271671623 35.94784092903137 39.949591279029846 135.41202156990767 -32.415692426264286
29.811063647270203 141.734271671623 35.94784092903137 36.73425829410553 136.70274956151843 -15.658258952200413
29.811063647270203 141.734271671623 35.94784092903137 38.53240251541138 145.6469607912004 -19.37715208530426
29.811063647270203 141.734271671623 35.94784092903137 45.5097850561142 137.7418562285602 -30.741446398198605
29.811063647270203 141.734271671623 35.94784092903137 37.09848964214325 135.60747922584414 -31.735681019723415
29.811063647270203 141.734271671623 35.94784092903137 42.38837659358978 142.01285964623094 -25.013355284929276
29.811063647270203 141.734271671623 35.94784092903137 38.10148620605469 142.87041888013482 -17.44465647637844
29.811063647270203 141.734271671623 35.94784092903137 32.797887086868286 137.8309926390648 -23.146524235606194
29.811063647270203 141.734271671623 35.94784092903137 39.32961082458496 134.78627768531442 -33.50093322992325
29.811063647270203 141.734271671623 35.94784092903137 38.56762087345123 136.88128377124667 -31.551905192434788
42.1452819108963 101.81268125027418 47.99582922458649 48.8096364736557 113.873076941818 -26.602138325572014
42.1452819108963 101.81268125027418 47.99582922458649 46.95664358139038 110.39268242940307 -18.801413290202618
42.1452819108963 101.81268125027418 47.99582922458649 47.69120919704437 111.02958470210433 -18.709525376558304
42.1452819108963 101.81268125027418 47.99582922458649 48.695051312446594 113.86191855370998 -25.608785435557365
42.1452819108963 101.81268125027418 47.99582922458649 48.92422163486481 113.88423532992601 -27.595491215586662
42.1452819108963 101.81268125027418 47.99582922458649 49.6587872505188 114.52113760262728 -27.50360330194235
42.1452819108963 101.81268125027418 47.99582922458649 45.47380018234253 110.4848320633173 -17.964731141924858
42.1452819108963 101.81268125027418 47.99582922458649 48.594178318977356 112.48480598628521 -25.635890521109104
42.1452819108963 101.81268125027418 47.99582922458649 50.29247987270355 113.78092730790377 -27.438820473849773
42.1452819108963 101.81268125027418 47.99582922458649 48.70876348018646 112.49596437439322 -26.629243411123753
42.1452819108963 101.81268125027418 47.99582922458649 48.07507085800171 113.23617466911674 -26.694026239216328
42.1452819108963 101.81268125027418 47.99582922458649 48.82334864139557 112.50712276250124 -27.6225963011384
42.1452819108963 101.81268125027418 47.99582922458649 47.576624035835266 111.01842631399632 -17.716172486543655
42.1452819108963 101.81268125027418 47.99582922458649 44.914586544036865 109.06308594346046 -14.018424667418003
42.1452819108963 101.81268125027418 47.99582922458649 45.14375686645508 109.0854027196765 -16.0051304474473
42.1452819108963 101.81268125027418 47.99582922458649 45.87832248210907 109.72230499237776 -15.913242533802986
42.1452819108963 101.81268125027418 47.99582922458649 47.441378235816956 113.97638496384025 -26.758809067308903
42.1452819108963 101.81268125027418 47.99582922458649 46.32295095920563 111.13289272412658 -18.866196118295193
42.1452819108963 101.81268125027418 47.99582922458649 46.842058420181274 110.38152404129505 -17.80806040018797
42.1452819108963 101.81268125027418 47.99582922458649 49.55791425704956 113.1440250352025 -27.530708387494087
40.63192319869995 123.44967126473784 45.04422252625227 47.797815561294556 118.91488328948617 -32.70239397883415
40.63192319869995 123.44967126473784 45.04422252625227 46.346253991127014 133.4848937280476 -28.679385133087635
40.63192319869995 123.44967126473784 45.04422252625227 44.37172746658325 131.59650368615985 -30.941754654049873
40.63192319869995 123.44967126473784 45.04422252625227 49.65775692462921 120.79211494326591 -29.446671567857265
40.63192319869995 123.44967126473784 45.04422252625227 41.40725576877594 123.66945407539606 -4.191969223320484
40.63192319869995 123.44967126473784 45.04422252625227 47.41884171962738 127.64708514511585 -17.54758220165968
40.63192319869995 123.44967126473784 45.04422252625227 42.134872913360596 125.90951920673251 -15.156528756022453
40.63192319869995 123.44967126473784 45.04422252625227 47.29936873912811 116.69713493436575 -23.72454022616148
40.63192319869995 123.44967126473784 45.04422252625227 44.8173862695694 126.73611407727003 -31.951639972627163
40.63192319869995 123.44967126473784 45.04422252625227 50.177894711494446 113.76976891979575 -26.445467583835125
40.63192319869995 123.44967126473784 45.04422252625227 47.83707618713379 125.51860389485955 -16.516551569104195
40.63192319869995 123.44967126473784 45.04422252625227 41.386595129966736 126.63857111334801 -14.22795869410038
40.63192319869995 123.44967126473784 45.04422252625227 46.18564450740814 126.63280605524778 -31.794969230890274
40.63192319869995 123.44967126473784 45.04422252625227 48.90168511867523 127.55493551120162 -18.38426434993744
40.63192319869995 123.44967126473784 45.04422252625227 52.89187467098236 127.23385305702686 -16.920899234712124
40.63192319869995 123.44967126473784 45.04422252625227 47.4061598777771 122.74206198379397 -14.584055960178375
40.63192319869995 123.44967126473784 45.04422252625227 50.14944005012512 122.77265461906791 -26.347619898617268
40.63192319869995 123.44967126473784 45.04422252625227 51.60382878780365 131.68339068442583 -27.08645436167717
40.63192319869995 123.44967126473784 45.04422252625227 49.54420208930969 114.50997921451926 -26.5102504119277
40.63192319869995 123.44967126473784 45.04422252625227 55.40701484680176 120.97115157544613 -24.754689127206802
59.2614825963974 124.3578904978931 35.12302974611521 60.57536816596985 128.9685364663601 -28.095457948744297
59.2614825963974 124.3578904978931 35.12302974611521 62.67922234535217 123.23115337640047 -25.903831027448177
59.2614825963974 124.3578904978931 35.12302974611521 61.42451894283295 129.61659712716937 -28.99692292511463
59.2614825963974 124.3578904978931 35.12302974611521 59.498077392578125 122.02718168869615 -23.26421892642975
59.2614825963974 124.3578904978931 35.12302974611521 62.03181755542755 125.33731785044074 -24.948155879974365
59.2614825963974 124.3578904978931 35.12302974611521 60.13177001476288 121.28697139397264 -23.199436098337173
59.2614825963974 124.3578904978931 35.12302974611521 60.56268632411957 124.06351330503821 -25.131931707262993
59.2614825963974 124.3578904978931 35.12302974611521 61.29622161388397 130.97139291837811 -26.983112059533596
59.2614825963974 124.3578904978931 35.12302974611521 59.65173840522766 130.48243222013116 -31.205082274973392
59.2614825963974 124.3578904978931 35.12302974611521 61.41080677509308 130.98255130648613 -27.976464949548244
59.2614825963974 124.3578904978931 35.12302974611521 62.56360685825348 129.4909723289311 -26.853546403348446
59.2614825963974 124.3578904978931 35.12302974611521 61.30993378162384 129.60543873906136 -28.003570035099983
59.2614825963974 124.3578904978931 35.12302974611521 61.31096410751343 123.33446139842272 -26.060501769185066
59.2614825963974 124.3578904978931 35.12302974611521 60.91339027881622 122.49382561072707 -17.055542930960655
59.2614825963974 124.3578904978931 35.12302974611521 60.05052733421326 123.21171912923455 -15.133619979023933
59.2614825963974 124.3578904978931 35.12302974611521 61.943626403808594 128.86522844433784 -27.938787207007408
59.2614825963974 124.3578904978931 35.12302974611521 60.56165599822998 130.33449064567685 -27.07499997317791
59.2614825963974 124.3578904978931 35.12302974611521 60.17084586620331 129.73106353729963 -30.14694655686617
59.2614825963974 124.3578904978931 35.12302974611521 63.18461763858795 123.8457388728857 -23.825237333774567
59.2614825963974 124.3578904978931 35.12302974611521 62.04449939727783 130.24234101176262 -27.91168212145567
57.23313772678375 121.66233983263373 38.885560393333435 60.01718485355377 121.27581300586462 -22.206083208322525
57.23313772678375 121.66233983263373 38.885560393333435 61.18266677856445 124.68925718963146 -24.04669090360403
57.23313772678375 121.66233983263373 38.885560393333435 59.902599692344666 121.2646546177566 -21.212730318307877
57.23313772678375 121.66233983263373 38.885560393333435 61.525391936302185 130.99370969459414 -28.969817839562893
57.23313772678375 121.66233983263373 38.885560393333435 61.019996643066406 130.3791241981089 -31.048411533236504
57.23313772678375 121.66233983263373 38.885560393333435 62.78009533882141 124.60826594382524 -25.87672594189644
57.23313772678375 121.66233983263373 38.885560393333435 60.677271485328674 124.07467169314623 -26.12528459727764
57.23313772678375 121.66233983263373 38.885560393333435 58.80258762836456 129.83437155932188 -30.303617298603058
57.23313772678375 121.66233983263373 38.885560393333435 60.11805784702301 122.6529255732894 -22.178978122770786
57.23313772678375 121.66233983263373 38.885560393333435 60.57536816596985 128.9685364663601 -28.095457948744297
57.23313772678375 121.66233983263373 38.885560393333435 60.56165599822998 130.33449064567685 -27.07499997317791
57.23313772678375 121.66233983263373 38.885560393333435 58.86438477039337 122.76739198341966 -23.329001754522324
57.23313772678375 121.66233983263373 38.885560393333435 61.93094456195831 123.96020528301597 -24.975260965526104
57.23313772678375 121.66233983263373 38.885560393333435 61.917232394218445 125.32615946233273 -23.954802989959717
57.23313772678375 121.66233983263373 38.885560393333435 60.44810116291046 124.0523549169302 -24.138578817248344
57.23313772678375 121.66233983263373 38.885560393333435 61.41080677509308 130.98255130648613 -27.976464949548244
57.23313772678375 121.66233983263373 38.885560393333435 58.58139610290527 121.93791458383203 -15.317395806312561
57.23313772678375 121.66233983263373 38.885560393333435 60.689953327178955 128.9796948544681 -29.088810838758945
57.23313772678375 121.66233983263373 38.885560393333435 62.14640271663666 125.34847623854876 -25.941508769989014
57.23313772678375 121.66233983263373 38.885560393333435 59.32967388629913 121.20886267721653 -16.245965868234634
43.29499101638794 119.13403429463506 43.289542973041534 50.518559217453 132.6161761060357 -35.25473105162382
43.29499101638794 119.13403429463506 43.289542973041534 50.50587737560272 127.71115294471383 -32.29120481014252
43.29499101638794 119.13403429463506 43.289542973041534 47.31796872615814 126.26997257769108 -17.574687287211418
43.29499101638794 119.13403429463506 43.289542973041534 44.05661141872406 120.71977128461003 -4.926190800964832
43.29499101638794 119.13403429463506 43.289542973041534 44.28559696674347 122.58245959877968 -30.046249449253082
43.29499101638794 119.13403429463506 43.289542973041534 47.454060077667236 118.88140812516212 -29.722335308790207
43.29499101638794 119.13403429463506 43.289542973041534 53.64015245437622 126.50480115041137 -17.849469296634197
43.29499101638794 119.13403429463506 43.289542973041534 47.441378235816956 113.97638496384025 -26.758809067308903
43.29499101638794 119.13403429463506 43.289542973041534 54.25318443775177 128.7337078936398 -27.820675939321518
43.29499101638794 119.13403429463506 43.289542973041534 49.69006907939911 128.99899840727448 -24.31727660447359
43.29499101638794 119.13403429463506 43.289542973041534 49.48832309246063 126.24477327242494 -24.37148677557707
43.29499101638794 119.13403429463506 43.289542973041534 48.220937848091125 127.72519386187196 -24.50105243176222
43.29499101638794 119.13403429463506 43.289542973041534 45.82244348526001 121.45709905028343 -13.774478897452354
43.29499101638794 119.13403429463506 43.289542973041534 45.937028646469116 121.46825743839145 -14.767831787467003
43.29499101638794 119.13403429463506 43.289542973041534 43.58437383174896 123.88146344944835 -23.065674133598804
43.29499101638794 119.13403429463506 43.289542973041534 53.05454480648041 121.54398604854941 -9.91917860507965
43.29499101638794 119.13403429463506 43.289542973041534 50.27670705318451 127.6888361684978 -30.30449903011322
43.29499101638794 119.13403429463506 43.289542973041534 49.5548232793808 131.95695705711842 -33.35991318523884
43.29499101638794 119.13403429463506 43.289542973041534 44.36026072502136 118.58013164624572 -2.901807278394699
43.29499101638794 119.13403429463506 43.289542973041534 45.16809022426605 125.16642638295889 -23.875251196324825
30.33017110824585 140.98290298879147 37.005976647138596 40.9192453622818 140.7390551008284 -25.197131112217903
30.33017110824585 140.98290298879147 37.005976647138596 47.107213616371155 137.660864982754 -32.57148143649101
30.33017110824585 140.98290298879147 37.005976647138596 37.961352586746216 134.88958570733666 -33.65760397166014
30.33017110824585 140.98290298879147 37.005976647138596 38.466747879981995 135.5041712038219 -31.579010277986526
30.33017110824585 140.98290298879147 37.005976647138596 40.5951201915741 144.00744023919106 -14.124151237308979
30.33017110824585 140.98290298879147 37.005976647138596 43.022069215774536 141.27264935150743 -24.9485724568367
30.33017110824585 140.98290298879147 37.005976647138596 36.72054612636566 138.0687037408352 -14.637800976634026
30.33017110824585 140.98290298879147 37.005976647138596 34.66562247276306 133.67445563152432 -30.02463898062706
30.33017110824585 140.98290298879147 37.005976647138596 37.69696390628815 143.63294595107436 -19.496145084500313
30.33017110824585 140.98290298879147 37.005976647138596 36.24154484272003 140.99318722635508 -20.700378887355328
30.33017110824585 140.98290298879147 37.005976647138596 47.20808660984039 139.03797755017877 -32.544376350939274
30.33017110824585 140.98290298879147 37.005976647138596 37.063271284103394 144.37315624579787 -19.560927912592888
30.33017110824585 140.98290298879147 37.005976647138596 44.269824147224426 136.4903684593737 -32.91192800551653
30.33017110824585 140.98290298879147 37.005976647138596 47.71348190307617 139.652563046664 -30.465782657265663
30.33017110824585 140.98290298879147 37.005976647138596 44.775219440460205 137.10495395585895 -30.83333431184292
30.33017110824585 140.98290298879147 37.005976647138596 38.796791195869446 136.9036005474627 -33.538610972464085
30.33017110824585 140.98290298879147 37.005976647138596 40.790948033332825 142.09385089203715 -23.183320246636868
30.33017110824585 140.98290298879147 37.005976647138596 40.06417644023895 135.42317995801568 -33.409045316278934
30.33017110824585 140.98290298879147 37.005976647138596 46.24435067176819 138.37875850126147 -30.64955848455429
30.33017110824585 140.98290298879147 37.005976647138596 42.79289889335632 141.2503325752914 -22.961866676807404
43.423288345336914 117.77923850342631 41.2757321074605 49.429616928100586 114.49882082641125 -25.51689752191305
43.423288345336914 117.77923850342631 41.2757321074605 51.93019938468933 114.0326793268323 -11.139944836497307
43.423288345336914 117.77923850342631 41.2757321074605 49.55688393115997 119.41500237584114 -29.473776653409004
43.423288345336914 117.77923850342631 41.2757321074605 46.45613610744476 120.71688875555992 -13.70969606935978
43.423288345336914 117.77923850342631 41.2757321074605 47.33947491645813 118.87024973705411 -28.72898241877556
43.423288345336914 117.77923850342631 41.2757321074605 49.051673412323 116.96004534140229 -8.419017478823662
43.423288345336914 117.77923850342631 41.2757321074605 44.8173862695694 126.73611407727003 -31.951639972627163
43.423288345336914 117.77923850342631 41.2757321074605 45.6871976852417 124.41505770012736 -22.8171154782176
43.423288345336914 117.77923850342631 41.2757321074605 49.79892086982727 122.50197077542543 -11.290655806660652
43.423288345336914 117.77923850342631 41.2757321074605 46.171932339668274 127.99876023456454 -30.774511255323887
43.423288345336914 117.77923850342631 41.2757321074605 48.79592430591583 115.23903112113476 -25.581680350005627
43.423288345336914 117.77923850342631 41.2757321074605 46.69103980064392 127.24739155173302 -29.716375537216663
43.423288345336914 117.77923850342631 41.2757321074605 47.797815561294556 118.91488328948617 -32.70239397883415
43.423288345336914 117.77923850342631 41.2757321074605 47.919349193573 117.322878818959 -22.639299422502518
43.423288345336914 117.77923850342631 41.2757321074605 48.92422163486481 113.88423532992601 -27.595491215586662
43.423288345336914 117.77923850342631 41.2757321074605 48.5589599609375 121.25048300623894 -13.461137413978577
43.423288345336914 117.77923850342631 41.2757321074605 46.423823952674866 112.51000529155135 -18.839091032743454
43.423288345336914 117.77923850342631 41.2757321074605 44.47484588623047 118.59129003435373 -3.8951601684093475
43.423288345336914 117.77923850342631 41.2757321074605 52.54323136806488 116.26158607006073 -21.111151479184628
43.423288345336914 117.77923850342631 41.2757321074605 46.18564450740814 126.63280605524778 -31.794969230890274
40.517338037490845 123.43851287662983 46.03757541626692 39.20337414741516 123.59911879524589 -27.60098583251238
40.517338037490845 123.43851287662983 46.03757541626692 44.38440930843353 136.50152684748173 -33.90528089553118
40.517338037490845 123.43851287662983 46.03757541626692 48.66762697696686 116.5938269123435 -23.56786948442459
40.517338037490845 123.43851287662983 46.03757541626692 52.372767210006714 127.98522173985839 -17.979034952819347
40.517338037490845 123.43851287662983 46.03757541626692 51.5567741394043 131.11343874037266 -33.138459615409374
40.517338037490845 123.43851287662983 46.03757541626692 48.60686016082764 117.38982914760709 -28.59941676259041
40.517338037490845 123.43851287662983 46.03757541626692 50.30310106277466 131.22790515050292 -34.28848324716091
40.517338037490845 123.43851287662983 46.03757541626692 45.31704819202423 120.8425135537982 -15.853072591125965
40.517338037490845 123.43851287662983 46.03757541626692 44.270854473114014 130.21939111873507 -30.968859739601612
40.517338037490845 123.43851287662983 46.03757541626692 44.94568359851837 125.38131828606129 -33.9654508382082
40.517338037490845 123.43851287662983 46.03757541626692 51.571701407432556 121.63613568246365 -9.082496456801891
40.517338037490845 123.43851287662983 46.03757541626692 49.06435525417328 121.86506850272417 -11.382543720304966
40.517338037490845 123.43851287662983 46.03757541626692 49.5548232793808 131.95695705711842 -33.35991318523884
40.517338037490845 123.43851287662983 46.03757541626692 44.47260046005249 132.97361625358462 -30.914649568498135
40.517338037490845 123.43851287662983 46.03757541626692 40.092631101608276 126.42029425874352 -33.50689300149679
40.517338037490845 123.43851287662983 46.03757541626692 51.2737854719162 130.28396134078503 -25.12685366719961
40.517338037490845 123.43851287662983 46.03757541626692 47.82439434528351 120.61358073353767 -13.55302532762289
40.517338037490845 123.43851287662983 46.03757541626692 44.600897789001465 131.61882046237588 -32.92846043407917
40.517338037490845 123.43851287662983 46.03757541626692 46.171932339668274 127.99876023456454 -30.774511255323887
40.517338037490845 123.43851287662983 46.03757541626692 47.25231409072876 116.12718299031258 -29.776545479893684
32.15986096858978 122.11129649728537 39.01844062656164 43.948789954185486 120.94582157582045 -16.009743332862854
32.15986096858978 122.11129649728537 39.01844062656164 41.31887984275818 129.03773620724678 -30.31595341861248
32.15986096858978 122.11129649728537 39.01844062656164 39.054600954055786 126.08266008645296 -12.489811569452286
32.15986096858978 122.11129649728537 39.01844062656164 47.99956154823303 121.66910842433572 -32.648183807730675
32.15986096858978 122.11129649728537 39.01844062656164 45.13474774360657 123.23052025958896 -30.947714425623417
32.15986096858978 122.11129649728537 39.01844062656164 38.050758838653564 123.25032623484731 -5.590551510453224
32.15986096858978 122.11129649728537 39.01844062656164 40.834145188331604 125.4540336728096 -22.358557641506195
32.15986096858978 122.11129649728537 39.01844062656164 50.50587737560272 127.71115294471383 -32.29120481014252
32.15986096858978 122.11129649728537 39.01844062656164 49.65775692462921 120.79211494326591 -29.446671567857265
32.15986096858978 122.11129649728537 39.01844062656164 45.6871976852417 124.41505770012736 -22.8171154782176
32.15986096858978 122.11129649728537 39.01844062656164 39.47856879234314 130.46236485615373 -25.478754624724388
32.15986096858978 122.11129649728537 39.01844062656164 48.633254170417786 120.92889812961221 -32.5834009796381
32.15986096858978 122.11129649728537 39.01844062656164 39.24348032474518 125.77223359793425 -32.60542802512646
32.15986096858978 122.11129649728537 39.01844062656164 46.69103980064392 127.24739155173302 -29.716375537216663
32.15986096858978 122.11129649728537 39.01844062656164 39.533602237701416 123.15817660093307 -6.427233658730984
32.15986096858978 122.11129649728537 39.01844062656164 46.618621468544006 116.86739328503609 -29.84132830798626
32.15986096858978 122.11129649728537 39.01844062656164 49.52945959568024 122.14691073447466 -27.43286070227623
32.15986096858978 122.11129649728537 39.01844062656164 47.467772245407104 117.51545394584537 -30.742793284356594
32.15986096858978 122.11129649728537 39.01844062656164 45.106293082237244 132.2334059588611 -30.84986674040556
32.15986096858978 122.11129649728537 39.01844062656164 40.787275314331055 123.04371019080281 -5.277210026979446
35.7318160533905 123.91869529336691 39.45077510923147 40.25445568561554 125.1610330529511 -5.314887769520283
35.7318160533905 123.91869529336691 39.45077510923147 50.99859082698822 123.42071527987719 -27.249084874987602
35.7318160533905 123.91869529336691 39.45077510923147 51.253124833106995 133.25307837873697 -35.16284313797951
35.7318160533905 123.91869529336691 39.45077510923147 36.58144283294678 123.8168932273984 -28.907680206000805
35.7318160533905 123.91869529336691 39.45077510923147 47.99176752567291 127.70287708565593 -22.51434665173292
35.7318160533905 123.91869529336691 39.45077510923147 45.619667172431946 124.97385125607252 -15.771757334470749
35.7318160533905 123.91869529336691 39.45077510923147 39.20337414741516 123.59911879524589 -27.60098583251238
35.7318160533905 123.91869529336691 39.45077510923147 39.088788986206055 123.58796040713787 -26.60763294249773
35.7318160533905 123.91869529336691 39.45077510923147 38.037046670913696 124.61628041416407 -4.570093534886837
35.7318160533905 123.91869529336691 39.45077510923147 40.48344123363495 127.02372136712074 -30.434946417808533
35.7318160533905 123.91869529336691 39.45077510923147 46.45613610744476 120.71688875555992 -13.70969606935978
35.7318160533905 123.91869529336691 39.45077510923147 48.10146486759186 116.77524365112185 -30.67801045626402
35.7318160533905 123.91869529336691 39.45077510923147 39.98396408557892 131.07695035263896 -23.400160931050777
35.7318160533905 123.91869529336691 39.45077510923147 42.04094839096069 122.92924378067255 -4.127186395227909
35.7318160533905 123.91869529336691 39.45077510923147 37.861509919166565 127.24149579927325 -31.74164079129696
35.7318160533905 123.91869529336691 39.45077510923147 44.97799575328827 133.58820175006986 -28.836055874824524
35.7318160533905 123.91869529336691 39.45077510923147 48.80860614776611 120.14405428245664 -28.54520659148693
35.7318160533905 123.91869529336691 39.45077510923147 47.97316753864288 118.1300394423306 -28.664199590682983
35.7318160533905 123.91869529336691 39.45077510923147 49.009321808815 129.16925675794482 -30.43406468629837
35.7318160533905 123.91869529336691 39.45077510923147 40.098549246788025 131.08810874074697 -24.393513821065426
57.67776620388031 123.07292756438255 35.93260680884123 62.04449939727783 130.24234101176262 -27.91168212145567
57.67776620388031 123.07292756438255 35.93260680884123 60.79880511760712 122.48266722261906 -16.062190040946007
57.67776620388031 123.07292756438255 35.93260680884123 61.929914236068726 130.2311826236546 -26.91832923144102
57.67776620388031 123.07292756438255 35.93260680884123 62.45005202293396 123.20883660018444 -23.91712524741888
57.67776620388031 123.07292756438255 35.93260680884123 61.830071568489075 122.58309271559119 -25.002366051077843
57.67776620388031 123.07292756438255 35.93260680884123 60.27969765663147 123.23403590545058 -17.12032575905323
57.67776620388031 123.07292756438255 35.93260680884123 59.94965434074402 121.83460656180978 -15.160725064575672
57.67776620388031 123.07292756438255 35.93260680884123 61.82904124259949 128.85407005622983 -26.94543431699276
57.67776620388031 123.07292756438255 35.93260680884123 59.436280250549316 129.09416126459837 -30.238834470510483
57.67776620388031 123.07292756438255 35.93260680884123 60.79082632064819 130.35680742189288 -29.061705753207207
57.67776620388031 123.07292756438255 35.93260680884123 59.21508872509003 121.19770428910851 -15.252612978219986
57.67776620388031 123.07292756438255 35.93260680884123 58.91717278957367 129.8455299474299 -31.296970188617706
57.67776620388031 123.07292756438255 35.93260680884123 59.498077392578125 122.02718168869615 -23.26421892642975
57.67776620388031 123.07292756438255 35.93260680884123 60.56165599822998 130.33449064567685 -27.07499997317791
57.67776620388031 123.07292756438255 35.93260680884123 59.28261923789978 120.63891073316336 -22.29797112196684
57.67776620388031 123.07292756438255 35.93260680884123 63.413787961006165 123.86805564910173 -25.811943113803864
57.67776620388031 123.07292756438255 35.93260680884123 59.36978006362915 123.38197747990489 -21.250408060848713
57.67776620388031 123.07292756438255 35.93260680884123 62.14640271663666 125.34847623854876 -25.941508769989014
57.67776620388031 123.07292756438255 35.93260680884123 59.96336650848389 120.46865238249302 -16.18118304014206
57.67776620388031 123.07292756438255 35.93260680884123 60.68421995639801 122.47150883451104 -15.068837150931358
58.31145882606506 122.33271726965904 35.997389636933804 58.749799609184265 122.75623359531164 -22.335648864507675
58.31145882606506 122.33271726965904 35.997389636933804 60.751750469207764 121.91271527856588 -22.11419529467821
58.31145882606506 122.33271726965904 35.997389636933804 59.315961718559265 122.57481685653329 -15.225507892668247
58.31145882606506 122.33271726965904 35.997389636933804 61.317912578582764 121.73129853978753 -15.004054322838783
58.31145882606506 122.33271726965904 35.997389636933804 60.23264300823212 122.66408396139741 -23.172331012785435
58.31145882606506 122.33271726965904 35.997389636933804 58.01523399353027 122.11933132261038 -22.42753677815199
58.31145882606506 122.33271726965904 35.997389636933804 60.68421995639801 122.47150883451104 -15.068837150931358
58.31145882606506 122.33271726965904 35.997389636933804 63.18461763858795 123.8457388728857 -23.825237333774567
58.31145882606506 122.33271726965904 35.997389636933804 60.58334696292877 121.09439626708627 -15.095942236483097
58.31145882606506 122.33271726965904 35.997389636933804 61.42451894283295 129.61659712716937 -28.99692292511463
58.31145882606506 122.33271726965904 35.997389636933804 62.04449939727783 130.24234101176262 -27.91168212145567
58.31145882606506 122.33271726965904 35.997389636933804 61.29725193977356 124.70041557773948 -25.04004379361868
58.31145882606506 122.33271726965904 35.997389636933804 61.81635940074921 123.94904689490795 -23.981908075511456
58.31145882606506 122.33271726965904 35.997389636933804 60.57536816596985 128.9685364663601 -28.095457948744297
58.31145882606506 122.33271726965904 35.997389636933804 61.43249773979187 121.74245692789555 -15.997407212853432
58.31145882606506 122.33271726965904 35.997389636933804 61.195348620414734 129.59428035095334 -27.010217145085335
58.31145882606506 122.33271726965904 35.997389636933804 62.15908455848694 130.25349939987063 -28.905035011470318
58.31145882606506 122.33271726965904 35.997389636933804 61.2090607881546 128.22832617163658 -28.030675120651722
58.31145882606506 122.33271726965904 35.997389636933804 62.678192019462585 129.5021307170391 -27.846899293363094
58.31145882606506 122.33271726965904 35.997389636933804 63.29920279979706 123.85689726099372 -24.818590223789215
33.06771790981293 134.50530960410833 39.26238639652729 40.81160867214203 139.1247338540852 -13.147330775856972
33.06771790981293 134.50530960410833 39.26238639652729 38.15736520290375 131.13562482222915 -19.583420112729073
33.06771790981293 134.50530960410833 39.26238639652729 46.920210123062134 127.26970832794905 -31.70308131724596
33.06771790981293 134.50530960410833 39.26238639652729 39.97804594039917 126.40913587063551 -32.51354011148214
33.06771790981293 134.50530960410833 39.26238639652729 36.02016854286194 134.93710178881884 -28.847510263323784
33.06771790981293 134.50530960410833 39.26238639652729 44.5871856212616 132.98477464169264 -31.908002458512783
33.06771790981293 134.50530960410833 39.26238639652729 40.31400740146637 132.47637969627976 -25.359761625528336
33.06771790981293 134.50530960410833 39.26238639652729 36.04082918167114 131.9679847508669 -18.811520792543888
33.06771790981293 134.50530960410833 39.26238639652729 42.90748405456543 141.2614909633994 -23.955219566822052
33.06771790981293 134.50530960410833 39.26238639652729 48.017131209373474 137.51292340829968 -28.44139913469553
33.06771790981293 134.50530960410833 39.26238639652729 51.152251839637756 131.8759658113122 -35.189948223531246
33.06771790981293 134.50530960410833 39.26238639652729 37.98980724811554 125.88670000806451 -33.755451656877995
33.06771790981293 134.50530960410833 39.26238639652729 38.5813330411911 135.5153295919299 -32.572363168001175
33.06771790981293 134.50530960410833 39.26238639652729 45.00438976287842 137.12727073207498 -32.820040091872215
33.06771790981293 134.50530960410833 39.26238639652729 41.539225816726685 141.36479898542166 -24.11189030855894
33.06771790981293 134.50530960410833 39.26238639652729 49.50100493431091 131.14979643374681 -27.335013017058372
33.06771790981293 134.50530960410833 39.26238639652729 38.365874886512756 134.12705863639712 -31.606115363538265
33.06771790981293 134.50530960410833 39.26238639652729 49.71543276309967 138.80904472991824 -30.2443290874362
33.06771790981293 134.50530960410833 39.26238639652729 39.86346077919006 126.3979774825275 -31.520187221467495
33.06771790981293 134.50530960410833 39.26238639652729 37.87522208690643 125.8755416199565 -32.762098766863346
34.99725043773651 123.28179302066565 39.35888719558716 45.45107889175415 125.99590378254652 -31.886857144534588
34.99725043773651 123.28179302066565 39.35888719558716 44.50002479553223 130.2417078949511 -32.95556551963091
34.99725043773651 123.28179302066565 39.35888719558716 44.5871856212616 132.98477464169264 -31.908002458512783
34.99725043773651 123.28179302066565 39.35888719558716 47.08879840373993 126.24765580147505 -15.587981507182121
34.99725043773651 123.28179302066565 39.35888719558716 38.89990961551666 123.89838689565659 -6.492016486823559
34.99725043773651 123.28179302066565 39.35888719558716 45.937028646469116 121.46825743839145 -14.767831787467003
34.99725043773651 123.28179302066565 39.35888719558716 40.10549771785736 129.4849458821118 -13.337066374719143
34.99725043773651 123.28179302066565 39.35888719558716 50.822208523750305 130.4765364676714 -33.23034752905369
34.99725043773651 123.28179302066565 39.35888719558716 38.49520254135132 126.50128550454974 -31.676857963204384
34.99725043773651 123.28179302066565 39.35888719558716 39.24939846992493 130.4400480799377 -23.49204884469509
34.99725043773651 123.28179302066565 39.35888719558716 39.41901707649231 123.14701821282506 -5.433880768716335
34.99725043773651 123.28179302066565 39.35888719558716 37.20142328739166 124.44263711199164 -27.822439402341843
34.99725043773651 123.28179302066565 39.35888719558716 49.02303397655487 127.80330257862806 -31.454522661864758
34.99725043773651 123.28179302066565 39.35888719558716 44.8173862695694 126.73611407727003 -31.951639972627163
34.99725043773651 123.28179302066565 39.35888719558716 43.853835105895996 124.23652349039912 -6.923469237983227
34.99725043773651 123.28179302066565 39.35888719558716 49.656726598739624 127.06309228390455 -31.389739833772182
34.99725043773651 123.28179302066565 39.35888719558716 42.10153043270111 123.97361308336258 -22.228991985321045
34.99725043773651 123.28179302066565 39.35888719558716 44.697067737579346 120.21676966920495 -16.938313394784927
34.99725043773651 123.28179302066565 39.35888719558716 46.557009100914 122.0940013229847 -13.68259098380804
34.99725043773651 123.28179302066565 39.35888719558716 38.844876170158386 131.20257515087724 -25.543537452816963
31.970796823501587 124.2620945237577 36.00070421397686 39.83603644371033 129.129885841161 -29.47927127033472
31.970796823501587 124.2620945237577 36.00070421397686 39.34435331821442 127.14934616535902 -32.57832293957472
31.970796823501587 124.2620945237577 36.00070421397686 38.21118354797363 131.94278544560075 -25.60832028090954
31.970796823501587 124.2620945237577 36.00070421397686 35.939956188201904 130.59087218344212 -18.838625878095627
31.970796823501587 124.2620945237577 36.00070421397686 38.55615413188934 123.86491173133254 -3.5119578167796135
31.970796823501587 124.2620945237577 36.00070421397686 40.092631101608276 126.42029425874352 -33.50689300149679
31.970796823501587 124.2620945237577 36.00070421397686 44.318939447402954 124.51836572214961 -22.97378621995449
31.970796823501587 124.2620945237577 36.00070421397686 38.67073929309845 123.87607011944056 -4.505310706794262
31.970796823501587 124.2620945237577 36.00070421397686 38.73029100894928 131.19141676276922 -24.550184562802315
31.970796823501587 124.2620945237577 36.00070421397686 45.23459041118622 130.87861016765237 -32.863677605986595
31.970796823501587 124.2620945237577 36.00070421397686 44.270854473114014 130.21939111873507 -30.968859739601612
31.970796823501587 124.2620945237577 36.00070421397686 39.1898467540741 123.12470143660903 -3.4471749886870384
31.970796823501587 124.2620945237577 36.00070421397686 40.685187220573425 129.7779465019703 -30.380736246705055
31.970796823501587 124.2620945237577 36.00070421397686 43.7380348443985 132.33671398088336 -31.00653748214245
31.970796823501587 124.2620945237577 36.00070421397686 44.7017707824707 132.99593302980065 -32.90135534852743
31.970796823501587 124.2620945237577 36.00070421397686 38.61570584774017 131.1802583746612 -23.556831672787666
31.970796823501587 124.2620945237577 36.00070421397686 43.76648950576782 123.3338282816112 -31.104385167360306
31.970796823501587 124.2620945237577 36.00070421397686 43.96720516681671 132.3590307570994 -32.993243262171745
31.970796823501587 124.2620945237577 36.00070421397686 46.084771513938904 125.25569348782301 -31.822074316442013
31.970796823501587 124.2620945237577 36.00070421397686 37.861509919166565 127.24149579927325 -31.74164079129696
58.19687366485596 122.32155888155103 36.99074252694845 61.54708290100098 121.75361531600356 -16.99076010286808
58.19687366485596 122.32155888155103 36.99074252694845 60.67624115943909 130.34564903378487 -28.06835286319256
58.19687366485596 122.32155888155103 36.99074252694845 60.69793212413788 121.10555465519428 -16.089295126497746
58.19687366485596 122.32155888155103 36.99074252694845 60.285431027412415 129.74222192540765 -31.140299446880817
58.19687366485596 122.32155888155103 36.99074252694845 61.71548640727997 122.57193432748318 -24.009013161063194
58.19687366485596 122.32155888155103 36.99074252694845 60.07795166969299 120.47981077060103 -17.174535930156708
58.19687366485596 122.32155888155103 36.99074252694845 59.84878134727478 120.457493994385 -15.187830150127411
58.19687366485596 122.32155888155103 36.99074252694845 61.830071568489075 122.58309271559119 -25.002366051077843
58.19687366485596 122.32155888155103 36.99074252694845 62.5509250164032 124.58594916760921 -23.89002016186714
58.19687366485596 122.32155888155103 36.99074252694845 59.54513204097748 122.59713363274932 -17.212213672697544
58.19687366485596 122.32155888155103 36.99074252694845 59.32967388629913 121.20886267721653 -16.245965868234634
58.19687366485596 122.32155888155103 36.99074252694845 61.943626403808594 128.86522844433784 -27.938787207007408
58.19687366485596 122.32155888155103 36.99074252694845 59.36978006362915 123.38197747990489 -21.250408060848713
58.19687366485596 122.32155888155103 36.99074252694845 60.17882466316223 121.85692333802581 -17.14743084460497
58.19687366485596 122.32155888155103 36.99074252694845 61.31096410751343 123.33446139842272 -26.060501769185066
58.19687366485596 122.32155888155103 36.99074252694845 60.003472685813904 122.64176718518138 -21.185625232756138
58.19687366485596 122.32155888155103 36.99074252694845 62.665510177612305 124.59710755571723 -24.88337305188179
58.19687366485596 122.32155888155103 36.99074252694845 61.195348620414734 129.59428035095334 -27.010217145085335
58.19687366485596 122.32155888155103 36.99074252694845 59.43054687976837 122.5859752446413 -16.218860782682896
58.19687366485596 122.32155888155103 36.99074252694845 60.91339027881622 122.49382561072707 -17.055542930960655
45.41255736351013 112.03069702535868 44.46071191877127 49.051673412323 116.96004534140229 -8.419017478823662
45.41255736351013 112.03069702535868 44.46071191877127 53.298457622528076 113.92937130481005 -10.983274094760418
45.41255736351013 112.03069702535868 44.46071191877127 54.43754553794861 113.80374650657177 -8.839897572994232
45.41255736351013 112.03069702535868 44.46071191877127 52.0378360748291 115.6470005735755 -23.189745172858238
45.41255736351013 112.03069702535868 44.46071191877127 57.227880358695984 114.40429108589888 -14.55145625770092
45.41255736351013 112.03069702535868 44.46071191877127 50.378610372543335 122.79497139528394 -28.334325678646564
45.41255736351013 112.03069702535868 44.46071191877127 49.52945959568024 122.14691073447466 -27.43286070227623
45.41255736351013 112.03069702535868 44.46071191877127 59.33070421218872 114.93788533657789 -14.302897602319717
45.41255736351013 112.03069702535868 44.46071191877127 49.17997074127197 115.60524955019355 -10.432828344404697
45.41255736351013 112.03069702535868 44.46071191877127 51.923250913619995 115.63584218546748 -22.19639228284359
45.41255736351013 112.03069702535868 44.46071191877127 51.28955829143524 116.37605248019099 -22.261175110936165
45.41255736351013 112.03069702535868 44.46071191877127 50.92514216899872 119.3116943538189 -29.317105911672115
45.41255736351013 112.03069702535868 44.46071191877127 47.898688554763794 120.29199585691094 -32.67528889328241
45.41255736351013 112.03069702535868 44.46071191877127 52.85956251621246 119.0269695930183 -22.0502941980958
45.41255736351013 112.03069702535868 44.46071191877127 51.93019938468933 114.0326793268323 -11.139944836497307
45.41255736351013 112.03069702535868 44.46071191877127 54.88790738582611 121.72252025827765 -25.812824845314026
45.41255736351013 112.03069702535868 44.46071191877127 50.89771783351898 122.04360271245241 -27.27618996053934
45.41255736351013 112.03069702535868 44.46071191877127 54.45125770568848 112.43779232725501 -9.86035554856062
45.41255736351013 112.03069702535868 44.46071191877127 52.54323136806488 116.26158607006073 -21.111151479184628
45.41255736351013 112.03069702535868 44.46071191877127 50.38658916950226 114.92083119601011 -15.334809966385365
32.36160695552826 124.86552163213491 39.07265079766512 43.63716185092926 130.95960141345859 -31.033642567694187
32.36160695552826 124.86552163213491 39.07265079766512 49.02303397655487 127.80330257862806 -31.454522661864758
32.36160695552826 124.86552163213491 39.07265079766512 43.00346922874451 131.6998117081821 -31.098425395786762
32.36160695552826 124.86552163213491 39.07265079766512 37.20142328739166 124.44263711199164 -27.822439402341843
32.36160695552826 124.86552163213491 39.07265079766512 45.33546340465546 132.25572273507714 -32.836572520434856
32.36160695552826 124.86552163213491 39.07265079766512 47.99956154823303 121.66910842433572 -32.648183807730675
32.36160695552826 124.86552163213491 39.07265079766512 50.492165207862854 129.0771071240306 -31.27074683457613
32.36160695552826 124.86552163213491 39.07265079766512 35.30626356601715 131.33108247816563 -18.903408706188202
32.36160695552826 124.86552163213491 39.07265079766512 39.3044319152832 123.13585982471704 -4.440527878701687
32.36160695552826 124.86552163213491 39.07265079766512 35.18472993373871 132.9230869486928 -28.966503262519836
32.36160695552826 124.86552163213491 39.07265079766512 49.009321808815 129.16925675794482 -30.43406468629837
32.36160695552826 124.86552163213491 39.07265079766512 35.42084872722626 131.34224086627364 -19.89676159620285
32.36160695552826 124.86552163213491 39.07265079766512 38.73029100894928 131.19141676276922 -24.550184562802315
32.36160695552826 124.86552163213491 39.07265079766512 38.35422337055206 122.95105813443661 -26.699520856142044
32.36160695552826 124.86552163213491 39.07265079766512 37.61965775489807 122.31415586173534 -26.791408769786358
32.36160695552826 124.86552163213491 39.07265079766512 44.37172746658325 131.59650368615985 -30.941754654049873
32.36160695552826 124.86552163213491 39.07265079766512 37.40908741950989 131.86467672884464 -18.654850050807
32.36160695552826 124.86552163213491 39.07265079766512 44.50002479553223 130.2417078949511 -32.95556551963091
32.36160695552826 124.86552163213491 39.07265079766512 48.51866900920868 120.91773974150419 -31.59004808962345
32.36160695552826 124.86552163213491 39.07265079766512 48.503926515579224 128.5546712614596 -32.51265837997198
36.97177696228027 125.1701830625534 41.6212567165494 42.1555335521698 122.94040216878057 -5.1205392852425575
36.97177696228027 125.1701830625534 41.6212567165494 40.67269015312195 123.0325518026948 -4.283857136964798
36.97177696228027 125.1701830625534 41.6212567165494 37.73424291610718 122.32531424984336 -27.784761659801006
36.97177696228027 125.1701830625534 41.6212567165494 51.60382878780365 131.68339068442583 -27.08645436167717
36.97177696228027 125.1701830625534 41.6212567165494 38.096598386764526 131.93162705749273 -24.61496739089489
36.97177696228027 125.1701830625534 41.6212567165494 43.665616512298584 121.95671571418643 -31.131490252912045
36.97177696228027 125.1701830625534 41.6212567165494 48.202337861061096 118.15235621854663 -30.65090537071228
36.97177696228027 125.1701830625534 41.6212567165494 47.53342688083649 127.65824353322387 -18.540935091674328
36.97177696228027 125.1701830625534 41.6212567165494 42.58644986152649 125.71694407984614 -7.053034894168377
36.97177696228027 125.1701830625534 41.6212567165494 46.786179423332214 122.11631809920073 -15.669296763837337
36.97177696228027 125.1701830625534 41.6212567165494 48.74783933162689 120.94005651772022 -33.57675386965275
36.97177696228027 125.1701830625534 41.6212567165494 38.56968152523041 124.3393290899694 -27.665768660604954
36.97177696228027 125.1701830625534 41.6212567165494 50.50587737560272 127.71115294471383 -32.29120481014252
36.97177696228027 125.1701830625534 41.6212567165494 46.171932339668274 127.99876023456454 -30.774511255323887
36.97177696228027 125.1701830625534 41.6212567165494 38.71657884120941 132.55737094208598 -23.529726587235928
36.97177696228027 125.1701830625534 41.6212567165494 50.27670705318451 127.6888361684978 -30.30449903011322
36.97177696228027 125.1701830625534 41.6212567165494 51.05137884616852 130.49885324388742 -35.217053309082985
36.97177696228027 125.1701830625534 41.6212567165494 51.12585783004761 128.33689682930708 -31.205964006483555
36.97177696228027 125.1701830625534 41.6212567165494 47.797815561294556 118.91488328948617 -32.70239397883415
36.97177696228027 125.1701830625534 41.6212567165494 49.52945959568024 122.14691073447466 -27.43286070227623
42.80330789089203 117.15349461883307 40.19049130380154 50.331740498542786 120.38464791327715 -11.252978064119816
42.80330789089203 117.15349461883307 40.19049130380154 48.417980790138245 117.7002556361258 -8.483800306916237
42.80330789089203 117.15349461883307 40.19049130380154 53.49325513839722 118.28675929829478 -21.985511370003223
42.80330789089203 117.15349461883307 40.19049130380154 48.782212138175964 116.60498530045152 -24.56122237443924
42.80330789089203 117.15349461883307 40.19049130380154 46.30923879146576 112.49884690344334 -17.845738142728806
42.80330789089203 117.15349461883307 40.19049130380154 52.77240169048309 116.28390284627676 -23.097857259213924
42.80330789089203 117.15349461883307 40.19049130380154 50.53348648548126 123.1388730481267 -11.198767893016338
42.80330789089203 117.15349461883307 40.19049130380154 47.23860192298889 117.49313716962934 -28.756087504327297
42.80330789089203 117.15349461883307 40.19049130380154 49.54420208930969 114.50997921451926 -26.5102504119277
42.80330789089203 117.15349461883307 40.19049130380154 45.82244348526001 121.45709905028343 -13.774478897452354
42.80330789089203 117.15349461883307 40.19049130380154 49.03796124458313 118.32599952071905 -7.398559503257275
42.80330789089203 117.15349461883307 40.19049130380154 54.03875660896301 121.07445959746838 -24.91135986894369
42.80330789089203 117.15349461883307 40.19049130380154 47.43931758403778 126.51833964511752 -30.644945599138737
42.80330789089203 117.15349461883307 40.19049130380154 47.81171250343323 115.7085575722158 -10.589499086141586
42.80330789089203 117.15349461883307 40.19049130380154 50.31802833080292 121.75060209259391 -10.232520088553429
42.80330789089203 117.15349461883307 40.19049130380154 45.46479105949402 124.62994960322976 -32.907315120100975
42.80330789089203 117.15349461883307 40.19049130380154 48.45216882228851 115.20555595681071 -22.60162167996168
42.80330789089203 117.15349461883307 40.19049130380154 53.29150915145874 115.53253416344523 -22.0397215411067
42.80330789089203 117.15349461883307 40.19049130380154 52.04478454589844 114.04383771494031 -12.133297726511955
42.80330789089203 117.15349461883307 40.19049130380154 48.202337861061096 118.15235621854663 -30.65090537071228
30.775829911231995 136.12251337990165 35.996091328561306 40.58431422710419 128.40083393454552 -30.407841332256794
30.775829911231995 136.12251337990165 35.996091328561306 43.23263955116272 131.72212848439813 -33.08513117581606
30.775829911231995 136.12251337990165 35.996091328561306 41.338510155677795 132.33959650993347 -22.2230322137475
30.775829911231995 136.12251337990165 35.996091328561306 45.61168837547302 132.84799145534635 -28.77127304673195
30.775829911231995 136.12251337990165 35.996091328561306 39.31589865684509 136.15223186463118 -32.48047525435686
30.775829911231995 136.12251337990165 35.996091328561306 33.41786754131317 138.45673652365804 -22.06128343194723
30.775829911231995 136.12251337990165 35.996091328561306 34.43645215034485 133.6521388553083 -28.037933200597763
30.775829911231995 136.12251337990165 35.996091328561306 40.83311486244202 131.72501101344824 -24.301625907421112
30.775829911231995 136.12251337990165 35.996091328561306 48.36088669300079 137.54639857262373 -31.421457804739475
30.775829911231995 136.12251337990165 35.996091328561306 38.102516531944275 136.59944153949618 -15.501588210463524
30.775829911231995 136.12251337990165 35.996091328561306 47.72719407081604 138.28660886734724 -31.48624063283205
30.775829911231995 136.12251337990165 35.996091328561306 36.05454134941101 130.60203057155013 -19.831978768110275
30.775829911231995 136.12251337990165 35.996091328561306 37.00353479385376 138.89818114042282 -22.649406924843788
30.775829911231995 136.12251337990165 35.996091328561306 41.42464065551758 141.35364059731364 -23.118537418544292
30.775829911231995 136.12251337990165 35.996091328561306 38.062225580215454 136.26669827476144 -33.6304988861084
30.775829911231995 136.12251337990165 35.996091328561306 45.106293082237244 132.2334059588611 -30.84986674040556
30.775829911231995 136.12251337990165 35.996091328561306 40.098549246788025 131.08810874074697 -24.393513821065426
30.775829911231995 136.12251337990165 35.996091328561306 35.191678404808044 131.3199240900576 -17.910055816173553
30.775829911231995 136.12251337990165 35.996091328561306 36.674521803855896 131.22777445614338 -18.746737964451313
30.775829911231995 136.12251337990165 35.996091328561306 39.4511444568634 133.19427321478724 -23.437838673591614
56.49857211112976 121.02543755993247 38.79367247968912 58.53434145450592 121.36796263977885 -21.369401060044765
56.49857211112976 121.02543755993247 38.79367247968912 60.86633563041687 121.9238736666739 -23.10754818469286
56.49857211112976 121.02543755993247 38.79367247968912 61.917232394218445 125.32615946233273 -23.954802989959717
56.49857211112976 121.02543755993247 38.79367247968912 60.064239501953125 121.8457649499178 -16.15407795459032
56.49857211112976 121.02543755993247 38.79367247968912 55.507887840270996 122.3482641428709 -24.727584041655064
56.49857211112976 121.02543755993247 38.79367247968912 58.58139610290527 121.93791458383203 -15.317395806312561
56.49857211112976 121.02543755993247 38.79367247968912 60.13177001476288 121.28697139397264 -23.199436098337173
56.49857211112976 121.02543755993247 38.79367247968912 59.54513204097748 122.59713363274932 -17.212213672697544
56.49857211112976 121.02543755993247 38.79367247968912 61.43249773979187 121.74245692789555 -15.997407212853432
56.49857211112976 121.02543755993247 38.79367247968912 60.003472685813904 122.64176718518138 -21.185625232756138
56.49857211112976 121.02543755993247 38.79367247968912 62.5509250164032 124.58594916760921 -23.89002016186714
56.49857211112976 121.02543755993247 38.79367247968912 61.19637894630432 123.3233030103147 -25.067148879170418
56.49857211112976 121.02543755993247 38.79367247968912 59.96336650848389 120.46865238249302 -16.18118304014206
56.49857211112976 121.02543755993247 38.79367247968912 61.094475626945496 128.21716778352857 -27.037322230637074
56.49857211112976 121.02543755993247 38.79367247968912 59.168034076690674 120.62775234505534 -21.30461823195219
56.49857211112976 121.02543755993247 38.79367247968912 60.68421995639801 122.47150883451104 -15.068837150931358
56.49857211112976 121.02543755993247 38.79367247968912 63.18461763858795 123.8457388728857 -23.825237333774567
56.49857211112976 121.02543755993247 38.79367247968912 59.436280250549316 129.09416126459837 -30.238834470510483
56.49857211112976 121.02543755993247 38.79367247968912 62.564637184143066 123.21999498829246 -24.91047813743353
56.49857211112976 121.02543755993247 38.79367247968912 59.36978006362915 123.38197747990489 -21.250408060848713
34.98353826999664 124.6477471999824 40.379345171153545 43.42067337036133 135.84230779856443 -32.010463029146194
34.98353826999664 124.6477471999824 40.379345171153545 38.05057406425476 125.09069777280092 -28.723904378712177
34.98353826999664 124.6477471999824 40.379345171153545 38.56968152523041 124.3393290899694 -27.665768660604954
34.98353826999664 124.6477471999824 40.379345171153545 40.95464849472046 130.13300654292107 -14.238531351089478
34.98353826999664 124.6477471999824 40.379345171153545 37.30821442604065 130.48756416141987 -18.681955136358738
34.98353826999664 124.6477471999824 40.379345171153545 44.600897789001465 131.61882046237588 -32.92846043407917
34.98353826999664 124.6477471999824 40.379345171153545 40.038997530937195 123.77276209741831 -4.348639965057373
34.98353826999664 124.6477471999824 40.379345171153545 50.40603470802307 120.06306303665042 -30.37524162977934
34.98353826999664 124.6477471999824 40.379345171153545 49.38641977310181 131.1386380456388 -26.341660127043724
34.98353826999664 124.6477471999824 40.379345171153545 43.326748847961426 132.86203237250447 -20.98112066835165
34.98353826999664 124.6477471999824 40.379345171153545 40.09178555011749 130.85090006142855 -12.316608399152756
34.98353826999664 124.6477471999824 40.379345171153545 38.62349987030029 125.146489713341 -33.69066882878542
34.98353826999664 124.6477471999824 40.379345171153545 44.71651327610016 125.35900150984526 -31.9787450581789
34.98353826999664 124.6477471999824 40.379345171153545 47.520745038986206 122.75322037190199 -15.577408850193024
34.98353826999664 124.6477471999824 40.379345171153545 50.13469755649567 130.4095861390233 -27.270230188965797
34.98353826999664 124.6477471999824 40.379345171153545 47.080819606781006 134.12179600074887 -28.58749721944332
34.98353826999664 124.6477471999824 40.379345171153545 37.302481055259705 123.9793781414628 -4.661981448531151
34.98353826999664 124.6477471999824 40.379345171153545 48.60686016082764 117.38982914760709 -28.59941676259041
34.98353826999664 124.6477471999824 40.379345171153545 37.72053074836731 123.69126842916012 -26.76430368423462
34.98353826999664 124.6477471999824 40.379345171153545 37.848828077316284 122.33647263795137 -28.778114549815655
35.60351872444153 125.27349108457565 41.46458597481251 45.56566405296326 126.00706217065454 -32.880210034549236
35.60351872444153 125.27349108457565 41.46458597481251 38.945749163627625 132.579687718302 -25.516432367265224
35.60351872444153 125.27349108457565 41.46458597481251 48.60686016082764 117.38982914760709 -28.59941676259041
35.60351872444153 125.27349108457565 41.46458597481251 39.4511444568634 133.19427321478724 -23.437838673591614
35.60351872444153 125.27349108457565 41.46458597481251 46.23964762687683 125.59959514066577 -14.686516530811787
35.60351872444153 125.27349108457565 41.46458597481251 37.12694430351257 126.60459352657199 -31.833528704941273
35.60351872444153 125.27349108457565 41.46458597481251 45.33546340465546 132.25572273507714 -32.836572520434856
35.60351872444153 125.27349108457565 41.46458597481251 38.42090833187103 126.82287038117647 -12.55459439754486
35.60351872444153 125.27349108457565 41.46458597481251 39.78916656970978 126.71956235915422 -12.397923655807972
35.60351872444153 125.27349108457565 41.46458597481251 48.633254170417786 120.92889812961221 -32.5834009796381
35.60351872444153 125.27349108457565 41.46458597481251 44.697067737579346 120.21676966920495 -16.938313394784927
35.60351872444153 125.27349108457565 41.46458597481251 45.497103214263916 132.83683306723833 -27.7779201567173
35.60351872444153 125.27349108457565 41.46458597481251 47.41884171962738 127.64708514511585 -17.54758220165968
35.60351872444153 125.27349108457565 41.46458597481251 39.83500611782074 135.40086318179965 -31.422339536249638
35.60351872444153 125.27349108457565 41.46458597481251 38.46880853176117 122.96221652254462 -27.692873746156693
35.60351872444153 125.27349108457565 41.46458597481251 46.071059346199036 126.62164766713977 -30.801616340875626
35.60351872444153 125.27349108457565 41.46458597481251 37.24152946472168 126.61575191468 -32.82688159495592
35.60351872444153 125.27349108457565 41.46458597481251 43.326748847961426 132.86203237250447 -20.98112066835165
35.60351872444153 125.27349108457565 41.46458597481251 40.06417644023895 135.42317995801568 -33.409045316278934
35.60351872444153 125.27349108457565 41.46458597481251 45.053505063056946 125.15526799485087 -22.881898306310177
47.91990351676941 111.80176420509815 46.76075918227434 47.9604856967926 113.22501628100872 -25.70067334920168
47.91990351676941 111.80176420509815 46.76075918227434 57.227880358695984 114.40429108589888 -14.55145625770092
47.91990351676941 111.80176420509815 46.76075918227434 54.773322224617004 121.71136187016964 -24.819471955299377
47.91990351676941 111.80176420509815 46.76075918227434 53.29150915145874 115.53253416344523 -22.0397215411067
47.91990351676941 111.80176420509815 46.76075918227434 59.10153388977051 114.91556856036186 -12.31619182229042
47.91990351676941 111.80176420509815 46.76075918227434 50.177894711494446 113.76976891979575 -26.445467583835125
47.91990351676941 111.80176420509815 46.76075918227434 52.02412390708923 117.01295475289226 -22.16928719729185
47.91990351676941 111.80176420509815 46.76075918227434 46.95664358139038 110.39268242940307 -18.801413290202618
47.91990351676941 111.80176420509815 46.76075918227434 46.60490930080414 118.23334746435285 -28.820870332419872
47.91990351676941 111.80176420509815 46.76075918227434 57.632402658462524 113.64176401495934 -12.499967649579048
47.91990351676941 111.80176420509815 46.76075918227434 53.39238214492798 116.90964673087001 -22.012616455554962
47.91990351676941 111.80176420509815 46.76075918227434 48.55304181575775 116.58266852423549 -22.574516594409943
47.91990351676941 111.80176420509815 46.76075918227434 51.310218930244446 113.40693544223905 -12.225185640156269
47.91990351676941 111.80176420509815 46.76075918227434 59.00066089630127 113.53845599293709 -12.34329690784216
47.91990351676941 111.80176420509815 46.76075918227434 47.71760320663452 114.56865368410945 -22.693509593605995
47.91990351676941 111.80176420509815 46.76075918227434 46.83407962322235 118.25566424056888 -30.80757611244917
47.91990351676941 111.80176420509815 46.76075918227434 52.77935016155243 114.68073998764157 -12.041409812867641
47.91990351676941 111.80176420509815 46.76075918227434 50.89771783351898 122.04360271245241 -27.27618996053934
47.91990351676941 111.80176420509815 46.76075918227434 47.933061361312866 115.95692463964224 -23.659757398068905
47.91990351676941 111.80176420509815 46.76075918227434 50.38658916950226 114.92083119601011 -15.334809966385365
56.10776197910309 120.42201045155525 35.72172589600086 59.59895038604736 123.40429425612092 -23.23711384087801
56.10776197910309 120.42201045155525 35.72172589600086 60.17882466316223 121.85692333802581 -17.14743084460497
56.10776197910309 120.42201045155525 35.72172589600086 60.003472685813904 122.64176718518138 -21.185625232756138
56.10776197910309 120.42201045155525 35.72172589600086 62.67922234535217 123.23115337640047 -25.903831027448177
56.10776197910309 120.42201045155525 35.72172589600086 58.63521444797516 122.74507520720363 -21.342295974493027
56.10776197910309 120.42201045155525 35.72172589600086 60.56268632411957 124.06351330503821 -25.131931707262993
56.10776197910309 120.42201045155525 35.72172589600086 60.064239501953125 121.8457649499178 -16.15407795459032
56.10776197910309 120.42201045155525 35.72172589600086 59.84878134727478 120.457493994385 -15.187830150127411
56.10776197910309 120.42201045155525 35.72172589600086 63.413787961006165 123.86805564910173 -25.811943113803864
56.10776197910309 120.42201045155525 35.72172589600086 59.43054687976837 122.5859752446413 -16.218860782682896
56.10776197910309 120.42201045155525 35.72172589600086 59.32967388629913 121.20886267721653 -16.245965868234634
56.10776197910309 120.42201045155525 35.72172589600086 59.436280250549316 129.09416126459837 -30.238834470510483
56.10776197910309 120.42201045155525 35.72172589600086 60.91339027881622 122.49382561072707 -17.055542930960655
56.10776197910309 120.42201045155525 35.72172589600086 59.44425904750824 121.22002106532454 -17.239318758249283
56.10776197910309 120.42201045155525 35.72172589600086 62.665510177612305 124.59710755571723 -24.88337305188179
56.10776197910309 120.42201045155525 35.72172589600086 61.18266677856445 124.68925718963146 -24.04669090360403
56.10776197910309 120.42201045155525 35.72172589600086 61.943626403808594 128.86522844433784 -27.938787207007408
56.10776197910309 120.42201045155525 35.72172589600086 61.42451894283295 129.61659712716937 -28.99692292511463
56.10776197910309 120.42201045155525 35.72172589600086 59.315961718559265 122.57481685653329 -15.225507892668247
56.10776197910309 120.42201045155525 35.72172589600086 60.23264300823212 122.66408396139741 -23.172331012785435
39.345937967300415 115.35725421085954 38.76480393111706 47.08982872962952 119.97667846083641 -13.644913241267204
39.345937967300415 115.35725421085954 38.76480393111706 52.758689522743225 117.64985702559352 -22.077399283647537
39.345937967300415 115.35725421085954 38.76480393111706 48.78813028335571 121.27279978245497 -15.447843194007874
39.345937967300415 115.35725421085954 38.76480393111706 50.378610372543335 122.79497139528394 -28.334325678646564
39.345937967300415 115.35725421085954 38.76480393111706 48.673545122146606 121.26164139434695 -14.454490303993225
39.345937967300415 115.35725421085954 38.76480393111706 47.78428816795349 118.44046593084931 -8.548583135008812
39.345937967300415 115.35725421085954 38.76480393111706 45.20941150188446 119.228192307055 -3.8032722547650337
39.345937967300415 115.35725421085954 38.76480393111706 54.03875660896301 121.07445959746838 -24.91135986894369
39.345937967300415 115.35725421085954 38.76480393111706 45.32399666309357 119.23935069516301 -4.796625144779682
39.345937967300415 115.35725421085954 38.76480393111706 48.417980790138245 117.7002556361258 -8.483800306916237
39.345937967300415 115.35725421085954 38.76480393111706 50.26402521133423 122.78381300717592 -27.340972788631916
39.345937967300415 115.35725421085954 38.76480393111706 53.39238214492798 116.90964673087001 -22.012616455554962
39.345937967300415 115.35725421085954 38.76480393111706 47.41987204551697 121.37610780447721 -15.604513935744762
39.345937967300415 115.35725421085954 38.76480393111706 48.05356466770172 120.6358975097537 -15.539731107652187
39.345937967300415 115.35725421085954 38.76480393111706 50.14944005012512 122.77265461906791 -26.347619898617268
39.345937967300415 115.35725421085954 38.76480393111706 50.99859082698822 123.42071527987719 -27.249084874987602
39.345937967300415 115.35725421085954 38.76480393111706 53.37866997718811 118.27560091018677 -20.992158479988575
39.345937967300415 115.35725421085954 38.76480393111706 49.051673412323 116.96004534140229 -8.419017478823662
39.345937967300415 115.35725421085954 38.76480393111706 54.12694776058197 117.54654900357127 -21.92072854191065
39.345937967300415 115.35725421085954 38.76480393111706 52.85956251621246 119.0269695930183 -22.0502941980958
45.42523920536041 116.93572018668056 41.49718567728996 48.330819964408875 114.95718888938427 -9.531363368034363
45.42523920536041 116.93572018668056 41.49718567728996 54.773322224617004 121.71136187016964 -24.819471955299377
45.42523920536041 116.93572018668056 41.49718567728996 52.55694353580475 114.89563189074397 -22.131609454751015
45.42523920536041 116.93572018668056 41.49718567728996 48.15443766117096 122.01301007717848 -15.512626022100449
45.42523920536041 116.93572018668056 41.49718567728996 49.77131175994873 127.07425067201257 -32.38309272378683
45.42523920536041 116.93572018668056 41.49718567728996 46.719494462013245 118.24450585246086 -29.81422322243452
45.42523920536041 116.93572018668056 41.49718567728996 49.56975054740906 122.4796539992094 -9.303950026631355
45.42523920536041 116.93572018668056 41.49718567728996 49.76660871505737 114.29508731141686 -16.420050770044327
45.42523920536041 116.93572018668056 41.49718567728996 47.946773529052734 114.59097046032548 -24.680215373635292
45.42523920536041 116.93572018668056 41.49718567728996 51.310218930244446 113.40693544223905 -12.225185640156269
45.42523920536041 116.93572018668056 41.49718567728996 48.202337861061096 118.15235621854663 -30.65090537071228
45.42523920536041 116.93572018668056 41.49718567728996 48.94977009296417 121.85391011461616 -10.389190830290318
45.42523920536041 116.93572018668056 41.49718567728996 60.677271485328674 124.07467169314623 -26.12528459727764
45.42523920536041 116.93572018668056 41.49718567728996 45.13474774360657 123.23052025958896 -30.947714425623417
45.42523920536041 116.93572018668056 41.49718567728996 49.77252686023712 118.96290179342031 -7.306671589612961
45.42523920536041 116.93572018668056 41.49718567728996 53.803852915763855 114.54395680129528 -8.904680401086807
45.42523920536041 116.93572018668056 41.49718567728996 52.0378360748291 115.6470005735755 -23.189745172858238
45.42523920536041 116.93572018668056 41.49718567728996 49.429616928100586 114.49882082641125 -25.51689752191305
45.42523920536041 116.93572018668056 41.49718567728996 47.33947491645813 118.87024973705411 -28.72898241877556
45.42523920536041 116.93572018668056 41.49718567728996 49.630332589149475 123.52402330189943 -27.40575561672449
56.18224096298218 118.2600540369749 39.73281519860029 62.78009533882141 124.60826594382524 -25.87672594189644
56.18224096298218 118.2600540369749 39.73281519860029 61.18266677856445 124.68925718963146 -24.04669090360403
56.18224096298218 118.2600540369749 39.73281519860029 62.45005202293396 123.20883660018444 -23.91712524741888
56.18224096298218 118.2600540369749 39.73281519860029 60.27969765663147 123.23403590545058 -17.12032575905323
56.18224096298218 118.2600540369749 39.73281519860029 59.59895038604736 123.40429425612092 -23.23711384087801
56.18224096298218 118.2600540369749 39.73281519860029 61.43249773979187 121.74245692789555 -15.997407212853432
56.18224096298218 118.2600540369749 39.73281519860029 59.315961718559265 122.57481685653329 -15.225507892668247
56.18224096298218 118.2600540369749 39.73281519860029 59.32967388629913 121.20886267721653 -16.245965868234634
56.18224096298218 118.2600540369749 39.73281519860029 60.86633563041687 121.9238736666739 -23.10754818469286
56.18224096298218 118.2600540369749 39.73281519860029 59.21508872509003 121.19770428910851 -15.252612978219986
56.18224096298218 118.2600540369749 39.73281519860029 58.810566425323486 121.96023136004806 -17.304101586341858
56.18224096298218 118.2600540369749 39.73281519860029 55.40701484680176 120.97115157544613 -24.754689127206802
56.18224096298218 118.2600540369749 39.73281519860029 60.677271485328674 124.07467169314623 -26.12528459727764
56.18224096298218 118.2600540369749 39.73281519860029 60.064239501953125 121.8457649499178 -16.15407795459032
56.18224096298218 118.2600540369749 39.73281519860029 59.43054687976837 122.5859752446413 -16.218860782682896
56.18224096298218 118.2600540369749 39.73281519860029 59.84878134727478 120.457493994385 -15.187830150127411
56.18224096298218 118.2600540369749 39.73281519860029 60.17882466316223 121.85692333802581 -17.14743084460497
56.18224096298218 118.2600540369749 39.73281519860029 60.69793212413788 121.10555465519428 -16.089295126497746
56.18224096298218 118.2600540369749 39.73281519860029 62.5509250164032 124.58594916760921 -23.89002016186714
56.18224096298218 118.2600540369749 39.73281519860029 62.04552972316742 123.97136367112398 -25.968613855540752
33.269463896751404 137.25953473895788 39.31659656763077 48.191452860832214 142.99905690178275 -26.346273012459278
33.269463896751404 137.25953473895788 39.31659656763077 43.96720516681671 132.3590307570994 -32.993243262171745
33.269463896751404 137.25953473895788 39.31659656763077 39.36398363113403 130.4512064680457 -24.48540173470974
33.269463896751404 137.25953473895788 39.31659656763077 40.58431422710419 128.40083393454552 -30.407841332256794
33.269463896751404 137.25953473895788 39.31659656763077 45.93496799468994 134.01021211966872 -18.653968319296837
33.269463896751404 137.25953473895788 39.31659656763077 32.797887086868286 137.8309926390648 -23.146524235606194
33.269463896751404 137.25953473895788 39.31659656763077 41.32376766204834 139.97652802988887 -23.14564250409603
33.269463896751404 137.25953473895788 39.31659656763077 44.38543963432312 130.2305495068431 -31.96221262961626
33.269463896751404 137.25953473895788 39.31659656763077 41.97709059715271 142.53817803785205 -14.987938471138477
33.269463896751404 137.25953473895788 39.31659656763077 50.417686223983765 131.23906353861094 -35.28183613717556
33.269463896751404 137.25953473895788 39.31659656763077 47.511735916137695 136.89833791181445 -30.51999282836914
33.269463896751404 137.25953473895788 39.31659656763077 41.330716133117676 138.37336517125368 -12.089195057749748
33.269463896751404 137.25953473895788 39.31659656763077 48.36088669300079 137.54639857262373 -31.421457804739475
33.269463896751404 137.25953473895788 39.31659656763077 42.67831373214722 141.23917418718338 -21.968513786792755
33.269463896751404 137.25953473895788 39.31659656763077 41.42464065551758 141.35364059731364 -23.118537418544292
33.269463896751404 137.25953473895788 39.31659656763077 42.287503600120544 140.63574707880616 -25.040460370481014
33.269463896751404 137.25953473895788 39.31659656763077 44.16895115375519 135.11325589194894 -32.93903309106827
33.269463896751404 137.25953473895788 39.31659656763077 49.71543276309967 138.80904472991824 -30.2443290874362
33.269463896751404 137.25953473895788 39.31659656763077 40.098549246788025 131.08810874074697 -24.393513821065426
33.269463896751404 137.25953473895788 39.31659656763077 38.202359199523926 144.2475314475596 -17.417551390826702
44.576088428497314 116.28765952587128 42.3986506536603 58.12981915473938 122.1304897107184 -23.420889668166637
44.576088428497314 116.28765952587128 42.3986506536603 51.84303855895996 111.28961258009076 -12.187507897615433
44.576088428497314 116.28765952587128 42.3986506536603 46.423823952674866 112.51000529155135 -18.839091032743454
44.576088428497314 116.28765952587128 42.3986506536603 58.76351177692413 121.39027941599488 -23.356106840074062
44.576088428497314 116.28765952587128 42.3986506536603 50.391292214393616 127.69999455660582 -31.29785192012787
44.576088428497314 116.28765952587128 42.3986506536603 48.5589599609375 121.25048300623894 -13.461137413978577
44.576088428497314 116.28765952587128 42.3986506536603 48.60686016082764 117.38982914760709 -28.59941676259041
44.576088428497314 116.28765952587128 42.3986506536603 46.94293141365051 111.75863660871983 -17.78095531463623
44.576088428497314 116.28765952587128 42.3986506536603 47.41395390033722 116.70829332247376 -24.71789311617613
44.576088428497314 116.28765952587128 42.3986506536603 48.189656019210815 113.24733305722475 -27.687379129230976
44.576088428497314 116.28765952587128 42.3986506536603 53.39238214492798 116.90964673087001 -22.012616455554962
44.576088428497314 116.28765952587128 42.3986506536603 48.53256595134735 117.71141402423382 -9.477153196930885
44.576088428497314 116.28765952587128 42.3986506536603 49.56975054740906 122.4796539992094 -9.303950026631355
44.576088428497314 116.28765952587128 42.3986506536603 49.684335708618164 122.49081238731742 -10.297302916646004
44.576088428497314 116.28765952587128 42.3986506536603 54.66671586036682 113.8260632827878 -10.826603353023529
44.576088428497314 116.28765952587128 42.3986506536603 46.084771513938904 125.25569348782301 -31.822074316442013
44.576088428497314 116.28765952587128 42.3986506536603 48.290529012680054 114.62444562464952 -27.660274043679237
44.576088428497314 116.28765952587128 42.3986506536603 54.88790738582611 121.72252025827765 -25.812824845314026
44.576088428497314 116.28765952587128 42.3986506536603 47.23860192298889 117.49313716962934 -28.756087504327297
44.576088428497314 116.28765952587128 42.3986506536603 48.782212138175964 116.60498530045152 -24.56122237443924
44.46150326728821 116.27650113776326 43.392003543674946 46.67159426212311 122.10515971109271 -14.675943873822689
44.46150326728821 116.27650113776326 43.392003543674946 46.60490930080414 118.23334746435285 -28.820870332419872
44.46150326728821 116.27650113776326 43.392003543674946 50.92514216899872 119.3116943538189 -29.317105911672115
44.46150326728821 116.27650113776326 43.392003543674946 49.67165386676788 117.58578922599554 -7.3337766751646996
44.46150326728821 116.27650113776326 43.392003543674946 43.76648950576782 123.3338282816112 -31.104385167360306
44.46150326728821 116.27650113776326 43.392003543674946 53.49325513839722 118.28675929829478 -21.985511370003223
44.46150326728821 116.27650113776326 43.392003543674946 57.11329519748688 114.39313269779086 -13.558103367686272
44.46150326728821 116.27650113776326 43.392003543674946 58.86438477039337 122.76739198341966 -23.329001754522324
44.46150326728821 116.27650113776326 43.392003543674946 50.07599139213562 118.66363369300961 -28.41564093530178
44.46150326728821 116.27650113776326 43.392003543674946 45.31704819202423 120.8425135537982 -15.853072591125965
44.46150326728821 116.27650113776326 43.392003543674946 48.04764652252197 115.96808302775025 -24.653110288083553
44.46150326728821 116.27650113776326 43.392003543674946 53.211296796798706 111.18630455806851 -12.030837155878544
44.46150326728821 116.27650113776326 43.392003543674946 48.92337608337402 118.31484113261104 -6.405206613242626
44.46150326728821 116.27650113776326 43.392003543674946 47.97316753864288 118.1300394423306 -28.664199590682983
44.46150326728821 116.27650113776326 43.392003543674946 51.188685297966 114.99893991276622 -22.288280196487904
44.46150326728821 116.27650113776326 43.392003543674946 51.28955829143524 116.37605248019099 -22.261175110936165
44.46150326728821 116.27650113776326 43.392003543674946 47.9604856967926 113.22501628100872 -25.70067334920168
44.46150326728821 116.27650113776326 43.392003543674946 48.15443766117096 122.01301007717848 -15.512626022100449
44.46150326728821 116.27650113776326 43.392003543674946 52.758689522743225 117.64985702559352 -22.077399283647537
44.46150326728821 116.27650113776326 43.392003543674946 49.46887755393982 121.10254143178463 -9.331055112183094
53.054914355278015 117.86324297264218 36.347527131438255 59.96336650848389 120.46865238249302 -16.18118304014206
53.054914355278015 117.86324297264218 36.347527131438255 55.40701484680176 120.97115157544613 -24.754689127206802
53.054914355278015 117.86324297264218 36.347527131438255 58.810566425323486 121.96023136004806 -17.304101586341858
53.054914355278015 117.86324297264218 36.347527131438255 59.54513204097748 122.59713363274932 -17.212213672697544
53.054914355278015 117.86324297264218 36.347527131438255 60.44810116291046 124.0523549169302 -24.138578817248344
53.054914355278015 117.86324297264218 36.347527131438255 60.003472685813904 122.64176718518138 -21.185625232756138
53.054914355278015 117.86324297264218 36.347527131438255 60.13177001476288 121.28697139397264 -23.199436098337173
53.054914355278015 117.86324297264218 36.347527131438255 58.59613859653473 114.30098306387663 -14.394785515964031
53.054914355278015 117.86324297264218 36.347527131438255 58.53434145450592 121.36796263977885 -21.369401060044765
53.054914355278015 117.86324297264218 36.347527131438255 62.564637184143066 123.21999498829246 -24.91047813743353
53.054914355278015 117.86324297264218 36.347527131438255 61.917232394218445 125.32615946233273 -23.954802989959717
53.054914355278015 117.86324297264218 36.347527131438255 53.39238214492798 116.90964673087001 -22.012616455554962
53.054914355278015 117.86324297264218 36.347527131438255 59.10153388977051 114.91556856036186 -12.31619182229042
53.054914355278015 117.86324297264218 36.347527131438255 54.88790738582611 121.72252025827765 -25.812824845314026
53.054914355278015 117.86324297264218 36.347527131438255 60.07795166969299 120.47981077060103 -17.174535930156708
53.054914355278015 117.86324297264218 36.347527131438255 54.03875660896301 121.07445959746838 -24.91135986894369
53.054914355278015 117.86324297264218 36.347527131438255 59.902599692344666 121.2646546177566 -21.212730318307877
53.054914355278015 117.86324297264218 36.347527131438255 60.677271485328674 124.07467169314623 -26.12528459727764
53.054914355278015 117.86324297264218 36.347527131438255 59.36978006362915 123.38197747990489 -21.250408060848713
53.054914355278015 117.86324297264218 36.347527131438255 55.056495666503906 120.70046773180366 -9.697725035250187
47.40079605579376 112.55313288792968 45.70262346416712 54.76758885383606 115.20317585021257 -10.79949826747179
47.40079605579376 112.55313288792968 45.70262346416712 47.366899251937866 116.13834137842059 -30.769898369908333
47.40079605579376 112.55313288792968 45.70262346416712 48.695051312446594 113.86191855370998 -25.608785435557365
47.40079605579376 112.55313288792968 45.70262346416712 52.85956251621246 119.0269695930183 -22.0502941980958
47.40079605579376 112.55313288792968 45.70262346416712 46.73320662975311 116.8785516731441 -30.834681198000908
47.40079605579376 112.55313288792968 45.70262346416712 46.94293141365051 111.75863660871983 -17.78095531463623
47.40079605579376 112.55313288792968 45.70262346416712 54.6587370634079 121.70020348206162 -23.82611906528473
47.40079605579376 112.55313288792968 45.70262346416712 49.6587872505188 114.52113760262728 -27.50360330194235
47.40079605579376 112.55313288792968 45.70262346416712 50.40603470802307 120.06306303665042 -30.37524162977934
47.40079605579376 112.55313288792968 45.70262346416712 49.186734437942505 115.84245822951198 -22.509733766317368
47.40079605579376 112.55313288792968 45.70262346416712 52.77935016155243 114.68073998764157 -12.041409812867641
47.40079605579376 112.55313288792968 45.70262346416712 48.594178318977356 112.48480598628521 -25.635890521109104
47.40079605579376 112.55313288792968 45.70262346416712 59.902599692344666 121.2646546177566 -21.212730318307877
47.40079605579376 112.55313288792968 45.70262346416712 48.033934354782104 117.33403720706701 -23.632652312517166
47.40079605579376 112.55313288792968 45.70262346416712 47.71083950996399 114.33144500479102 -10.616604171693325
47.40079605579376 112.55313288792968 45.70262346416712 54.65300369262695 115.19201746210456 -9.806145377457142
47.40079605579376 112.55313288792968 45.70262346416712 47.56864523887634 118.89256651327014 -30.715688198804855
47.40079605579376 112.55313288792968 45.70262346416712 54.13962960243225 122.45157216489315 -24.884254783391953
47.40079605579376 112.55313288792968 45.70262346416712 48.79592430591583 115.23903112113476 -25.581680350005627
47.40079605579376 112.55313288792968 45.70262346416712 54.88790738582611 121.72252025827765 -25.812824845314026
56.814903259277344 123.79082108289003 37.85452976077795 59.498077392578125 122.02718168869615 -23.26421892642975
56.814903259277344 123.79082108289003 37.85452976077795 63.29920279979706 123.85689726099372 -24.818590223789215
56.814903259277344 123.79082108289003 37.85452976077795 61.019996643066406 130.3791241981089 -31.048411533236504
56.814903259277344 123.79082108289003 37.85452976077795 61.41080677509308 130.98255130648613 -27.976464949548244
56.814903259277344 123.79082108289003 37.85452976077795 60.86633563041687 121.9238736666739 -23.10754818469286
56.814903259277344 123.79082108289003 37.85452976077795 61.19637894630432 123.3233030103147 -25.067148879170418
56.814903259277344 123.79082108289003 37.85452976077795 62.15908455848694 130.25349939987063 -28.905035011470318
56.814903259277344 123.79082108289003 37.85452976077795 61.929914236068726 130.2311826236546 -26.91832923144102
56.814903259277344 123.79082108289003 37.85452976077795 59.94965434074402 121.83460656180978 -15.160725064575672
56.814903259277344 123.79082108289003 37.85452976077795 60.58334696292877 121.09439626708627 -15.095942236483097
56.814903259277344 123.79082108289003 37.85452976077795 60.064239501953125 121.8457649499178 -16.15407795459032
56.814903259277344 123.79082108289003 37.85452976077795 59.941675543785095 129.7087467610836 -28.160240776836872
56.814903259277344 123.79082108289003 37.85452976077795 60.01718485355377 121.27581300586462 -22.206083208322525
56.814903259277344 123.79082108289003 37.85452976077795 60.0562607049942 129.71990514919162 -29.15359366685152
56.814903259277344 123.79082108289003 37.85452976077795 58.749799609184265 122.75623359531164 -22.335648864507675
56.814903259277344 123.79082108289003 37.85452976077795 59.44425904750824 121.22002106532454 -17.239318758249283
56.814903259277344 123.79082108289003 37.85452976077795 61.93094456195831 123.96020528301597 -24.975260965526104
56.814903259277344 123.79082108289003 37.85452976077795 58.80258762836456 129.83437155932188 -30.303617298603058
56.814903259277344 123.79082108289003 37.85452976077795 60.751750469207764 121.91271527856588 -22.11419529467821
56.814903259277344 123.79082108289003 37.85452976077795 62.04552972316742 123.97136367112398 -25.968613855540752
37.16084110736847 123.01938503608108 44.63899312913418 47.59992706775665 133.37042731791735 -27.529361501336098
37.16084110736847 123.01938503608108 44.63899312913418 47.99956154823303 121.66910842433572 -32.648183807730675
37.16084110736847 123.01938503608108 44.63899312913418 50.00640022754669 131.76438193023205 -25.256419323384762
37.16084110736847 123.01938503608108 44.63899312913418 52.405924916267395 131.76149940118194 -34.03992459177971
37.16084110736847 123.01938503608108 44.63899312913418 51.78594446182251 131.1357555165887 -35.12516539543867
37.16084110736847 123.01938503608108 44.63899312913418 52.29133975505829 131.75034101307392 -33.04657170176506
37.16084110736847 123.01938503608108 44.63899312913418 46.09951400756836 117.61876196786761 -30.899464026093483
37.16084110736847 123.01938503608108 44.63899312913418 47.353187084198 117.50429555773735 -29.749440394341946
37.16084110736847 123.01938503608108 44.63899312913418 41.4530953168869 132.3507548980415 -23.21638510376215
37.16084110736847 123.01938503608108 44.63899312913418 47.83707618713379 125.51860389485955 -16.516551569104195
37.16084110736847 123.01938503608108 44.63899312913418 48.673545122146606 121.26164139434695 -14.454490303993225
37.16084110736847 123.01938503608108 44.63899312913418 47.366899251937866 116.13834137842059 -30.769898369908333
37.16084110736847 123.01938503608108 44.63899312913418 40.46972906589508 128.3896755464375 -29.414488442242146
37.16084110736847 123.01938503608108 44.63899312913418 38.56968152523041 124.3393290899694 -27.665768660604954
37.16084110736847 123.01938503608108 44.63899312913418 43.841153264045715 119.33150032907724 -3.9599429965019226
37.16084110736847 123.01938503608108 44.63899312913418 51.253124833106995 133.25307837873697 -35.16284313797951
37.16084110736847 123.01938503608108 44.63899312913418 43.092875480651855 120.06055223569274 -3.0313729345798492
37.16084110736847 123.01938503608108 44.63899312913418 42.25640654563904 124.31751473620534 -5.093434199690819
37.16084110736847 123.01938503608108 44.63899312913418 41.33259201049805 127.67178202793002 -31.336411394178867
37.16084110736847 123.01938503608108 44.63899312913418 39.86346077919006 126.3979774825275 -31.520187221467495
46.66623044013977 111.91623061522841 45.610735550522804 50.26402521133423 122.78381300717592 -27.340972788631916
46.66623044013977 111.91623061522841 45.610735550522804 46.450217962265015 116.04907427355647 -22.823075249791145
46.66623044013977 111.91623061522841 45.610735550522804 52.758689522743225 117.64985702559352 -22.077399283647537
46.66623044013977 111.91623061522841 45.610735550522804 59.216119050979614 114.92672694846988 -13.309544712305069
46.66623044013977 111.91623061522841 45.610735550522804 48.70876348018646 112.49596437439322 -26.629243411123753
46.66623044013977 111.91623061522841 45.610735550522804 52.77935016155243 114.68073998764157 -12.041409812867641
46.66623044013977 111.91623061522841 45.610735550522804 50.07599139213562 118.66363369300961 -28.41564093530178
46.66623044013977 111.91623061522841 45.610735550522804 51.80866575241089 115.62468379735947 -21.20303939282894
46.66623044013977 111.91623061522841 45.610735550522804 46.10749280452728 109.74462176859379 -17.899948313832283
46.66623044013977 111.91623061522841 45.610735550522804 57.86157298088074 113.66408079117537 -14.486673429608345
46.66623044013977 111.91623061522841 45.610735550522804 46.842058420181274 110.38152404129505 -17.80806040018797
46.66623044013977 111.91623061522841 45.610735550522804 47.55596339702606 113.98754335194826 -27.75216195732355
46.66623044013977 111.91623061522841 45.610735550522804 58.53434145450592 121.36796263977885 -21.369401060044765
46.66623044013977 111.91623061522841 45.610735550522804 58.12981915473938 122.1304897107184 -23.420889668166637
46.66623044013977 111.91623061522841 45.610735550522804 60.13177001476288 121.28697139397264 -23.199436098337173
46.66623044013977 111.91623061522841 45.610735550522804 50.378610372543335 122.79497139528394 -28.334325678646564
46.66623044013977 111.91623061522841 45.610735550522804 58.64892661571503 121.37912102788687 -22.362753950059414
46.66623044013977 111.91623061522841 45.610735550522804 55.80580377578735 113.70043848454952 -8.683226831257343
46.66623044013977 111.91623061522841 45.610735550522804 47.08391058444977 115.30886397883296 -22.75829242169857
46.66623044013977 111.91623061522841 45.610735550522804 48.707733154296875 118.76694171503186 -28.57231167703867
35.718103885650635 125.28464947268367 40.47123308479786 41.4530953168869 132.3507548980415 -23.21638510376215
35.718103885650635 125.28464947268367 40.47123308479786 43.948789954185486 120.94582157582045 -16.009743332862854
35.718103885650635 125.28464947268367 40.47123308479786 42.58644986152649 125.71694407984614 -7.053034894168377
35.718103885650635 125.28464947268367 40.47123308479786 37.24152946472168 126.61575191468 -32.82688159495592
35.718103885650635 125.28464947268367 40.47123308479786 37.72053074836731 123.69126842916012 -26.76430368423462
35.718103885650635 125.28464947268367 40.47123308479786 39.31795930862427 123.6102771833539 -28.594338722527027
35.718103885650635 125.28464947268367 40.47123308479786 44.50002479553223 130.2417078949511 -32.95556551963091
35.718103885650635 125.28464947268367 40.47123308479786 41.56768047809601 132.3619132861495 -24.2097379937768
35.718103885650635 125.28464947268367 40.47123308479786 38.21118354797363 131.94278544560075 -25.60832028090954
35.718103885650635 125.28464947268367 40.47123308479786 37.12694430351257 126.60459352657199 -31.833528704941273
35.718103885650635 125.28464947268367 40.47123308479786 47.25231409072876 116.12718299031258 -29.776545479893684
35.718103885650635 125.28464947268367 40.47123308479786 37.98980724811554 125.88670000806451 -33.755451656877995
35.718103885650635 125.28464947268367 40.47123308479786 49.36002576351166 127.59956906363368 -22.357675909996033
35.718103885650635 125.28464947268367 40.47123308479786 50.92514216899872 119.3116943538189 -29.317105911672115
35.718103885650635 125.28464947268367 40.47123308479786 39.31692898273468 129.88125452399254 -30.537406988441944
35.718103885650635 125.28464947268367 40.47123308479786 51.240442991256714 128.3480552174151 -32.1993168964982
35.718103885650635 125.28464947268367 40.47123308479786 43.6852468252182 125.25857601687312 -23.038569048047066
35.718103885650635 125.28464947268367 40.47123308479786 41.33259201049805 127.67178202793002 -31.336411394178867
35.718103885650635 125.28464947268367 40.47123308479786 48.625460147857666 126.96266679093242 -22.449563823640347
35.718103885650635 125.28464947268367 40.47123308479786 39.86346077919006 126.3979774825275 -31.520187221467495
44.171566128730774 117.05018659681082 40.347162045538425 51.68628656864166 121.64729407057166 -10.07584934681654
44.171566128730774 117.05018659681082 40.347162045538425 52.55694353580475 114.89563189074397 -22.131609454751015
44.171566128730774 117.05018659681082 40.347162045538425 50.14944005012512 122.77265461906791 -26.347619898617268
44.171566128730774 117.05018659681082 40.347162045538425 50.17686438560486 120.04074626043439 -28.388535849750042
44.171566128730774 117.05018659681082 40.347162045538425 47.55596339702606 113.98754335194826 -27.75216195732355
44.171566128730774 117.05018659681082 40.347162045538425 47.20441389083862 119.98783684894443 -14.638266131281853
44.171566128730774 117.05018659681082 40.347162045538425 45.937028646469116 121.46825743839145 -14.767831787467003
44.171566128730774 117.05018659681082 40.347162045538425 50.20344316959381 121.7394437044859 -9.23916719853878
44.171566128730774 117.05018659681082 40.347162045538425 44.831098437309265 125.37015989795327 -32.97209794819355
44.171566128730774 117.05018659681082 40.347162045538425 54.76758885383606 115.20317585021257 -10.79949826747179
44.171566128730774 117.05018659681082 40.347162045538425 47.797815561294556 118.91488328948617 -32.70239397883415
44.171566128730774 117.05018659681082 40.347162045538425 46.05161380767822 121.47941582649946 -15.761184677481651
44.171566128730774 117.05018659681082 40.347162045538425 47.78428816795349 118.44046593084931 -8.548583135008812
44.171566128730774 117.05018659681082 40.347162045538425 49.76660871505737 114.29508731141686 -16.420050770044327
44.171566128730774 117.05018659681082 40.347162045538425 46.920210123062134 127.26970832794905 -31.70308131724596
44.171566128730774 117.05018659681082 40.347162045538425 47.184783577919006 116.68597654625773 -22.73118733614683
44.171566128730774 117.05018659681082 40.347162045538425 49.36781978607178 121.56580040231347 -32.491513065993786
44.171566128730774 117.05018659681082 40.347162045538425 49.79892086982727 122.50197077542543 -11.290655806660652
44.171566128730774 117.05018659681082 40.347162045538425 50.837135791778564 120.99923340976238 -9.174384370446205
44.171566128730774 117.05018659681082 40.347162045538425 47.13772892951965 116.11602460220456 -28.783192589879036
32.99529957771301 124.1253113374114 39.137433625757694 36.57364881038666 129.8506618887186 -18.77384305000305
32.99529957771301 124.1253113374114 39.137433625757694 40.06417644023895 135.42317995801568 -33.409045316278934
32.99529957771301 124.1253113374114 39.137433625757694 44.16895115375519 135.11325589194894 -32.93903309106827
32.99529957771301 124.1253113374114 39.137433625757694 41.95257246494293 128.29752591252327 -30.251170590519905
32.99529957771301 124.1253113374114 39.137433625757694 48.10635268688202 127.71403547376394 -23.50769954174757
32.99529957771301 124.1253113374114 39.137433625757694 42.086787939071655 131.61054460331798 -23.151602275669575
32.99529957771301 124.1253113374114 39.137433625757694 37.201608061790466 122.60226557403803 -4.68908653408289
32.99529957771301 124.1253113374114 39.137433625757694 37.87522208690643 125.8755416199565 -32.762098766863346
32.99529957771301 124.1253113374114 39.137433625757694 43.852620005607605 132.34787236899137 -31.999890372157097
32.99529957771301 124.1253113374114 39.137433625757694 39.93812453746796 122.39564952999353 -4.375745050609112
32.99529957771301 124.1253113374114 39.137433625757694 49.87218475341797 128.45136323943734 -32.35598763823509
32.99529957771301 124.1253113374114 39.137433625757694 39.41901707649231 123.14701821282506 -5.433880768716335
32.99529957771301 124.1253113374114 39.137433625757694 37.935988903045654 125.07953938469291 -27.73055148869753
32.99529957771301 124.1253113374114 39.137433625757694 39.990912556648254 129.47378749400377 -12.343713484704494
32.99529957771301 124.1253113374114 39.137433625757694 42.58644986152649 125.71694407984614 -7.053034894168377
32.99529957771301 124.1253113374114 39.137433625757694 35.939956188201904 130.59087218344212 -18.838625878095627
32.99529957771301 124.1253113374114 39.137433625757694 42.80069291591644 135.21656391397119 -33.09570383280516
32.99529957771301 124.1253113374114 39.137433625757694 40.77356314659119 124.40966437011957 -4.256752051413059
32.99529957771301 124.1253113374114 39.137433625757694 46.920210123062134 127.26970832794905 -31.70308131724596
32.99529957771301 124.1253113374114 39.137433625757694 39.51989006996155 124.52413078024983 -5.406775683164597
31.80033266544342 135.98573019355536 39.13282074034214 42.79392921924591 134.97935523465276 -21.018798410892487
31.80033266544342 135.98573019355536 39.13282074034214 38.71657884120941 132.55737094208598 -23.529726587235928
31.80033266544342 135.98573019355536 39.13282074034214 40.285552740097046 141.47926539555192 -25.261913940310478
31.80033266544342 135.98573019355536 39.13282074034214 38.216071367263794 142.88157726824284 -18.43800936639309
31.80033266544342 135.98573019355536 39.13282074034214 43.63613152503967 137.23057875409722 -32.976710833609104
31.80033266544342 135.98573019355536 39.13282074034214 45.72627353668213 132.85914984345436 -29.764625936746597
31.80033266544342 135.98573019355536 39.13282074034214 45.8545708656311 131.50435405224562 -31.778436802327633
31.80033266544342 135.98573019355536 39.13282074034214 44.97799575328827 133.58820175006986 -28.836055874824524
31.80033266544342 135.98573019355536 39.13282074034214 40.092631101608276 126.42029425874352 -33.50689300149679
31.80033266544342 135.98573019355536 39.13282074034214 40.31400740146637 132.47637969627976 -25.359761625528336
31.80033266544342 135.98573019355536 39.13282074034214 44.5871856212616 132.98477464169264 -31.908002458512783
31.80033266544342 135.98573019355536 39.13282074034214 36.57364881038666 129.8506618887186 -18.77384305000305
31.80033266544342 135.98573019355536 39.13282074034214 46.937779784202576 143.113523311913 -27.496296644210815
31.80033266544342 135.98573019355536 39.13282074034214 38.61570584774017 131.1802583746612 -23.556831672787666
31.80033266544342 135.98573019355536 39.13282074034214 50.30310106277466 131.22790515050292 -34.28848324716091
31.80033266544342 135.98573019355536 39.13282074034214 38.950636982917786 143.5184795409441 -18.346121452748775
31.80033266544342 135.98573019355536 39.13282074034214 42.779186725616455 142.61628675460815 -21.941408701241016
31.80033266544342 135.98573019355536 39.13282074034214 43.022069215774536 141.27264935150743 -24.9485724568367
31.80033266544342 135.98573019355536 39.13282074034214 36.61967313289642 136.69159117341042 -14.664906062185764
31.80033266544342 135.98573019355536 39.13282074034214 39.201313495635986 136.14107347652316 -31.487122364342213
53.803192138671875 117.13419106602669 35.41895706951618 60.677271485328674 124.07467169314623 -26.12528459727764
53.803192138671875 117.13419106602669 35.41895706951618 61.93094456195831 123.96020528301597 -24.975260965526104
53.803192138671875 117.13419106602669 35.41895706951618 61.830071568489075 122.58309271559119 -25.002366051077843
53.803192138671875 117.13419106602669 35.41895706951618 53.60784029960632 118.2979176864028 -22.978864260017872
53.803192138671875 117.13419106602669 35.41895706951618 59.315961718559265 122.57481685653329 -15.225507892668247
53.803192138671875 117.13419106602669 35.41895706951618 60.13177001476288 121.28697139397264 -23.199436098337173
53.803192138671875 117.13419106602669 35.41895706951618 58.26609528064728 112.90155372023582 -12.435184821486473
53.803192138671875 117.13419106602669 35.41895706951618 58.86438477039337 122.76739198341966 -23.329001754522324
53.803192138671875 117.13419106602669 35.41895706951618 60.86633563041687 121.9238736666739 -23.10754818469286
53.803192138671875 117.13419106602669 35.41895706951618 61.54708290100098 121.75361531600356 -16.99076010286808
53.803192138671875 117.13419106602669 35.41895706951618 60.16511249542236 123.22287751734257 -16.126972869038582
53.803192138671875 117.13419106602669 35.41895706951618 61.31096410751343 123.33446139842272 -26.060501769185066
53.803192138671875 117.13419106602669 35.41895706951618 55.507887840270996 122.3482641428709 -24.727584041655064
53.803192138671875 117.13419106602669 35.41895706951618 58.58139610290527 121.93791458383203 -15.317395806312561
53.803192138671875 117.13419106602669 35.41895706951618 60.003472685813904 122.64176718518138 -21.185625232756138
53.803192138671875 117.13419106602669 35.41895706951618 59.39720439910889 120.65006912127137 -23.291324011981487
53.803192138671875 117.13419106602669 35.41895706951618 60.064239501953125 121.8457649499178 -16.15407795459032
53.803192138671875 117.13419106602669 35.41895706951618 59.44425904750824 121.22002106532454 -17.239318758249283
53.803192138671875 117.13419106602669 35.41895706951618 62.665510177612305 124.59710755571723 -24.88337305188179
53.803192138671875 117.13419106602669 35.41895706951618 63.29920279979706 123.85689726099372 -24.818590223789215
40.19508874416351 116.00531487166882 37.86333895474672 43.74028027057648 117.95438776165247 -3.9870480820536613
40.19508874416351 116.00531487166882 37.86333895474672 49.630332589149475 123.52402330189943 -27.40575561672449
40.19508874416351 116.00531487166882 37.86333895474672 43.665616512298584 121.95671571418643 -31.131490252912045
40.19508874416351 116.00531487166882 37.86333895474672 47.98687970638275 116.76408526301384 -29.68465756624937
40.19508874416351 116.00531487166882 37.86333895474672 43.72656810283661 119.32034194096923 -2.966590106487274
40.19508874416351 116.00531487166882 37.86333895474672 46.18564450740814 126.63280605524778 -31.794969230890274
40.19508874416351 116.00531487166882 37.86333895474672 51.28955829143524 116.37605248019099 -22.261175110936165
40.19508874416351 116.00531487166882 37.86333895474672 47.81847620010376 115.94576625153422 -22.666404508054256
40.19508874416351 116.00531487166882 37.86333895474672 48.92337608337402 118.31484113261104 -6.405206613242626
40.19508874416351 116.00531487166882 37.86333895474672 49.051673412323 116.96004534140229 -8.419017478823662
40.19508874416351 116.00531487166882 37.86333895474672 47.68341517448425 117.06335336342454 -8.57568822056055
40.19508874416351 116.00531487166882 37.86333895474672 49.079097747802734 114.22813698276877 -10.459933429956436
40.19508874416351 116.00531487166882 37.86333895474672 46.685306429862976 120.73920553177595 -15.696401849389076
40.19508874416351 116.00531487166882 37.86333895474672 49.77131175994873 127.07425067201257 -32.38309272378683
40.19508874416351 116.00531487166882 37.86333895474672 49.30131959915161 115.85361661761999 -23.503086656332016
40.19508874416351 116.00531487166882 37.86333895474672 44.28559696674347 122.58245959877968 -30.046249449253082
40.19508874416351 116.00531487166882 37.86333895474672 53.29150915145874 115.53253416344523 -22.0397215411067
40.19508874416351 116.00531487166882 37.86333895474672 52.02412390708923 117.01295475289226 -22.16928719729185
40.19508874416351 116.00531487166882 37.86333895474672 50.378610372543335 122.79497139528394 -28.334325678646564
40.19508874416351 116.00531487166882 37.86333895474672 53.39238214492798 116.90964673087001 -22.012616455554962
41.80152642726898 101.77920608595014 50.97588789463043 46.95664358139038 110.39268242940307 -18.801413290202618
41.80152642726898 101.77920608595014 50.97588789463043 45.14375686645508 109.0854027196765 -16.0051304474473
41.80152642726898 101.77920608595014 50.97588789463043 48.92422163486481 113.88423532992601 -27.595491215586662
41.80152642726898 101.77920608595014 50.97588789463043 45.64915215969086 109.69998821616173 -13.92653675377369
41.80152642726898 101.77920608595014 50.97588789463043 46.828346252441406 111.74747822061181 -16.787602424621582
41.80152642726898 101.77920608595014 50.97588789463043 49.55791425704956 113.1440250352025 -27.530708387494087
41.80152642726898 101.77920608595014 50.97588789463043 48.17594385147095 114.61328723654151 -26.66692115366459
41.80152642726898 101.77920608595014 50.97588789463043 48.594178318977356 112.48480598628521 -25.635890521109104
41.80152642726898 101.77920608595014 50.97588789463043 44.95469272136688 111.23620074614882 -19.02286686003208
41.80152642726898 101.77920608595014 50.97588789463043 47.46203887462616 111.0072679258883 -16.722819596529007
41.80152642726898 101.77920608595014 50.97588789463043 44.914586544036865 109.06308594346046 -14.018424667418003
41.80152642726898 101.77920608595014 50.97588789463043 45.588385343551636 110.49599045142531 -18.958084031939507
41.80152642726898 101.77920608595014 50.97588789463043 49.429616928100586 114.49882082641125 -25.51689752191305
41.80152642726898 101.77920608595014 50.97588789463043 45.76373732089996 109.71114660426974 -14.919889643788338
41.80152642726898 101.77920608595014 50.97588789463043 48.07507085800171 113.23617466911674 -26.694026239216328
41.80152642726898 101.77920608595014 50.97588789463043 44.840107560157776 111.22504235804081 -18.029513970017433
41.80152642726898 101.77920608595014 50.97588789463043 51.74216556549072 109.91250001266599 -12.214612983167171
41.80152642726898 101.77920608595014 50.97588789463043 48.06135869026184 114.6021288484335 -25.67356826364994
41.80152642726898 101.77920608595014 50.97588789463043 46.20836579799652 111.12173433601856 -17.872843228280544
41.80152642726898 101.77920608595014 50.97588789463043 48.189656019210815 113.24733305722475 -27.687379129230976
42.90418088436127 118.53060718625784 40.217596389353275 50.418901324272156 123.12771466001868 -10.20541500300169
42.90418088436127 118.53060718625784 40.217596389353275 44.28559696674347 122.58245959877968 -30.046249449253082
42.90418088436127 118.53060718625784 40.217596389353275 53.68823742866516 120.8037757538259 -9.854395776987076
42.90418088436127 118.53060718625784 40.217596389353275 51.240442991256714 128.3480552174151 -32.1993168964982
42.90418088436127 118.53060718625784 40.217596389353275 45.78807067871094 125.79217026755214 -22.790010392665863
42.90418088436127 118.53060718625784 40.217596389353275 48.92337608337402 118.31484113261104 -6.405206613242626
42.90418088436127 118.53060718625784 40.217596389353275 44.19740581512451 126.11037019267678 -33.036880776286125
42.90418088436127 118.53060718625784 40.217596389353275 48.53256595134735 117.71141402423382 -9.477153196930885
42.90418088436127 118.53060718625784 40.217596389353275 45.20941150188446 119.228192307055 -3.8032722547650337
42.90418088436127 118.53060718625784 40.217596389353275 46.05161380767822 121.47941582649946 -15.761184677481651
42.90418088436127 118.53060718625784 40.217596389353275 49.01833093166351 115.02413921803236 -15.491480708122253
42.90418088436127 118.53060718625784 40.217596389353275 45.82244348526001 121.45709905028343 -13.774478897452354
42.90418088436127 118.53060718625784 40.217596389353275 45.31704819202423 120.8425135537982 -15.853072591125965
42.90418088436127 118.53060718625784 40.217596389353275 49.67165386676788 117.58578922599554 -7.3337766751646996
42.90418088436127 118.53060718625784 40.217596389353275 48.06135869026184 114.6021288484335 -25.67356826364994
42.90418088436127 118.53060718625784 40.217596389353275 50.822208523750305 130.4765364676714 -33.23034752905369
42.90418088436127 118.53060718625784 40.217596389353275 44.36026072502136 118.58013164624572 -2.901807278394699
42.90418088436127 118.53060718625784 40.217596389353275 46.786179423332214 122.11631809920073 -15.669296763837337
42.90418088436127 118.53060718625784 40.217596389353275 44.09653282165527 124.73325762525201 -33.063985861837864
42.90418088436127 118.53060718625784 40.217596389353275 55.40701484680176 120.97115157544613 -24.754689127206802
55.27232336997986 118.40799561142921 35.60273289680481 60.68421995639801 122.47150883451104 -15.068837150931358
55.27232336997986 118.40799561142921 35.60273289680481 59.315961718559265 122.57481685653329 -15.225507892668247
55.27232336997986 118.40799561142921 35.60273289680481 58.12981915473938 122.1304897107184 -23.420889668166637
55.27232336997986 118.40799561142921 35.60273289680481 58.749799609184265 122.75623359531164 -22.335648864507675
55.27232336997986 118.40799561142921 35.60273289680481 61.18266677856445 124.68925718963146 -24.04669090360403
55.27232336997986 118.40799561142921 35.60273289680481 62.564637184143066 123.21999498829246 -24.91047813743353
55.27232336997986 118.40799561142921 35.60273289680481 63.18461763858795 123.8457388728857 -23.825237333774567
55.27232336997986 118.40799561142921 35.60273289680481 62.67922234535217 123.23115337640047 -25.903831027448177
55.27232336997986 118.40799561142921 35.60273289680481 59.48436522483826 123.3931358680129 -22.24376095086336
55.27232336997986 118.40799561142921 35.60273289680481 62.665510177612305 124.59710755571723 -24.88337305188179
55.27232336997986 118.40799561142921 35.60273289680481 61.71548640727997 122.57193432748318 -24.009013161063194
55.27232336997986 118.40799561142921 35.60273289680481 60.23264300823212 122.66408396139741 -23.172331012785435
55.27232336997986 118.40799561142921 35.60273289680481 59.26890707015991 122.00486491248012 -21.27751314640045
55.27232336997986 118.40799561142921 35.60273289680481 60.44810116291046 124.0523549169302 -24.138578817248344
55.27232336997986 118.40799561142921 35.60273289680481 60.751750469207764 121.91271527856588 -22.11419529467821
55.27232336997986 118.40799561142921 35.60273289680481 61.917232394218445 125.32615946233273 -23.954802989959717
55.27232336997986 118.40799561142921 35.60273289680481 60.63716530799866 121.90155689045787 -21.120842404663563
55.27232336997986 118.40799561142921 35.60273289680481 59.28261923789978 120.63891073316336 -22.29797112196684
55.27232336997986 118.40799561142921 35.60273289680481 63.29920279979706 123.85689726099372 -24.818590223789215
55.27232336997986 118.40799561142921 35.60273289680481 59.54513204097748 122.59713363274932 -17.212213672697544
31.640753507614136 122.86266518011689 37.96030490845442 38.67073929309845 123.87607011944056 -4.505310706794262
31.640753507614136 122.86266518011689 37.96030490845442 39.98396408557892 131.07695035263896 -23.400160931050777
31.640753507614136 122.86266518011689 37.96030490845442 47.898688554763794 120.29199585691094 -32.67528889328241
31.640753507614136 122.86266518011689 37.96030490845442 45.22087824344635 132.24456434696913 -31.843219630420208
31.640753507614136 122.86266518011689 37.96030490845442 44.28559696674347 122.58245959877968 -30.046249449253082
31.640753507614136 122.86266518011689 37.96030490845442 44.20435428619385 124.5072073340416 -21.980433329939842
31.640753507614136 122.86266518011689 37.96030490845442 46.80562496185303 127.25854993984103 -30.709728427231312
31.640753507614136 122.86266518011689 37.96030490845442 42.75485336780548 126.53526309132576 -14.071287952363491
31.640753507614136 122.86266518011689 37.96030490845442 41.582422971725464 124.7249817661941 -23.28712770342827
31.640753507614136 122.86266518011689 37.96030490845442 44.95263206958771 123.7781554274261 -22.909003391861916
31.640753507614136 122.86266518011689 37.96030490845442 39.78916656970978 126.71956235915422 -12.397923655807972
31.640753507614136 122.86266518011689 37.96030490845442 43.63716185092926 130.95960141345859 -31.033642567694187
31.640753507614136 122.86266518011689 37.96030490845442 47.467772245407104 117.51545394584537 -30.742793284356594
31.640753507614136 122.86266518011689 37.96030490845442 46.83407962322235 118.25566424056888 -30.80757611244917
31.640753507614136 122.86266518011689 37.96030490845442 38.050758838653564 123.25032623484731 -5.590551510453224
31.640753507614136 122.86266518011689 37.96030490845442 45.8545708656311 131.50435405224562 -31.778436802327633
31.640753507614136 122.86266518011689 37.96030490845442 45.03387475013733 121.85340769216418 -30.974819511175156
31.640753507614136 122.86266518011689 37.96030490845442 39.41901707649231 123.14701821282506 -5.433880768716335
31.640753507614136 122.86266518011689 37.96030490845442 38.68445146083832 122.5101159401238 -5.525768682360649
31.640753507614136 122.86266518011689 37.96030490845442 39.1898467540741 123.12470143660903 -3.4471749886870384
32.880714416503906 124.11415294930339 40.13078651577234 41.56768047809601 132.3619132861495 -24.2097379937768
32.880714416503906 124.11415294930339 40.13078651577234 38.1516318321228 124.62743880227208 -5.563446424901485
32.880714416503906 124.11415294930339 40.13078651577234 42.14182138442993 124.30635634809732 -4.10008130967617
32.880714416503906 124.11415294930339 40.13078651577234 48.74004530906677 126.97382517904043 -23.442916713654995
32.880714416503906 124.11415294930339 40.13078651577234 39.98396408557892 131.07695035263896 -23.400160931050777
32.880714416503906 124.11415294930339 40.13078651577234 38.583393692970276 122.97337491065264 -28.68622663617134
32.880714416503906 124.11415294930339 40.13078651577234 49.77131175994873 127.07425067201257 -32.38309272378683
32.880714416503906 124.11415294930339 40.13078651577234 39.34435331821442 127.14934616535902 -32.57832293957472
32.880714416503906 124.11415294930339 40.13078651577234 41.35325264930725 124.70266498997808 -21.30042192339897
32.880714416503906 124.11415294930339 40.13078651577234 43.00346922874451 131.6998117081821 -31.098425395786762
32.880714416503906 124.11415294930339 40.13078651577234 44.270854473114014 130.21939111873507 -30.968859739601612
32.880714416503906 124.11415294930339 40.13078651577234 45.619667172431946 124.97385125607252 -15.771757334470749
32.880714416503906 124.11415294930339 40.13078651577234 46.618621468544006 116.86739328503609 -29.84132830798626
32.880714416503906 124.11415294930339 40.13078651577234 44.7017707824707 132.99593302980065 -32.90135534852743
32.880714416503906 124.11415294930339 40.13078651577234 44.71651327610016 125.35900150984526 -31.9787450581789
32.880714416503906 124.11415294930339 40.13078651577234 44.600897789001465 131.61882046237588 -32.92846043407917
32.880714416503906 124.11415294930339 40.13078651577234 44.09653282165527 124.73325762525201 -33.063985861837864
32.880714416503906 124.11415294930339 40.13078651577234 50.822208523750305 130.4765364676714 -33.23034752905369
32.880714416503906 124.11415294930339 40.13078651577234 36.45906364917755 129.8395035006106 -17.780490159988403
32.880714416503906 124.11415294930339 40.13078651577234 37.32765996456146 135.62979600206017 -33.72238679975271
28.786560893058777 141.87105485796928 32.81111151725054 37.69696390628815 143.63294595107436 -19.496145084500313
28.786560893058777 141.87105485796928 32.81111151725054 38.216071367263794 142.88157726824284 -18.43800936639309
28.786560893058777 141.87105485796928 32.81111151725054 38.69591820240021 135.52648798003793 -33.56571605801582
28.786560893058777 141.87105485796928 32.81111151725054 38.31694436073303 144.2586898356676 -18.41090428084135
28.786560893058777 141.87105485796928 32.81111151725054 36.15438401699066 138.25012047961354 -21.747941948473454
28.786560893058777 141.87105485796928 32.81111151725054 38.3306565284729 142.89273565635085 -19.431362256407738
28.786560893058777 141.87105485796928 32.81111151725054 32.797887086868286 137.8309926390648 -23.146524235606194
28.786560893058777 141.87105485796928 32.81111151725054 37.32765996456146 135.62979600206017 -33.72238679975271
28.786560893058777 141.87105485796928 32.81111151725054 37.09069561958313 141.64124788716435 -21.601843863725662
28.786560893058777 141.87105485796928 32.81111151725054 39.215025663375854 134.7751192972064 -32.5075803399086
28.786560893058777 141.87105485796928 32.81111151725054 36.86152529716492 141.61893111094832 -19.615138083696365
28.786560893058777 141.87105485796928 32.81111151725054 35.40018808841705 134.3113579042256 -29.932751066982746
28.786560893058777 141.87105485796928 32.81111151725054 33.647037863731384 138.47905329987407 -24.047989211976528
28.786560893058777 141.87105485796928 32.81111151725054 37.063271284103394 144.37315624579787 -19.560927912592888
28.786560893058777 141.87105485796928 32.81111151725054 38.53240251541138 145.6469607912004 -19.37715208530426
28.786560893058777 141.87105485796928 32.81111151725054 39.10044050216675 134.7639609090984 -31.51422744989395
28.786560893058777 141.87105485796928 32.81111151725054 41.75468397140503 142.75306994095445 -25.07813811302185
28.786560893058777 141.87105485796928 32.81111151725054 38.950636982917786 143.5184795409441 -18.346121452748775
28.786560893058777 141.87105485796928 32.81111151725054 32.898760080337524 139.20810520648956 -23.119419150054455
28.786560893058777 141.87105485796928 32.81111151725054 36.97611045837402 141.63008949905634 -20.608490973711014
44.157853960990906 118.41614077612758 41.36762002110481 59.26890707015991 122.00486491248012 -21.27751314640045
44.157853960990906 118.41614077612758 41.36762002110481 46.80562496185303 127.25854993984103 -30.709728427231312
44.157853960990906 118.41614077612758 41.36762002110481 47.08982872962952 119.97667846083641 -13.644913241267204
44.157853960990906 118.41614077612758 41.36762002110481 54.76758885383606 115.20317585021257 -10.79949826747179
44.157853960990906 118.41614077612758 41.36762002110481 49.238492131233215 129.19157353416085 -32.42077046632767
44.157853960990906 118.41614077612758 41.36762002110481 47.520745038986206 122.75322037190199 -15.577408850193024
44.157853960990906 118.41614077612758 41.36762002110481 46.60490930080414 118.23334746435285 -28.820870332419872
44.157853960990906 118.41614077612758 41.36762002110481 58.86438477039337 122.76739198341966 -23.329001754522324
44.157853960990906 118.41614077612758 41.36762002110481 47.83707618713379 125.51860389485955 -16.516551569104195
44.157853960990906 118.41614077612758 41.36762002110481 49.373737931251526 126.23361488431692 -23.37813388556242
44.157853960990906 118.41614077612758 41.36762002110481 49.67165386676788 117.58578922599554 -7.3337766751646996
44.157853960990906 118.41614077612758 41.36762002110481 49.06435525417328 121.86506850272417 -11.382543720304966
44.157853960990906 118.41614077612758 41.36762002110481 44.19740581512451 126.11037019267678 -33.036880776286125
44.157853960990906 118.41614077612758 41.36762002110481 48.44540512561798 114.96834727749228 -10.524716258049011
44.157853960990906 118.41614077612758 41.36762002110481 53.298457622528076 113.92937130481005 -10.983274094760418
44.157853960990906 118.41614077612758 41.36762002110481 49.26694679260254 120.1886878348887 -32.518618151545525
44.157853960990906 118.41614077612758 41.36762002110481 49.02303397655487 127.80330257862806 -31.454522661864758
44.157853960990906 118.41614077612758 41.36762002110481 45.20941150188446 119.228192307055 -3.8032722547650337
44.157853960990906 118.41614077612758 41.36762002110481 58.749799609184265 122.75623359531164 -22.335648864507675
44.157853960990906 118.41614077612758 41.36762002110481 53.39238214492798 116.90964673087001 -22.012616455554962
44.36063027381897 114.89938857033849 43.36489845812321 53.60784029960632 118.2979176864028 -22.978864260017872
44.36063027381897 114.89938857033849 43.36489845812321 48.05356466770172 120.6358975097537 -15.539731107652187
44.36063027381897 114.89938857033849 43.36489845812321 47.353187084198 117.50429555773735 -29.749440394341946
44.36063027381897 114.89938857033849 43.36489845812321 54.13962960243225 122.45157216489315 -24.884254783391953
44.36063027381897 114.89938857033849 43.36489845812321 47.9604856967926 113.22501628100872 -25.70067334920168
44.36063027381897 114.89938857033849 43.36489845812321 48.78813028335571 121.27279978245497 -15.447843194007874
44.36063027381897 114.89938857033849 43.36489845812321 47.13772892951965 116.11602460220456 -28.783192589879036
44.36063027381897 114.89938857033849 43.36489845812321 55.507887840270996 122.3482641428709 -24.727584041655064
44.36063027381897 114.89938857033849 43.36489845812321 54.88790738582611 121.72252025827765 -25.812824845314026
44.36063027381897 114.89938857033849 43.36489845812321 52.02412390708923 117.01295475289226 -22.16928719729185
44.36063027381897 114.89938857033849 43.36489845812321 46.45613610744476 120.71688875555992 -13.70969606935978
44.36063027381897 114.89938857033849 43.36489845812321 53.18387246131897 113.91821291670203 -9.98992120474577
44.36063027381897 114.89938857033849 43.36489845812321 50.177894711494446 113.76976891979575 -26.445467583835125
44.36063027381897 114.89938857033849 43.36489845812321 48.04764652252197 115.96808302775025 -24.653110288083553
44.36063027381897 114.89938857033849 43.36489845812321 52.55694353580475 114.89563189074397 -22.131609454751015
44.36063027381897 114.89938857033849 43.36489845812321 49.52945959568024 122.14691073447466 -27.43286070227623
44.36063027381897 114.89938857033849 43.36489845812321 47.184783577919006 116.68597654625773 -22.73118733614683
44.36063027381897 114.89938857033849 43.36489845812321 48.53256595134735 117.71141402423382 -9.477153196930885
44.36063027381897 114.89938857033849 43.36489845812321 49.44229876995087 119.40384398773313 -28.480423763394356
44.36063027381897 114.89938857033849 43.36489845812321 50.92514216899872 119.3116943538189 -29.317105911672115
53.77576780319214 119.8660994246602 37.459873020648956 62.564637184143066 123.21999498829246 -24.91047813743353
53.77576780319214 119.8660994246602 37.459873020648956 61.943626403808594 128.86522844433784 -27.938787207007408
53.77576780319214 119.8660994246602 37.459873020648956 59.36978006362915 123.38197747990489 -21.250408060848713
53.77576780319214 119.8660994246602 37.459873020648956 58.76351177692413 121.39027941599488 -23.356106840074062
53.77576780319214 119.8660994246602 37.459873020648956 61.54708290100098 121.75361531600356 -16.99076010286808
53.77576780319214 119.8660994246602 37.459873020648956 58.58242642879486 115.66693724319339 -13.374327540397644
53.77576780319214 119.8660994246602 37.459873020648956 59.39720439910889 120.65006912127137 -23.291324011981487
53.77576780319214 119.8660994246602 37.459873020648956 62.5509250164032 124.58594916760921 -23.89002016186714
53.77576780319214 119.8660994246602 37.459873020648956 60.064239501953125 121.8457649499178 -16.15407795459032
53.77576780319214 119.8660994246602 37.459873020648956 61.71548640727997 122.57193432748318 -24.009013161063194
53.77576780319214 119.8660994246602 37.459873020648956 60.812517285346985 121.1167130433023 -17.082648016512394
53.77576780319214 119.8660994246602 37.459873020648956 55.157368659973145 122.07758029922843 -9.670619949698448
53.77576780319214 119.8660994246602 37.459873020648956 60.91339027881622 122.49382561072707 -17.055542930960655
53.77576780319214 119.8660994246602 37.459873020648956 59.48436522483826 123.3931358680129 -22.24376095086336
53.77576780319214 119.8660994246602 37.459873020648956 59.84878134727478 120.457493994385 -15.187830150127411
53.77576780319214 119.8660994246602 37.459873020648956 61.82904124259949 128.85407005622983 -26.94543431699276
53.77576780319214 119.8660994246602 37.459873020648956 59.43054687976837 122.5859752446413 -16.218860782682896
53.77576780319214 119.8660994246602 37.459873020648956 61.19637894630432 123.3233030103147 -25.067148879170418
53.77576780319214 119.8660994246602 37.459873020648956 55.056495666503906 120.70046773180366 -9.697725035250187
53.77576780319214 119.8660994246602 37.459873020648956 61.2090607881546 128.22832617163658 -28.030675120651722
34.221548318862915 126.74275328591466 42.328373208642006 50.32376170158386 128.25878811255097 -24.252493776381016
34.221548318862915 126.74275328591466 42.328373208642006 38.05057406425476 125.09069777280092 -28.723904378712177
34.221548318862915 126.74275328591466 42.328373208642006 47.43931758403778 126.51833964511752 -30.644945599138737
34.221548318862915 126.74275328591466 42.328373208642006 52.29133975505829 131.75034101307392 -33.04657170176506
34.221548318862915 126.74275328591466 42.328373208642006 38.59607553482056 127.87839807197452 -31.649752877652645
34.221548318862915 126.74275328591466 42.328373208642006 39.47856879234314 130.46236485615373 -25.478754624724388
34.221548318862915 126.74275328591466 42.328373208642006 48.038822174072266 128.2728290297091 -16.462341398000717
34.221548318862915 126.74275328591466 42.328373208642006 45.00438976287842 137.12727073207498 -32.820040091872215
34.221548318862915 126.74275328591466 42.328373208642006 39.054600954055786 126.08266008645296 -12.489811569452286
34.221548318862915 126.74275328591466 42.328373208642006 39.358065485954285 125.78339198604226 -33.598780915141106
34.221548318862915 126.74275328591466 42.328373208642006 49.38641977310181 131.1386380456388 -26.341660127043724
34.221548318862915 126.74275328591466 42.328373208642006 47.31796872615814 126.26997257769108 -17.574687287211418
34.221548318862915 126.74275328591466 42.328373208642006 50.957454323768616 127.51857781782746 -24.18771094828844
34.221548318862915 126.74275328591466 42.328373208642006 38.59504520893097 134.14937541261315 -33.59282114356756
34.221548318862915 126.74275328591466 42.328373208642006 46.4735209941864 138.4010752774775 -32.63626426458359
34.221548318862915 126.74275328591466 42.328373208642006 38.42090833187103 126.82287038117647 -12.55459439754486
34.221548318862915 126.74275328591466 42.328373208642006 52.2375214099884 130.94318038970232 -27.021671533584595
34.221548318862915 126.74275328591466 42.328373208642006 36.23562669754028 136.32537274435163 -29.813758067786694
34.221548318862915 126.74275328591466 42.328373208642006 35.939956188201904 130.59087218344212 -18.838625878095627
34.221548318862915 126.74275328591466 42.328373208642006 45.005420088768005 130.85629339143634 -30.8769718259573
54.75321590900421 119.15936429426074 34.544597178697586 59.216119050979614 114.92672694846988 -13.309544712305069
54.75321590900421 119.15936429426074 34.544597178697586 60.11805784702301 122.6529255732894 -22.178978122770786
54.75321590900421 119.15936429426074 34.544597178697586 59.498077392578125 122.02718168869615 -23.26421892642975
54.75321590900421 119.15936429426074 34.544597178697586 58.76351177692413 121.39027941599488 -23.356106840074062
54.75321590900421 119.15936429426074 34.544597178697586 60.44810116291046 124.0523549169302 -24.138578817248344
54.75321590900421 119.15936429426074 34.544597178697586 60.751750469207764 121.91271527856588 -22.11419529467821
54.75321590900421 119.15936429426074 34.544597178697586 60.79880511760712 122.48266722261906 -16.062190040946007
54.75321590900421 119.15936429426074 34.544597178697586 63.29920279979706 123.85689726099372 -24.818590223789215
54.75321590900421 119.15936429426074 34.544597178697586 59.33070421218872 114.93788533657789 -14.302897602319717
54.75321590900421 119.15936429426074 34.544597178697586 61.93094456195831 123.96020528301597 -24.975260965526104
54.75321590900421 119.15936429426074 34.544597178697586 59.48436522483826 123.3931358680129 -22.24376095086336
54.75321590900421 119.15936429426074 34.544597178697586 60.68421995639801 122.47150883451104 -15.068837150931358
54.75321590900421 119.15936429426074 34.544597178697586 63.18461763858795 123.8457388728857 -23.825237333774567
54.75321590900421 119.15936429426074 34.544597178697586 60.86633563041687 121.9238736666739 -23.10754818469286
54.75321590900421 119.15936429426074 34.544597178697586 59.168034076690674 120.62775234505534 -21.30461823195219
54.75321590900421 119.15936429426074 34.544597178697586 59.44425904750824 121.22002106532454 -17.239318758249283
54.75321590900421 119.15936429426074 34.544597178697586 60.064239501953125 121.8457649499178 -16.15407795459032
54.75321590900421 119.15936429426074 34.544597178697586 59.26890707015991 122.00486491248012 -21.27751314640045
54.75321590900421 119.15936429426074 34.544597178697586 58.58242642879486 115.66693724319339 -13.374327540397644
54.75321590900421 119.15936429426074 34.544597178697586 62.45005202293396 123.20883660018444 -23.91712524741888
31.29493737220764 135.37114469707012 37.05422704666853 48.24630153179169 137.53524018451571 -30.428104914724827
31.29493737220764 135.37114469707012 37.05422704666853 41.32376766204834 139.97652802988887 -23.14564250409603
31.29493737220764 135.37114469707012 37.05422704666853 47.598896741867065 139.64140465855598 -29.472429767251015
31.29493737220764 135.37114469707012 37.05422704666853 36.775394797325134 132.60488702356815 -18.719632878899574
31.29493737220764 135.37114469707012 37.05422704666853 40.690075039863586 140.71673832461238 -23.210425332188606
31.29493737220764 135.37114469707012 37.05422704666853 39.201313495635986 136.14107347652316 -31.487122364342213
31.29493737220764 135.37114469707012 37.05422704666853 36.23562669754028 136.32537274435163 -29.813758067786694
31.29493737220764 135.37114469707012 37.05422704666853 47.70080006122589 134.74753988534212 -27.50225641578436
31.29493737220764 135.37114469707012 37.05422704666853 42.38837659358978 142.01285964623094 -25.013355284929276
31.29493737220764 135.37114469707012 37.05422704666853 35.6156462430954 135.69962885975838 -30.898998871445656
31.29493737220764 135.37114469707012 37.05422704666853 37.12694430351257 126.60459352657199 -31.833528704941273
31.29493737220764 135.37114469707012 37.05422704666853 34.551037311553955 133.6632972434163 -29.03128609061241
31.29493737220764 135.37114469707012 37.05422704666853 36.02016854286194 134.93710178881884 -28.847510263323784
31.29493737220764 135.37114469707012 37.05422704666853 36.49137580394745 138.04638696461916 -12.651095196604729
31.29493737220764 135.37114469707012 37.05422704666853 35.534403562545776 137.6243765950203 -22.833182752132416
31.29493737220764 135.37114469707012 37.05422704666853 41.64009881019592 142.74191155284643 -24.084785223007202
31.29493737220764 135.37114469707012 37.05422704666853 40.31400740146637 132.47637969627976 -25.359761625528336
31.29493737220764 135.37114469707012 37.05422704666853 38.609787702560425 126.51244389265776 -32.67021085321903
31.29493737220764 135.37114469707012 37.05422704666853 42.05833327770233 140.61343030259013 -23.053754590451717
31.29493737220764 135.37114469707012 37.05422704666853 33.81647169589996 133.02639497071505 -29.123174004256725
55.979464650154114 121.776806242764 37.7355367615819 59.55086541175842 129.10531965270638 -31.23218736052513
55.979464650154114 121.776806242764 37.7355367615819 60.56268632411957 124.06351330503821 -25.131931707262993
55.979464650154114 121.776806242764 37.7355367615819 60.56165599822998 130.33449064567685 -27.07499997317791
55.979464650154114 121.776806242764 37.7355367615819 59.941675543785095 129.7087467610836 -28.160240776836872
55.979464650154114 121.776806242764 37.7355367615819 61.943626403808594 128.86522844433784 -27.938787207007408
55.979464650154114 121.776806242764 37.7355367615819 59.168034076690674 120.62775234505534 -21.30461823195219
55.979464650154114 121.776806242764 37.7355367615819 61.94465672969818 122.59425110369921 -25.99571894109249
55.979464650154114 121.776806242764 37.7355367615819 60.05052733421326 123.21171912923455 -15.133619979023933
55.979464650154114 121.776806242764 37.7355367615819 61.93094456195831 123.96020528301597 -24.975260965526104
55.979464650154114 121.776806242764 37.7355367615819 62.67922234535217 123.23115337640047 -25.903831027448177
55.979464650154114 121.776806242764 37.7355367615819 60.17882466316223 121.85692333802581 -17.14743084460497
55.979464650154114 121.776806242764 37.7355367615819 59.32967388629913 121.20886267721653 -16.245965868234634
55.979464650154114 121.776806242764 37.7355367615819 60.91339027881622 122.49382561072707 -17.055542930960655
55.979464650154114 121.776806242764 37.7355367615819 61.019996643066406 130.3791241981089 -31.048411533236504
55.979464650154114 121.776806242764 37.7355367615819 59.94965434074402 121.83460656180978 -15.160725064575672
55.979464650154114 121.776806242764 37.7355367615819 60.79082632064819 130.35680742189288 -29.061705753207207
55.979464650154114 121.776806242764 37.7355367615819 58.12981915473938 122.1304897107184 -23.420889668166637
55.979464650154114 121.776806242764 37.7355367615819 59.54513204097748 122.59713363274932 -17.212213672697544
55.979464650154114 121.776806242764 37.7355367615819 61.917232394218445 125.32615946233273 -23.954802989959717
55.979464650154114 121.776806242764 37.7355367615819 61.929914236068726 130.2311826236546 -26.91832923144102
34.53684914112091 135.77911414951086 39.44616222381592 39.22976815700531 127.138187777251 -31.58497004956007
34.53684914112091 135.77911414951086 39.44616222381592 44.775219440460205 137.10495395585895 -30.83333431184292
34.53684914112091 135.77911414951086 39.44616222381592 51.6713593006134 131.12459712848067 -34.13181250542402
34.53684914112091 135.77911414951086 39.44616222381592 38.71657884120941 132.55737094208598 -23.529726587235928
34.53684914112091 135.77911414951086 39.44616222381592 49.5548232793808 131.95695705711842 -33.35991318523884
34.53684914112091 135.77911414951086 39.44616222381592 48.751696825027466 138.14982568100095 -28.349511221051216
34.53684914112091 135.77911414951086 39.44616222381592 51.03766667842865 131.86480742320418 -34.1965953335166
34.53684914112091 135.77911414951086 39.44616222381592 48.27475619316101 128.53235448524356 -30.525952599942684
34.53684914112091 135.77911414951086 39.44616222381592 39.10044050216675 134.7639609090984 -31.51422744989395
34.53684914112091 135.77911414951086 39.44616222381592 48.191452860832214 142.99905690178275 -26.346273012459278
34.53684914112091 135.77911414951086 39.44616222381592 46.332541823387146 134.85084790736437 -27.658927157521248
34.53684914112091 135.77911414951086 39.44616222381592 50.4039740562439 132.6050177179277 -34.26137816160917
34.53684914112091 135.77911414951086 39.44616222381592 46.45407545566559 133.2588434368372 -17.595832601189613
34.53684914112091 135.77911414951086 39.44616222381592 37.91448271274567 132.47926222532988 -16.57625635713339
34.53684914112091 135.77911414951086 39.44616222381592 48.38934135437012 128.54351287335157 -31.519305489957333
34.53684914112091 135.77911414951086 39.44616222381592 49.38641977310181 131.1386380456388 -26.341660127043724
34.53684914112091 135.77911414951086 39.44616222381592 38.54817533493042 131.73905193060637 -16.511473529040813
34.53684914112091 135.77911414951086 39.44616222381592 51.657647132873535 132.49055130779743 -33.111354529857635
34.53684914112091 135.77911414951086 39.44616222381592 50.9701361656189 132.42360097914934 -27.151237189769745
34.53684914112091 135.77911414951086 39.44616222381592 49.48626244068146 138.7867279537022 -28.257623307406902
34.12067532539368 125.36564071848989 42.30126812309027 49.460898756980896 128.97668163105845 -22.330570824444294
34.12067532539368 125.36564071848989 42.30126812309027 35.939956188201904 130.59087218344212 -18.838625878095627
34.12067532539368 125.36564071848989 42.30126812309027 50.417686223983765 131.23906353861094 -35.28183613717556
34.12067532539368 125.36564071848989 42.30126812309027 38.59504520893097 134.14937541261315 -33.59282114356756
34.12067532539368 125.36564071848989 42.30126812309027 40.2063707113266 130.86205844953656 -13.309961289167404
34.12067532539368 125.36564071848989 42.30126812309027 36.58144283294678 123.8168932273984 -28.907680206000805
34.12067532539368 125.36564071848989 42.30126812309027 47.43931758403778 126.51833964511752 -30.644945599138737
34.12067532539368 125.36564071848989 42.30126812309027 40.320955872535706 130.87321683764458 -14.303314179182053
34.12067532539368 125.36564071848989 42.30126812309027 44.87712275981903 132.21108918264508 -28.863160960376263
34.12067532539368 125.36564071848989 42.30126812309027 41.35325264930725 124.70266498997808 -21.30042192339897
34.12067532539368 125.36564071848989 42.30126812309027 41.90570259094238 125.88720243051648 -13.169822975993156
34.12067532539368 125.36564071848989 42.30126812309027 37.87522208690643 125.8755416199565 -32.762098766863346
34.12067532539368 125.36564071848989 42.30126812309027 37.72053074836731 123.69126842916012 -26.76430368423462
34.12067532539368 125.36564071848989 42.30126812309027 38.050758838653564 123.25032623484731 -5.590551510453224
34.12067532539368 125.36564071848989 42.30126812309027 39.950621604919434 129.14104422926903 -30.47262416034937
34.12067532539368 125.36564071848989 42.30126812309027 49.630332589149475 123.52402330189943 -27.40575561672449
34.12067532539368 125.36564071848989 42.30126812309027 49.69006907939911 128.99899840727448 -24.31727660447359
34.12067532539368 125.36564071848989 42.30126812309027 43.75174701213837 130.9707598015666 -32.026995457708836
34.12067532539368 125.36564071848989 42.30126812309027 47.74090623855591 136.92065468803048 -32.50669860839844
34.12067532539368 125.36564071848989 42.30126812309027 51.5567741394043 131.11343874037266 -33.138459615409374
43.94239580631256 117.02786982059479 42.33386782556772 48.782212138175964 116.60498530045152 -24.56122237443924
43.94239580631256 117.02786982059479 42.33386782556772 46.57072126865387 120.72804714366794 -14.703048959374428
43.94239580631256 117.02786982059479 42.33386782556772 52.77935016155243 114.68073998764157 -12.041409812867641
43.94239580631256 117.02786982059479 42.33386782556772 51.571701407432556 121.63613568246365 -9.082496456801891
43.94239580631256 117.02786982059479 42.33386782556772 58.12981915473938 122.1304897107184 -23.420889668166637
43.94239580631256 117.02786982059479 42.33386782556772 44.831098437309265 125.37015989795327 -32.97209794819355
43.94239580631256 117.02786982059479 42.33386782556772 48.189656019210815 113.24733305722475 -27.687379129230976
43.94239580631256 117.02786982059479 42.33386782556772 53.298457622528076 113.92937130481005 -10.983274094760418
43.94239580631256 117.02786982059479 42.33386782556772 48.08775269985199 118.14119783043861 -29.657552480697632
43.94239580631256 117.02786982059479 42.33386782556772 47.78428816795349 118.44046593084931 -8.548583135008812
43.94239580631256 117.02786982059479 42.33386782556772 48.07507085800171 113.23617466911674 -26.694026239216328
43.94239580631256 117.02786982059479 42.33386782556772 49.77131175994873 127.07425067201257 -32.38309272378683
43.94239580631256 117.02786982059479 42.33386782556772 49.79892086982727 122.50197077542543 -11.290655806660652
43.94239580631256 117.02786982059479 42.33386782556772 49.6587872505188 114.52113760262728 -27.50360330194235
43.94239580631256 117.02786982059479 42.33386782556772 47.872294545173645 116.75292687490582 -28.691304676234722
43.94239580631256 117.02786982059479 42.33386782556772 47.898688554763794 120.29199585691094 -32.67528889328241
43.94239580631256 117.02786982059479 42.33386782556772 51.68628656864166 121.64729407057166 -10.07584934681654
43.94239580631256 117.02786982059479 42.33386782556772 47.366899251937866 116.13834137842059 -30.769898369908333
43.94239580631256 117.02786982059479 42.33386782556772 48.92337608337402 118.31484113261104 -6.405206613242626
43.94239580631256 117.02786982059479 42.33386782556772 48.66762697696686 116.5938269123435 -23.56786948442459
39.263664960861206 123.55297928676009 44.88755178451538 50.31802833080292 121.75060209259391 -10.232520088553429
39.263664960861206 123.55297928676009 44.88755178451538 44.37172746658325 131.59650368615985 -30.941754654049873
39.263664960861206 123.55297928676009 44.88755178451538 48.38934135437012 128.54351287335157 -31.519305489957333
39.263664960861206 123.55297928676009 44.88755178451538 41.851699471473694 126.9204133450985 -30.278275676071644
39.263664960861206 123.55297928676009 44.88755178451538 42.48557686805725 124.33983151242137 -7.080139979720116
39.263664960861206 123.55297928676009 44.88755178451538 46.83407962322235 118.25566424056888 -30.80757611244917
39.263664960861206 123.55297928676009 44.88755178451538 48.220937848091125 127.72519386187196 -24.50105243176222
39.263664960861206 123.55297928676009 44.88755178451538 55.203208208084106 130.75888112187386 -28.695035830140114
39.263664960861206 123.55297928676009 44.88755178451538 44.69030404090881 119.97956098988652 -4.861407972872257
39.263664960861206 123.55297928676009 44.88755178451538 50.95172095298767 121.0103917978704 -10.167737260460854
39.263664960861206 123.55297928676009 44.88755178451538 49.583462715148926 121.11369981989264 -10.324408002197742
39.263664960861206 123.55297928676009 44.88755178451538 47.872294545173645 116.75292687490582 -28.691304676234722
39.263664960861206 123.55297928676009 44.88755178451538 47.97316753864288 118.1300394423306 -28.664199590682983
39.263664960861206 123.55297928676009 44.88755178451538 45.82244348526001 121.45709905028343 -13.774478897452354
39.263664960861206 123.55297928676009 44.88755178451538 42.14182138442993 124.30635634809732 -4.10008130967617
39.263664960861206 123.55297928676009 44.88755178451538 49.38641977310181 131.1386380456388 -26.341660127043724
39.263664960861206 123.55297928676009 44.88755178451538 50.417686223983765 131.23906353861094 -35.28183613717556
39.263664960861206 123.55297928676009 44.88755178451538 49.69804787635803 121.12485820800066 -11.317760892212391
39.263664960861206 123.55297928676009 44.88755178451538 44.71651327610016 125.35900150984526 -31.9787450581789
39.263664960861206 123.55297928676009 44.88755178451538 49.743887424468994 129.80615903064609 -30.342176772654057
56.61315727233887 121.03659594804049 37.80031958967447 60.23264300823212 122.66408396139741 -23.172331012785435
56.61315727233887 121.03659594804049 37.80031958967447 61.82904124259949 128.85407005622983 -26.94543431699276
56.61315727233887 121.03659594804049 37.80031958967447 60.63716530799866 121.90155689045787 -21.120842404663563
56.61315727233887 121.03659594804049 37.80031958967447 60.064239501953125 121.8457649499178 -16.15407795459032
56.61315727233887 121.03659594804049 37.80031958967447 62.04552972316742 123.97136367112398 -25.968613855540752
56.61315727233887 121.03659594804049 37.80031958967447 61.31096410751343 123.33446139842272 -26.060501769185066
56.61315727233887 121.03659594804049 37.80031958967447 60.69793212413788 121.10555465519428 -16.089295126497746
56.61315727233887 121.03659594804049 37.80031958967447 60.86633563041687 121.9238736666739 -23.10754818469286
56.61315727233887 121.03659594804049 37.80031958967447 58.810566425323486 121.96023136004806 -17.304101586341858
56.61315727233887 121.03659594804049 37.80031958967447 60.003472685813904 122.64176718518138 -21.185625232756138
56.61315727233887 121.03659594804049 37.80031958967447 59.55086541175842 129.10531965270638 -31.23218736052513
56.61315727233887 121.03659594804049 37.80031958967447 58.69598126411438 121.94907297194004 -16.31074869632721
56.61315727233887 121.03659594804049 37.80031958967447 58.76351177692413 121.39027941599488 -23.356106840074062
56.61315727233887 121.03659594804049 37.80031958967447 59.902599692344666 121.2646546177566 -21.212730318307877
56.61315727233887 121.03659594804049 37.80031958967447 60.79082632064819 130.35680742189288 -29.061705753207207
56.61315727233887 121.03659594804049 37.80031958967447 62.03181755542755 125.33731785044074 -24.948155879974365
56.61315727233887 121.03659594804049 37.80031958967447 59.48436522483826 123.3931358680129 -22.24376095086336
56.61315727233887 121.03659594804049 37.80031958967447 63.413787961006165 123.86805564910173 -25.811943113803864
56.61315727233887 121.03659594804049 37.80031958967447 60.05052733421326 123.21171912923455 -15.133619979023933
56.61315727233887 121.03659594804049 37.80031958967447 60.91339027881622 122.49382561072707 -17.055542930960655
28.887433886528015 143.24816742539406 32.83821660280228 40.05638241767883 141.4569486193359 -23.27520816028118
28.887433886528015 143.24816742539406 32.83821660280228 39.06522214412689 143.52963792905211 -19.339474342763424
28.887433886528015 143.24816742539406 32.83821660280228 35.6156462430954 135.69962885975838 -30.898998871445656
28.887433886528015 143.24816742539406 32.83821660280228 38.93692481517792 144.88443372026086 -17.32566347718239
28.887433886528015 143.24816742539406 32.83821660280228 40.17096757888794 141.4681070074439 -24.26856105029583
28.887433886528015 143.24816742539406 32.83821660280228 39.799787759780884 144.16654020175338 -19.24758642911911
28.887433886528015 143.24816742539406 32.83821660280228 35.50106108188629 135.68847047165036 -29.905645981431007
28.887433886528015 143.24816742539406 32.83821660280228 37.83305525779724 136.2443814985454 -31.6437931060791
28.887433886528015 143.24816742539406 32.83821660280228 38.5813330411911 135.5153295919299 -32.572363168001175
28.887433886528015 143.24816742539406 32.83821660280228 36.94868612289429 144.36199785768986 -18.56757502257824
28.887433886528015 143.24816742539406 32.83821660280228 40.06417644023895 135.42317995801568 -33.409045316278934
28.887433886528015 143.24816742539406 32.83821660280228 37.063271284103394 144.37315624579787 -19.560927912592888
28.887433886528015 143.24816742539406 32.83821660280228 38.202359199523926 144.2475314475596 -17.417551390826702
28.887433886528015 143.24816742539406 32.83821660280228 38.83605182170868 143.50732115283608 -17.352768562734127
28.887433886528015 143.24816742539406 32.83821660280228 36.15438401699066 138.25012047961354 -21.747941948473454
28.887433886528015 143.24816742539406 32.83821660280228 34.16614532470703 137.72768461704254 -22.989853493869305
28.887433886528015 143.24816742539406 32.83821660280228 38.68220603466034 136.8924421593547 -32.545258082449436
28.887433886528015 143.24816742539406 32.83821660280228 36.34241783618927 142.37029979377985 -20.67327380180359
28.887433886528015 143.24816742539406 32.83821660280228 37.00353479385376 138.89818114042282 -22.649406924843788
28.887433886528015 143.24816742539406 32.83821660280228 37.09069561958313 141.64124788716435 -21.601843863725662
33.78857135772705 136.50816605612636 40.37473228573799 49.78399360179901 131.97927383333445 -35.346618965268135
33.78857135772705 136.50816605612636 40.37473228573799 51.13853967189789 133.24191999062896 -34.16949024796486
33.78857135772705 136.50816605612636 40.37473228573799 37.56969690322876 138.71676440164447 -15.53926595300436
33.78857135772705 136.50816605612636 40.37473228573799 47.72719407081604 138.28660886734724 -31.48624063283205
33.78857135772705 136.50816605612636 40.37473228573799 49.095452308654785 138.183300845325 -31.32956989109516
33.78857135772705 136.50816605612636 40.37473228573799 41.31887984275818 129.03773620724678 -30.31595341861248
33.78857135772705 136.50816605612636 40.37473228573799 40.06417644023895 135.42317995801568 -33.409045316278934
33.78857135772705 136.50816605612636 40.37473228573799 48.017131209373474 137.51292340829968 -28.44139913469553
33.78857135772705 136.50816605612636 40.37473228573799 36.66080963611603 132.59372863546014 -17.726279988884926
33.78857135772705 136.50816605612636 40.37473228573799 40.17096757888794 141.4681070074439 -24.26856105029583
33.78857135772705 136.50816605612636 40.37473228573799 39.949591279029846 135.41202156990767 -32.415692426264286
33.78857135772705 136.50816605612636 40.37473228573799 48.21887719631195 140.26714854314923 -28.387188963592052
33.78857135772705 136.50816605612636 40.37473228573799 48.939730644226074 142.27000499516726 -27.27484307438135
33.78857135772705 136.50816605612636 40.37473228573799 37.98201322555542 131.92046866938472 -23.62161450088024
33.78857135772705 136.50816605612636 40.37473228573799 36.15541434288025 131.9791431389749 -19.804873682558537
33.78857135772705 136.50816605612636 40.37473228573799 45.005420088768005 130.85629339143634 -30.8769718259573
33.78857135772705 136.50816605612636 40.37473228573799 44.8173862695694 126.73611407727003 -31.951639972627163
33.78857135772705 136.50816605612636 40.37473228573799 46.45407545566559 133.2588434368372 -17.595832601189613
33.78857135772705 136.50816605612636 40.37473228573799 42.06528174877167 139.01026744395494 -11.997307144105434
33.78857135772705 136.50816605612636 40.37473228573799 41.4530953168869 132.3507548980415 -23.21638510376215
29.52112650871277 142.50795713067055 32.90299943089485 36.15438401699066 138.25012047961354 -21.747941948473454
29.52112650871277 142.50795713067055 32.90299943089485 41.55293798446655 139.9988448061049 -25.132348284125328
29.52112650871277 142.50795713067055 32.90299943089485 39.051509976387024 144.89559210836887 -18.319016367197037
29.52112650871277 142.50795713067055 32.90299943089485 35.50106108188629 135.68847047165036 -29.905645981431007
29.52112650871277 142.50795713067055 32.90299943089485 40.690075039863586 140.71673832461238 -23.210425332188606
29.52112650871277 142.50795713067055 32.90299943089485 38.68220603466034 136.8924421593547 -32.545258082449436
29.52112650871277 142.50795713067055 32.90299943089485 39.68520259857178 144.15538181364536 -18.25423353910446
29.52112650871277 142.50795713067055 32.90299943089485 41.438352823257446 139.98768641799688 -24.13899539411068
29.52112650871277 142.50795713067055 32.90299943089485 37.69696390628815 143.63294595107436 -19.496145084500313
29.52112650871277 142.50795713067055 32.90299943089485 37.58237874507904 143.62178756296635 -18.502792194485664
29.52112650871277 142.50795713067055 32.90299943089485 44.25611197948456 137.85632263869047 -31.891470029950142
29.52112650871277 142.50795713067055 32.90299943089485 35.386475920677185 135.67731208354235 -28.91229309141636
29.52112650871277 142.50795713067055 32.90299943089485 41.539225816726685 141.36479898542166 -24.11189030855894
29.52112650871277 142.50795713067055 32.90299943089485 38.796791195869446 136.9036005474627 -33.538610972464085
29.52112650871277 142.50795713067055 32.90299943089485 38.43152952194214 144.26984822377563 -19.404257170856
29.52112650871277 142.50795713067055 32.90299943089485 39.57061743736267 144.14422342553735 -17.260880649089813
29.52112650871277 142.50795713067055 32.90299943089485 37.961352586746216 134.88958570733666 -33.65760397166014
29.52112650871277 142.50795713067055 32.90299943089485 43.64984369277954 135.86462457478046 -33.99716880917549
29.52112650871277 142.50795713067055 32.90299943089485 38.69591820240021 135.52648798003793 -33.56571605801582
29.52112650871277 142.50795713067055 32.90299943089485 37.797836899757385 145.01005851849914 -19.469039998948574
45.310654044151306 116.92456179857254 42.49053856730461 47.520745038986206 122.75322037190199 -15.577408850193024
45.310654044151306 116.92456179857254 42.49053856730461 53.81756508350372 113.17800262197852 -9.925138376653194
45.310654044151306 116.92456179857254 42.49053856730461 46.56480312347412 116.06023266166449 -23.816428139805794
45.310654044151306 116.92456179857254 42.49053856730461 52.54323136806488 116.26158607006073 -21.111151479184628
45.310654044151306 116.92456179857254 42.49053856730461 59.39720439910889 120.65006912127137 -23.291324011981487
45.310654044151306 116.92456179857254 42.49053856730461 45.13474774360657 123.23052025958896 -30.947714425623417
45.310654044151306 116.92456179857254 42.49053856730461 47.99956154823303 121.66910842433572 -32.648183807730675
45.310654044151306 116.92456179857254 42.49053856730461 51.28955829143524 116.37605248019099 -22.261175110936165
45.310654044151306 116.92456179857254 42.49053856730461 45.21617519855499 119.46540098637342 -15.880177676677704
45.310654044151306 116.92456179857254 42.49053856730461 58.64892661571503 121.37912102788687 -22.362753950059414
45.310654044151306 116.92456179857254 42.49053856730461 51.84303855895996 111.28961258009076 -12.187507897615433
45.310654044151306 116.92456179857254 42.49053856730461 48.51866900920868 120.91773974150419 -31.59004808962345
45.310654044151306 116.92456179857254 42.49053856730461 47.797815561294556 118.91488328948617 -32.70239397883415
45.310654044151306 116.92456179857254 42.49053856730461 47.467772245407104 117.51545394584537 -30.742793284356594
45.310654044151306 116.92456179857254 42.49053856730461 48.202337861061096 118.15235621854663 -30.65090537071228
45.310654044151306 116.92456179857254 42.49053856730461 52.85956251621246 119.0269695930183 -22.0502941980958
45.310654044151306 116.92456179857254 42.49053856730461 53.80282258987427 120.81493414193392 -10.847748667001724
45.310654044151306 116.92456179857254 42.49053856730461 47.81171250343323 115.7085575722158 -10.589499086141586
45.310654044151306 116.92456179857254 42.49053856730461 50.10257017612457 120.36233113706112 -9.266272284090519
45.310654044151306 116.92456179857254 42.49053856730461 48.55999028682709 114.9795056656003 -11.51806914806366
45.1960688829422 116.91340341046453 43.48389145731926 47.81171250343323 115.7085575722158 -10.589499086141586
45.1960688829422 116.91340341046453 43.48389145731926 51.167179107666016 122.39866275340319 -11.133985064923763
45.1960688829422 116.91340341046453 43.48389145731926 50.177894711494446 113.76976891979575 -26.445467583835125
45.1960688829422 116.91340341046453 43.48389145731926 50.53348648548126 123.1388730481267 -11.198767893016338
45.1960688829422 116.91340341046453 43.48389145731926 53.39238214492798 116.90964673087001 -22.012616455554962
45.1960688829422 116.91340341046453 43.48389145731926 48.53256595134735 117.71141402423382 -9.477153196930885
45.1960688829422 116.91340341046453 43.48389145731926 48.82334864139557 112.50712276250124 -27.6225963011384
45.1960688829422 116.91340341046453 43.48389145731926 57.73327565193176 115.01887658238411 -12.47286256402731
45.1960688829422 116.91340341046453 43.48389145731926 55.80580377578735 113.70043848454952 -8.683226831257343
45.1960688829422 116.91340341046453 43.48389145731926 48.51866900920868 120.91773974150419 -31.59004808962345
45.1960688829422 116.91340341046453 43.48389145731926 54.53738820552826 121.45183641463518 -10.75586075335741
45.1960688829422 116.91340341046453 43.48389145731926 45.45107889175415 125.99590378254652 -31.886857144534588
45.1960688829422 116.91340341046453 43.48389145731926 55.056495666503906 120.70046773180366 -9.697725035250187
45.1960688829422 116.91340341046453 43.48389145731926 48.290529012680054 114.62444562464952 -27.660274043679237
45.1960688829422 116.91340341046453 43.48389145731926 53.81756508350372 113.17800262197852 -9.925138376653194
45.1960688829422 116.91340341046453 43.48389145731926 53.91843807697296 114.5551151894033 -9.898033291101456
45.1960688829422 116.91340341046453 43.48389145731926 50.89771783351898 122.04360271245241 -27.27618996053934
45.1960688829422 116.91340341046453 43.48389145731926 54.88790738582611 121.72252025827765 -25.812824845314026
45.1960688829422 116.91340341046453 43.48389145731926 47.82439434528351 120.61358073353767 -13.55302532762289
45.1960688829422 116.91340341046453 43.48389145731926 45.21617519855499 119.46540098637342 -15.880177676677704
56.85603976249695 119.69295854493976 34.79315583407879 59.39720439910889 120.65006912127137 -23.291324011981487
56.85603976249695 119.69295854493976 34.79315583407879 60.01718485355377 121.27581300586462 -22.206083208322525
56.85603976249695 119.69295854493976 34.79315583407879 61.29725193977356 124.70041557773948 -25.04004379361868
56.85603976249695 119.69295854493976 34.79315583407879 59.48436522483826 123.3931358680129 -22.24376095086336
56.85603976249695 119.69295854493976 34.79315583407879 61.2090607881546 128.22832617163658 -28.030675120651722
56.85603976249695 119.69295854493976 34.79315583407879 60.16511249542236 123.22287751734257 -16.126972869038582
56.85603976249695 119.69295854493976 34.79315583407879 58.01523399353027 122.11933132261038 -22.42753677815199
56.85603976249695 119.69295854493976 34.79315583407879 62.14640271663666 125.34847623854876 -25.941508769989014
56.85603976249695 119.69295854493976 34.79315583407879 60.79880511760712 122.48266722261906 -16.062190040946007
56.85603976249695 119.69295854493976 34.79315583407879 59.498077392578125 122.02718168869615 -23.26421892642975
56.85603976249695 119.69295854493976 34.79315583407879 60.05052733421326 123.21171912923455 -15.133619979023933
56.85603976249695 119.69295854493976 34.79315583407879 58.64892661571503 121.37912102788687 -22.362753950059414
56.85603976249695 119.69295854493976 34.79315583407879 62.67922234535217 123.23115337640047 -25.903831027448177
56.85603976249695 119.69295854493976 34.79315583407879 57.90064883232117 122.10817293450236 -21.43418388813734
56.85603976249695 119.69295854493976 34.79315583407879 58.12981915473938 122.1304897107184 -23.420889668166637
56.85603976249695 119.69295854493976 34.79315583407879 61.19637894630432 123.3233030103147 -25.067148879170418
56.85603976249695 119.69295854493976 34.79315583407879 59.94965434074402 121.83460656180978 -15.160725064575672
56.85603976249695 119.69295854493976 34.79315583407879 58.58139610290527 121.93791458383203 -15.317395806312561
56.85603976249695 119.69295854493976 34.79315583407879 59.315961718559265 122.57481685653329 -15.225507892668247
56.85603976249695 119.69295854493976 34.79315583407879 60.003472685813904 122.64176718518138 -21.185625232756138
57.36143505573273 120.30754404142499 36.8717495277524 60.86633563041687 121.9238736666739 -23.10754818469286
57.36143505573273 120.30754404142499 36.8717495277524 62.03181755542755 125.33731785044074 -24.948155879974365
57.36143505573273 120.30754404142499 36.8717495277524 58.53434145450592 121.36796263977885 -21.369401060044765
57.36143505573273 120.30754404142499 36.8717495277524 59.94965434074402 121.83460656180978 -15.160725064575672
57.36143505573273 120.30754404142499 36.8717495277524 58.69598126411438 121.94907297194004 -16.31074869632721
57.36143505573273 120.30754404142499 36.8717495277524 61.93094456195831 123.96020528301597 -24.975260965526104
57.36143505573273 120.30754404142499 36.8717495277524 61.94465672969818 122.59425110369921 -25.99571894109249
57.36143505573273 120.30754404142499 36.8717495277524 60.07795166969299 120.47981077060103 -17.174535930156708
57.36143505573273 120.30754404142499 36.8717495277524 61.71548640727997 122.57193432748318 -24.009013161063194
57.36143505573273 120.30754404142499 36.8717495277524 60.17882466316223 121.85692333802581 -17.14743084460497
57.36143505573273 120.30754404142499 36.8717495277524 58.58139610290527 121.93791458383203 -15.317395806312561
57.36143505573273 120.30754404142499 36.8717495277524 62.45005202293396 123.20883660018444 -23.91712524741888
57.36143505573273 120.30754404142499 36.8717495277524 61.19637894630432 123.3233030103147 -25.067148879170418
57.36143505573273 120.30754404142499 36.8717495277524 60.79880511760712 122.48266722261906 -16.062190040946007
57.36143505573273 120.30754404142499 36.8717495277524 61.81635940074921 123.94904689490795 -23.981908075511456
57.36143505573273 120.30754404142499 36.8717495277524 60.05052733421326 123.21171912923455 -15.133619979023933
57.36143505573273 120.30754404142499 36.8717495277524 60.13177001476288 121.28697139397264 -23.199436098337173
57.36143505573273 120.30754404142499 36.8717495277524 60.23264300823212 122.66408396139741 -23.172331012785435
57.36143505573273 120.30754404142499 36.8717495277524 62.678192019462585 129.5021307170391 -27.846899293363094
57.36143505573273 120.30754404142499 36.8717495277524 60.689953327178955 128.9796948544681 -29.088810838758945
33.05400574207306 135.8712637834251 40.28284437209368 36.72054612636566 138.0687037408352 -14.637800976634026
33.05400574207306 135.8712637834251 40.28284437209368 37.356114625930786 126.62691030278802 -33.82023448497057
33.05400574207306 135.8712637834251 40.28284437209368 37.179917097091675 131.8423599526286 -16.668144270777702
33.05400574207306 135.8712637834251 40.28284437209368 38.365874886512756 134.12705863639712 -31.606115363538265
33.05400574207306 135.8712637834251 40.28284437209368 36.97611045837402 141.63008949905634 -20.608490973711014
33.05400574207306 135.8712637834251 40.28284437209368 41.574628949165344 130.75875042751431 -13.153290547430515
33.05400574207306 135.8712637834251 40.28284437209368 41.103421688079834 127.64946525171399 -29.34970561414957
33.05400574207306 135.8712637834251 40.28284437209368 39.83603644371033 129.129885841161 -29.47927127033472
33.05400574207306 135.8712637834251 40.28284437209368 41.21800684928894 127.660623639822 -30.34305850416422
33.05400574207306 135.8712637834251 40.28284437209368 34.7664954662323 135.0515681989491 -29.99753389507532
33.05400574207306 135.8712637834251 40.28284437209368 37.422799587249756 130.49872254952788 -19.675308026373386
33.05400574207306 135.8712637834251 40.28284437209368 38.49520254135132 126.50128550454974 -31.676857963204384
33.05400574207306 135.8712637834251 40.28284437209368 42.79392921924591 134.97935523465276 -21.018798410892487
33.05400574207306 135.8712637834251 40.28284437209368 35.40018808841705 134.3113579042256 -29.932751066982746
33.05400574207306 135.8712637834251 40.28284437209368 46.31779932975769 142.48777942731977 -28.581537447869778
33.05400574207306 135.8712637834251 40.28284437209368 36.775394797325134 132.60488702356815 -18.719632878899574
33.05400574207306 135.8712637834251 40.28284437209368 45.106293082237244 132.2334059588611 -30.84986674040556
33.05400574207306 135.8712637834251 40.28284437209368 48.21887719631195 140.26714854314923 -28.387188963592052
33.05400574207306 135.8712637834251 40.28284437209368 39.950621604919434 129.14104422926903 -30.47262416034937
33.05400574207306 135.8712637834251 40.28284437209368 44.8173862695694 126.73611407727003 -31.951639972627163
53.87664079666138 121.24321199208498 37.486978106200695 58.16889500617981 130.5745818540454 -30.368400126695633
53.87664079666138 121.24321199208498 37.486978106200695 62.5509250164032 124.58594916760921 -23.89002016186714
53.87664079666138 121.24321199208498 37.486978106200695 59.96336650848389 120.46865238249302 -16.18118304014206
53.87664079666138 121.24321199208498 37.486978106200695 54.22782075405121 118.92366157099605 -21.89362345635891
53.87664079666138 121.24321199208498 37.486978106200695 58.91717278957367 129.8455299474299 -31.296970188617706
53.87664079666138 121.24321199208498 37.486978106200695 55.40701484680176 120.97115157544613 -24.754689127206802
53.87664079666138 121.24321199208498 37.486978106200695 61.93094456195831 123.96020528301597 -24.975260965526104
53.87664079666138 121.24321199208498 37.486978106200695 61.317912578582764 121.73129853978753 -15.004054322838783
53.87664079666138 121.24321199208498 37.486978106200695 59.54513204097748 122.59713363274932 -17.212213672697544
53.87664079666138 121.24321199208498 37.486978106200695 61.019996643066406 130.3791241981089 -31.048411533236504
53.87664079666138 121.24321199208498 37.486978106200695 59.01804578304291 131.22264251485467 -31.269865103065968
53.87664079666138 121.24321199208498 37.486978106200695 62.56360685825348 129.4909723289311 -26.853546403348446
53.87664079666138 121.24321199208498 37.486978106200695 62.14640271663666 125.34847623854876 -25.941508769989014
53.87664079666138 121.24321199208498 37.486978106200695 60.812517285346985 121.1167130433023 -17.082648016512394
53.87664079666138 121.24321199208498 37.486978106200695 59.36978006362915 123.38197747990489 -21.250408060848713
53.87664079666138 121.24321199208498 37.486978106200695 59.21508872509003 121.19770428910851 -15.252612978219986
53.87664079666138 121.24321199208498 37.486978106200695 62.78009533882141 124.60826594382524 -25.87672594189644
53.87664079666138 121.24321199208498 37.486978106200695 62.79277718067169 129.51328910514712 -28.840252183377743
53.87664079666138 121.24321199208498 37.486978106200695 61.943626403808594 128.86522844433784 -27.938787207007408
53.87664079666138 121.24321199208498 37.486978106200695 58.58139610290527 121.93791458383203 -15.317395806312561
44.99432289600372 114.15917827561498 43.42968128621578 54.56584286689758 112.44895071536303 -10.853708438575268
44.99432289600372 114.15917827561498 43.42968128621578 48.72144532203674 117.4009875357151 -29.592769652605057
44.99432289600372 114.15917827561498 43.42968128621578 54.6587370634079 121.70020348206162 -23.82611906528473
44.99432289600372 114.15917827561498 43.42968128621578 53.803852915763855 114.54395680129528 -8.904680401086807
44.99432289600372 114.15917827561498 43.42968128621578 51.188685297966 114.99893991276622 -22.288280196487904
44.99432289600372 114.15917827561498 43.42968128621578 47.938979506492615 120.62473912164569 -14.546378217637539
44.99432289600372 114.15917827561498 43.42968128621578 51.93019938468933 114.0326793268323 -11.139944836497307
44.99432289600372 114.15917827561498 43.42968128621578 47.353187084198 117.50429555773735 -29.749440394341946
44.99432289600372 114.15917827561498 43.42968128621578 53.81756508350372 113.17800262197852 -9.925138376653194
44.99432289600372 114.15917827561498 43.42968128621578 48.8096364736557 113.873076941818 -26.602138325572014
44.99432289600372 114.15917827561498 43.42968128621578 46.73320662975311 116.8785516731441 -30.834681198000908
44.99432289600372 114.15917827561498 43.42968128621578 52.04478454589844 114.04383771494031 -12.133297726511955
44.99432289600372 114.15917827561498 43.42968128621578 57.86157298088074 113.66408079117537 -14.486673429608345
44.99432289600372 114.15917827561498 43.42968128621578 54.03875660896301 121.07445959746838 -24.91135986894369
44.99432289600372 114.15917827561498 43.42968128621578 47.454060077667236 118.88140812516212 -29.722335308790207
44.99432289600372 114.15917827561498 43.42968128621578 51.74216556549072 109.91250001266599 -12.214612983167171
44.99432289600372 114.15917827561498 43.42968128621578 49.26694679260254 120.1886878348887 -32.518618151545525
44.99432289600372 114.15917827561498 43.42968128621578 52.95367181301117 120.16687348112464 -9.94628369063139
44.99432289600372 114.15917827561498 43.42968128621578 48.30339562892914 117.68909724801779 -7.490447416901588
44.99432289600372 114.15917827561498 43.42968128621578 51.80866575241089 115.62468379735947 -21.20303939282894
22.397876977920532 135.92404250055552 42.07431993633509 37.961352586746216 134.88958570733666 -33.65760397166014
22.397876977920532 135.92404250055552 42.07431993633509 43.64984369277954 135.86462457478046 -33.99716880917549
22.397876977920532 135.92404250055552 42.07431993633509 36.86931931972504 135.58516244962811 -29.74897523969412
22.397876977920532 135.92404250055552 42.07431993633509 36.26896917819977 138.26127886772156 -22.741294838488102
22.397876977920532 135.92404250055552 42.07431993633509 43.63613152503967 137.23057875409722 -32.976710833609104
22.397876977920532 135.92404250055552 42.07431993633509 38.21118354797363 131.94278544560075 -25.60832028090954
22.397876977920532 135.92404250055552 42.07431993633509 37.84676742553711 134.87842731922865 -32.66425108164549
22.397876977920532 135.92404250055552 42.07431993633509 39.201313495635986 136.14107347652316 -31.487122364342213
22.397876977920532 135.92404250055552 42.07431993633509 39.10044050216675 134.7639609090984 -31.51422744989395
22.397876977920532 135.92404250055552 42.07431993633509 35.386475920677185 135.67731208354235 -28.91229309141636
22.397876977920532 135.92404250055552 42.07431993633509 39.680314779281616 133.21658999100327 -25.42454445362091
22.397876977920532 135.92404250055552 42.07431993633509 34.43645215034485 133.6521388553083 -28.037933200597763
22.397876977920532 135.92404250055552 42.07431993633509 34.26701831817627 139.10479718446732 -22.962748408317566
22.397876977920532 135.92404250055552 42.07431993633509 36.7684463262558 134.20804988220334 -29.776080325245857
22.397876977920532 135.92404250055552 42.07431993633509 38.365874886512756 134.12705863639712 -31.606115363538265
22.397876977920532 135.92404250055552 42.07431993633509 42.80069291591644 135.21656391397119 -33.09570383280516
22.397876977920532 135.92404250055552 42.07431993633509 35.40018808841705 134.3113579042256 -29.932751066982746
22.397876977920532 135.92404250055552 42.07431993633509 34.551037311553955 133.6632972434163 -29.03128609061241
22.397876977920532 135.92404250055552 42.07431993633509 40.06417644023895 135.42317995801568 -33.409045316278934
22.397876977920532 135.92404250055552 42.07431993633509 36.383554339408875 138.27243725582957 -23.73464772850275
57.57689321041107 121.69581499695778 35.90550172328949 61.43249773979187 121.74245692789555 -15.997407212853432
57.57689321041107 121.69581499695778 35.90550172328949 61.943626403808594 128.86522844433784 -27.938787207007408
57.57689321041107 121.69581499695778 35.90550172328949 60.69793212413788 121.10555465519428 -16.089295126497746
57.57689321041107 121.69581499695778 35.90550172328949 59.168034076690674 120.62775234505534 -21.30461823195219
57.57689321041107 121.69581499695778 35.90550172328949 58.810566425323486 121.96023136004806 -17.304101586341858
57.57689321041107 121.69581499695778 35.90550172328949 60.751750469207764 121.91271527856588 -22.11419529467821
57.57689321041107 121.69581499695778 35.90550172328949 59.48436522483826 123.3931358680129 -22.24376095086336
57.57689321041107 121.69581499695778 35.90550172328949 58.69598126411438 121.94907297194004 -16.31074869632721
57.57689321041107 121.69581499695778 35.90550172328949 61.82904124259949 128.85407005622983 -26.94543431699276
57.57689321041107 121.69581499695778 35.90550172328949 60.86633563041687 121.9238736666739 -23.10754818469286
57.57689321041107 121.69581499695778 35.90550172328949 63.18461763858795 123.8457388728857 -23.825237333774567
57.57689321041107 121.69581499695778 35.90550172328949 59.94965434074402 121.83460656180978 -15.160725064575672
57.57689321041107 121.69581499695778 35.90550172328949 60.17882466316223 121.85692333802581 -17.14743084460497
57.57689321041107 121.69581499695778 35.90550172328949 58.01523399353027 122.11933132261038 -22.42753677815199
57.57689321041107 121.69581499695778 35.90550172328949 62.5509250164032 124.58594916760921 -23.89002016186714
57.57689321041107 121.69581499695778 35.90550172328949 62.14640271663666 125.34847623854876 -25.941508769989014
57.57689321041107 121.69581499695778 35.90550172328949 61.93094456195831 123.96020528301597 -24.975260965526104
57.57689321041107 121.69581499695778 35.90550172328949 59.54513204097748 122.59713363274932 -17.212213672697544
57.57689321041107 121.69581499695778 35.90550172328949 60.56268632411957 124.06351330503821 -25.131931707262993
57.57689321041107 121.69581499695778 35.90550172328949 59.84878134727478 120.457493994385 -15.187830150127411
46.14712297916412 112.66759929805994 44.55259983241558 58.467841267585754 115.65577885508537 -12.380974650382996
46.14712297916412 112.66759929805994 44.55259983241558 47.56864523887634 118.89256651327014 -30.715688198804855
46.14712297916412 112.66759929805994 44.55259983241558 49.65775692462921 120.79211494326591 -29.446671567857265
46.14712297916412 112.66759929805994 44.55259983241558 52.77935016155243 114.68073998764157 -12.041409812867641
46.14712297916412 112.66759929805994 44.55259983241558 46.95664358139038 110.39268242940307 -18.801413290202618
46.14712297916412 112.66759929805994 44.55259983241558 53.211296796798706 111.18630455806851 -12.030837155878544
46.14712297916412 112.66759929805994 44.55259983241558 53.37866997718811 118.27560091018677 -20.992158479988575
46.14712297916412 112.66759929805994 44.55259983241558 59.168034076690674 120.62775234505534 -21.30461823195219
46.14712297916412 112.66759929805994 44.55259983241558 58.01523399353027 122.11933132261038 -22.42753677815199
46.14712297916412 112.66759929805994 44.55259983241558 50.17686438560486 120.04074626043439 -28.388535849750042
46.14712297916412 112.66759929805994 44.55259983241558 50.14944005012512 122.77265461906791 -26.347619898617268
46.14712297916412 112.66759929805994 44.55259983241558 52.54323136806488 116.26158607006073 -21.111151479184628
46.14712297916412 112.66759929805994 44.55259983241558 53.06928730010986 113.90705452859402 -8.996568314731121
46.14712297916412 112.66759929805994 44.55259983241558 48.417980790138245 117.7002556361258 -8.483800306916237
46.14712297916412 112.66759929805994 44.55259983241558 58.380680441856384 112.91271210834384 -13.428537711501122
46.14712297916412 112.66759929805994 44.55259983241558 48.83603048324585 117.41214592382312 -30.586122542619705
46.14712297916412 112.66759929805994 44.55259983241558 54.56584286689758 112.44895071536303 -10.853708438575268
46.14712297916412 112.66759929805994 44.55259983241558 58.26609528064728 112.90155372023582 -12.435184821486473
46.14712297916412 112.66759929805994 44.55259983241558 47.83218836784363 114.57981207221746 -23.686862483620644
46.14712297916412 112.66759929805994 44.55259983241558 49.051673412323 116.96004534140229 -8.419017478823662
45.61327302455902 121.05589950084686 42.57185382395983 50.331740498542786 120.38464791327715 -11.252978064119816
45.61327302455902 121.05589950084686 42.57185382395983 50.27670705318451 127.6888361684978 -30.30449903011322
45.61327302455902 121.05589950084686 42.57185382395983 48.74783933162689 120.94005651772022 -33.57675386965275
45.61327302455902 121.05589950084686 42.57185382395983 48.633254170417786 120.92889812961221 -32.5834009796381
45.61327302455902 121.05589950084686 42.57185382395983 47.54019057750702 127.8954522125423 -30.617840513586998
45.61327302455902 121.05589950084686 42.57185382395983 46.57072126865387 120.72804714366794 -14.703048959374428
45.61327302455902 121.05589950084686 42.57185382395983 46.557009100914 122.0940013229847 -13.68259098380804
45.61327302455902 121.05589950084686 42.57185382395983 48.91050946712494 115.25018950924277 -26.575033240020275
45.61327302455902 121.05589950084686 42.57185382395983 50.18851590156555 131.2167467623949 -33.29513035714626
45.61327302455902 121.05589950084686 42.57185382395983 49.8584725856781 129.8173174187541 -31.335529662668705
45.61327302455902 121.05589950084686 42.57185382395983 63.413787961006165 123.86805564910173 -25.811943113803864
45.61327302455902 121.05589950084686 42.57185382395983 52.5205100774765 131.77265778928995 -35.03327748179436
45.61327302455902 121.05589950084686 42.57185382395983 50.20344316959381 121.7394437044859 -9.23916719853878
45.61327302455902 121.05589950084686 42.57185382395983 48.8096364736557 113.873076941818 -26.602138325572014
45.61327302455902 121.05589950084686 42.57185382395983 47.99176752567291 127.70287708565593 -22.51434665173292
45.61327302455902 121.05589950084686 42.57185382395983 46.786179423332214 122.11631809920073 -15.669296763837337
45.61327302455902 121.05589950084686 42.57185382395983 54.03875660896301 121.07445959746838 -24.91135986894369
45.61327302455902 121.05589950084686 42.57185382395983 52.405924916267395 131.76149940118194 -34.03992459177971
45.61327302455902 121.05589950084686 42.57185382395983 48.15443766117096 122.01301007717848 -15.512626022100449
45.61327302455902 121.05589950084686 42.57185382395983 60.285431027412415 129.74222192540765 -31.140299446880817
58.297746658325195 123.6986714489758 37.01784761250019 58.63521444797516 122.74507520720363 -21.342295974493027
58.297746658325195 123.6986714489758 37.01784761250019 61.94465672969818 122.59425110369921 -25.99571894109249
58.297746658325195 123.6986714489758 37.01784761250019 62.45005202293396 123.20883660018444 -23.91712524741888
58.297746658325195 123.6986714489758 37.01784761250019 59.55086541175842 129.10531965270638 -31.23218736052513
58.297746658325195 123.6986714489758 37.01784761250019 58.76351177692413 121.39027941599488 -23.356106840074062
58.297746658325195 123.6986714489758 37.01784761250019 59.28261923789978 120.63891073316336 -22.29797112196684
58.297746658325195 123.6986714489758 37.01784761250019 61.411837100982666 124.71157396584749 -26.033396683633327
58.297746658325195 123.6986714489758 37.01784761250019 59.94965434074402 121.83460656180978 -15.160725064575672
58.297746658325195 123.6986714489758 37.01784761250019 60.17084586620331 129.73106353729963 -30.14694655686617
58.297746658325195 123.6986714489758 37.01784761250019 61.830071568489075 122.58309271559119 -25.002366051077843
58.297746658325195 123.6986714489758 37.01784761250019 58.91717278957367 129.8455299474299 -31.296970188617706
58.297746658325195 123.6986714489758 37.01784761250019 60.27969765663147 123.23403590545058 -17.12032575905323
58.297746658325195 123.6986714489758 37.01784761250019 58.53434145450592 121.36796263977885 -21.369401060044765
58.297746658325195 123.6986714489758 37.01784761250019 61.943626403808594 128.86522844433784 -27.938787207007408
58.297746658325195 123.6986714489758 37.01784761250019 61.19637894630432 123.3233030103147 -25.067148879170418
58.297746658325195 123.6986714489758 37.01784761250019 58.80258762836456 129.83437155932188 -30.303617298603058
58.297746658325195 123.6986714489758 37.01784761250019 60.56165599822998 130.33449064567685 -27.07499997317791
58.297746658325195 123.6986714489758 37.01784761250019 60.11805784702301 122.6529255732894 -22.178978122770786
58.297746658325195 123.6986714489758 37.01784761250019 59.32169508934021 129.08300287649035 -29.245481580495834
58.297746658325195 123.6986714489758 37.01784761250019 62.56360685825348 129.4909723289311 -26.853546403348446
34.969826102256775 126.01370137929916 41.39980314671993 38.04278004169464 131.12446643412113 -18.590067222714424
34.969826102256775 126.01370137929916 41.39980314671993 38.72437286376953 126.52360228076577 -33.66356374323368
34.969826102256775 126.01370137929916 41.39980314671993 43.954708099365234 125.6136360578239 -6.896364152431488
34.969826102256775 126.01370137929916 41.39980314671993 43.7380348443985 132.33671398088336 -31.00653748214245
34.969826102256775 126.01370137929916 41.39980314671993 49.58919608592987 127.62188583984971 -24.34438169002533
34.969826102256775 126.01370137929916 41.39980314671993 38.037046670913696 124.61628041416407 -4.570093534886837
34.969826102256775 126.01370137929916 41.39980314671993 43.427621841430664 134.23914493992925 -20.95401558279991
34.969826102256775 126.01370137929916 41.39980314671993 50.957454323768616 127.51857781782746 -24.18771094828844
34.969826102256775 126.01370137929916 41.39980314671993 48.220937848091125 127.72519386187196 -24.50105243176222
34.969826102256775 126.01370137929916 41.39980314671993 38.49520254135132 126.50128550454974 -31.676857963204384
34.969826102256775 126.01370137929916 41.39980314671993 45.72627353668213 132.85914984345436 -29.764625936746597
34.969826102256775 126.01370137929916 41.39980314671993 39.36398363113403 130.4512064680457 -24.48540173470974
34.969826102256775 126.01370137929916 41.39980314671993 38.71657884120941 132.55737094208598 -23.529726587235928
34.969826102256775 126.01370137929916 41.39980314671993 42.90851438045502 134.99051362276077 -22.012151300907135
34.969826102256775 126.01370137929916 41.39980314671993 36.24933886528015 134.95941856503487 -30.83421604335308
34.969826102256775 126.01370137929916 41.39980314671993 39.10044050216675 134.7639609090984 -31.51422744989395
34.969826102256775 126.01370137929916 41.39980314671993 40.31400740146637 132.47637969627976 -25.359761625528336
34.969826102256775 126.01370137929916 41.39980314671993 44.87712275981903 132.21108918264508 -28.863160960376263
34.969826102256775 126.01370137929916 41.39980314671993 50.60675036907196 129.0882655121386 -32.26409972459078
34.969826102256775 126.01370137929916 41.39980314671993 38.48046004772186 134.13821702450514 -32.599468253552914
58.08228850364685 122.31040049344301 37.9840954169631 61.094475626945496 128.21716778352857 -27.037322230637074
58.08228850364685 122.31040049344301 37.9840954169631 62.04449939727783 130.24234101176262 -27.91168212145567
58.08228850364685 122.31040049344301 37.9840954169631 62.5509250164032 124.58594916760921 -23.89002016186714
58.08228850364685 122.31040049344301 37.9840954169631 60.751750469207764 121.91271527856588 -22.11419529467821
58.08228850364685 122.31040049344301 37.9840954169631 60.01718485355377 121.27581300586462 -22.206083208322525
58.08228850364685 122.31040049344301 37.9840954169631 57.90064883232117 122.10817293450236 -21.43418388813734
58.08228850364685 122.31040049344301 37.9840954169631 59.902599692344666 121.2646546177566 -21.212730318307877
58.08228850364685 122.31040049344301 37.9840954169631 59.28261923789978 120.63891073316336 -22.29797112196684
58.08228850364685 122.31040049344301 37.9840954169631 60.13177001476288 121.28697139397264 -23.199436098337173
58.08228850364685 122.31040049344301 37.9840954169631 62.678192019462585 129.5021307170391 -27.846899293363094
58.08228850364685 122.31040049344301 37.9840954169631 59.21508872509003 121.19770428910851 -15.252612978219986
58.08228850364685 122.31040049344301 37.9840954169631 60.0562607049942 129.71990514919162 -29.15359366685152
58.08228850364685 122.31040049344301 37.9840954169631 60.677271485328674 124.07467169314623 -26.12528459727764
58.08228850364685 122.31040049344301 37.9840954169631 60.23264300823212 122.66408396139741 -23.172331012785435
58.08228850364685 122.31040049344301 37.9840954169631 59.941675543785095 129.7087467610836 -28.160240776836872
58.08228850364685 122.31040049344301 37.9840954169631 60.003472685813904 122.64176718518138 -21.185625232756138
58.08228850364685 122.31040049344301 37.9840954169631 61.019996643066406 130.3791241981089 -31.048411533236504
58.08228850364685 122.31040049344301 37.9840954169631 59.44425904750824 121.22002106532454 -17.239318758249283
58.08228850364685 122.31040049344301 37.9840954169631 62.665510177612305 124.59710755571723 -24.88337305188179
58.08228850364685 122.31040049344301 37.9840954169631 58.86438477039337 122.76739198341966 -23.329001754522324
32.489904284477234 123.51072584092617 37.058839932084084 45.03387475013733 121.85340769216418 -30.974819511175156
32.489904284477234 123.51072584092617 37.058839932084084 38.59607553482056 127.87839807197452 -31.649752877652645
32.489904284477234 123.51072584092617 37.058839932084084 40.58431422710419 128.40083393454552 -30.407841332256794
32.489904284477234 123.51072584092617 37.058839932084084 41.851699471473694 126.9204133450985 -30.278275676071644
32.489904284477234 123.51072584092617 37.058839932084084 39.32961082458496 134.78627768531442 -33.50093322992325
32.489904284477234 123.51072584092617 37.058839932084084 36.688233971595764 129.86182027682662 -19.7671959400177
32.489904284477234 123.51072584092617 37.058839932084084 38.1516318321228 124.62743880227208 -5.563446424901485
32.489904284477234 123.51072584092617 37.058839932084084 49.26694679260254 120.1886878348887 -32.518618151545525
32.489904284477234 123.51072584092617 37.058839932084084 45.78807067871094 125.79217026755214 -22.790010392665863
32.489904284477234 123.51072584092617 37.058839932084084 39.98396408557892 131.07695035263896 -23.400160931050777
32.489904284477234 123.51072584092617 37.058839932084084 37.302481055259705 123.9793781414628 -4.661981448531151
32.489904284477234 123.51072584092617 37.058839932084084 37.61965775489807 122.31415586173534 -26.791408769786358
32.489904284477234 123.51072584092617 37.058839932084084 40.25445568561554 125.1610330529511 -5.314887769520283
32.489904284477234 123.51072584092617 37.058839932084084 47.467772245407104 117.51545394584537 -30.742793284356594
32.489904284477234 123.51072584092617 37.058839932084084 40.69889938831329 128.41199232265353 -31.401194222271442
32.489904284477234 123.51072584092617 37.058839932084084 38.71066069602966 127.88955646008253 -32.64310576766729
32.489904284477234 123.51072584092617 37.058839932084084 36.57364881038666 129.8506618887186 -18.77384305000305
32.489904284477234 123.51072584092617 37.058839932084084 44.600897789001465 131.61882046237588 -32.92846043407917
32.489904284477234 123.51072584092617 37.058839932084084 39.57944178581238 131.8394774235785 -25.45164953917265
32.489904284477234 123.51072584092617 37.058839932084084 45.46479105949402 124.62994960322976 -32.907315120100975
37.275426268577576 123.03054342418909 43.64564023911953 49.643014430999756 128.4290464632213 -30.369281858205795
37.275426268577576 123.03054342418909 43.64564023911953 46.5040363073349 116.85623489692807 -28.84797541797161
37.275426268577576 123.03054342418909 43.64564023911953 39.41901707649231 123.14701821282506 -5.433880768716335
37.275426268577576 123.03054342418909 43.64564023911953 50.85555100440979 132.41244259104133 -26.157884299755096
37.275426268577576 123.03054342418909 43.64564023911953 38.49520254135132 126.50128550454974 -31.676857963204384
37.275426268577576 123.03054342418909 43.64564023911953 47.946773529052734 114.59097046032548 -24.680215373635292
37.275426268577576 123.03054342418909 43.64564023911953 41.95257246494293 128.29752591252327 -30.251170590519905
37.275426268577576 123.03054342418909 43.64564023911953 49.8584725856781 129.8173174187541 -31.335529662668705
37.275426268577576 123.03054342418909 43.64564023911953 51.37465846538544 131.6610739082098 -25.099748581647873
37.275426268577576 123.03054342418909 43.64564023911953 49.535377740859985 126.81472521647811 -18.319481521844864
37.275426268577576 123.03054342418909 43.64564023911953 55.621442675590515 128.63039987161756 -27.66400519758463
37.275426268577576 123.03054342418909 43.64564023911953 45.053505063056946 125.15526799485087 -22.881898306310177
37.275426268577576 123.03054342418909 43.64564023911953 49.25915277004242 126.2224564962089 -22.38478099554777
37.275426268577576 123.03054342418909 43.64564023911953 48.782212138175964 116.60498530045152 -24.56122237443924
37.275426268577576 123.03054342418909 43.64564023911953 38.35422337055206 122.95105813443661 -26.699520856142044
37.275426268577576 123.03054342418909 43.64564023911953 39.054600954055786 126.08266008645296 -12.489811569452286
37.275426268577576 123.03054342418909 43.64564023911953 45.13474774360657 123.23052025958896 -30.947714425623417
37.275426268577576 123.03054342418909 43.64564023911953 51.60382878780365 131.68339068442583 -27.08645436167717
37.275426268577576 123.03054342418909 43.64564023911953 47.304256558418274 127.63592675700784 -16.55422931164503
37.275426268577576 123.03054342418909 43.64564023911953 49.025094628334045 115.26134789735079 -27.568386130034924
40.32827389240265 125.58931090310216 43.01983900368214 46.23964762687683 125.59959514066577 -14.686516530811787
40.32827389240265 125.58931090310216 43.01983900368214 40.21313440799713 131.099267128855 -25.386866711080074
40.32827389240265 125.58931090310216 43.01983900368214 52.85956251621246 119.0269695930183 -22.0502941980958
40.32827389240265 125.58931090310216 43.01983900368214 44.95263206958771 123.7781554274261 -22.909003391861916
40.32827389240265 125.58931090310216 43.01983900368214 51.0112726688385 128.32573844119906 -30.212611116468906
40.32827389240265 125.58931090310216 43.01983900368214 51.05137884616852 130.49885324388742 -35.217053309082985
40.32827389240265 125.58931090310216 43.01983900368214 50.30431616306305 123.11655627191067 -9.212062112987041
40.32827389240265 125.58931090310216 43.01983900368214 50.14944005012512 122.77265461906791 -26.347619898617268
40.32827389240265 125.58931090310216 43.01983900368214 44.297433257102966 131.91808856278658 -11.81949108839035
40.32827389240265 125.58931090310216 43.01983900368214 55.507887840270996 122.3482641428709 -24.727584041655064
40.32827389240265 125.58931090310216 43.01983900368214 45.78807067871094 125.79217026755214 -22.790010392665863
40.32827389240265 125.58931090310216 43.01983900368214 44.93891990184784 125.14410960674286 -21.88854541629553
40.32827389240265 125.58931090310216 43.01983900368214 40.733272194862366 124.07692110538483 -22.385662727057934
40.32827389240265 125.58931090310216 43.01983900368214 49.55688393115997 119.41500237584114 -29.473776653409004
40.32827389240265 125.58931090310216 43.01983900368214 45.739985704422 131.4931956641376 -30.785083912312984
40.32827389240265 125.58931090310216 43.01983900368214 55.40701484680176 120.97115157544613 -24.754689127206802
40.32827389240265 125.58931090310216 43.01983900368214 44.18284809589386 131.90693017467856 -10.826138198375702
40.32827389240265 125.58931090310216 43.01983900368214 49.02303397655487 127.80330257862806 -31.454522661864758
40.32827389240265 125.58931090310216 43.01983900368214 48.26799249649048 128.29514580592513 -18.449047178030014
40.32827389240265 125.58931090310216 43.01983900368214 38.56968152523041 124.3393290899694 -27.665768660604954
32.60448944568634 123.52188422903419 36.065487042069435 38.844876170158386 131.20257515087724 -25.543537452816963
32.60448944568634 123.52188422903419 36.065487042069435 40.48344123363495 127.02372136712074 -30.434946417808533
32.60448944568634 123.52188422903419 36.065487042069435 41.95257246494293 128.29752591252327 -30.251170590519905
32.60448944568634 123.52188422903419 36.065487042069435 38.55615413188934 123.86491173133254 -3.5119578167796135
32.60448944568634 123.52188422903419 36.065487042069435 42.02028775215149 125.8983608186245 -14.163175866007805
32.60448944568634 123.52188422903419 36.065487042069435 40.88814830780029 124.42082275822759 -5.250104941427708
32.60448944568634 123.52188422903419 36.065487042069435 49.656726598739624 127.06309228390455 -31.389739833772182
32.60448944568634 123.52188422903419 36.065487042069435 49.12390697002411 129.18041514605284 -31.42741757631302
32.60448944568634 123.52188422903419 36.065487042069435 38.94001579284668 126.07150169834495 -11.496458679437637
32.60448944568634 123.52188422903419 36.065487042069435 45.13474774360657 123.23052025958896 -30.947714425623417
32.60448944568634 123.52188422903419 36.065487042069435 43.23263955116272 131.72212848439813 -33.08513117581606
32.60448944568634 123.52188422903419 36.065487042069435 41.2857221364975 125.26145854592323 -14.255063779652119
32.60448944568634 123.52188422903419 36.065487042069435 39.86346077919006 126.3979774825275 -31.520187221467495
32.60448944568634 123.52188422903419 36.065487042069435 44.28559696674347 122.58245959877968 -30.046249449253082
32.60448944568634 123.52188422903419 36.065487042069435 48.633254170417786 120.92889812961221 -32.5834009796381
32.60448944568634 123.52188422903419 36.065487042069435 45.336493730545044 125.9847453944385 -30.89350425451994
32.60448944568634 123.52188422903419 36.065487042069435 37.422799587249756 130.49872254952788 -19.675308026373386
32.60448944568634 123.52188422903419 36.065487042069435 45.03387475013733 121.85340769216418 -30.974819511175156
32.60448944568634 123.52188422903419 36.065487042069435 46.69103980064392 127.24739155173302 -29.716375537216663
32.60448944568634 123.52188422903419 36.065487042069435 39.950621604919434 129.14104422926903 -30.47262416034937
57.132264733314514 120.28522726520896 38.858455307781696 62.03181755542755 125.33731785044074 -24.948155879974365
57.132264733314514 120.28522726520896 38.858455307781696 59.59895038604736 123.40429425612092 -23.23711384087801
57.132264733314514 120.28522726520896 38.858455307781696 61.2090607881546 128.22832617163658 -28.030675120651722
57.132264733314514 120.28522726520896 38.858455307781696 60.13177001476288 121.28697139397264 -23.199436098337173
57.132264733314514 120.28522726520896 38.858455307781696 62.564637184143066 123.21999498829246 -24.91047813743353
57.132264733314514 120.28522726520896 38.858455307781696 59.84878134727478 120.457493994385 -15.187830150127411
57.132264733314514 120.28522726520896 38.858455307781696 60.16511249542236 123.22287751734257 -16.126972869038582
57.132264733314514 120.28522726520896 38.858455307781696 59.36978006362915 123.38197747990489 -21.250408060848713
57.132264733314514 120.28522726520896 38.858455307781696 62.14640271663666 125.34847623854876 -25.941508769989014
57.132264733314514 120.28522726520896 38.858455307781696 60.17882466316223 121.85692333802581 -17.14743084460497
57.132264733314514 120.28522726520896 38.858455307781696 59.902599692344666 121.2646546177566 -21.212730318307877
57.132264733314514 120.28522726520896 38.858455307781696 61.317912578582764 121.73129853978753 -15.004054322838783
57.132264733314514 120.28522726520896 38.858455307781696 60.285431027412415 129.74222192540765 -31.140299446880817
57.132264733314514 120.28522726520896 38.858455307781696 59.32967388629913 121.20886267721653 -16.245965868234634
57.132264733314514 120.28522726520896 38.858455307781696 61.081793785095215 123.31214462220669 -24.07379598915577
57.132264733314514 120.28522726520896 38.858455307781696 59.498077392578125 122.02718168869615 -23.26421892642975
57.132264733314514 120.28522726520896 38.858455307781696 62.15908455848694 130.25349939987063 -28.905035011470318
57.132264733314514 120.28522726520896 38.858455307781696 60.07795166969299 120.47981077060103 -17.174535930156708
57.132264733314514 120.28522726520896 38.858455307781696 62.78009533882141 124.60826594382524 -25.87672594189644
57.132264733314514 120.28522726520896 38.858455307781696 60.91339027881622 122.49382561072707 -17.055542930960655
45.411527037620544 118.30167436599731 42.51764365285635 45.87034368515015 117.59644519165158 -28.912758246064186
45.411527037620544 118.30167436599731 42.51764365285635 55.157368659973145 122.07758029922843 -9.670619949698448
45.411527037620544 118.30167436599731 42.51764365285635 51.80087172985077 121.65845245867968 -11.069202236831188
45.411527037620544 118.30167436599731 42.51764365285635 48.74783933162689 120.94005651772022 -33.57675386965275
45.411527037620544 118.30167436599731 42.51764365285635 60.44810116291046 124.0523549169302 -24.138578817248344
45.411527037620544 118.30167436599731 42.51764365285635 47.32679307460785 113.96522657573223 -25.765456177294254
45.411527037620544 118.30167436599731 42.51764365285635 48.15443766117096 122.01301007717848 -15.512626022100449
45.411527037620544 118.30167436599731 42.51764365285635 54.76758885383606 115.20317585021257 -10.79949826747179
45.411527037620544 118.30167436599731 42.51764365285635 47.898688554763794 120.29199585691094 -32.67528889328241
45.411527037620544 118.30167436599731 42.51764365285635 50.27670705318451 127.6888361684978 -30.30449903011322
45.411527037620544 118.30167436599731 42.51764365285635 54.53738820552826 121.45183641463518 -10.75586075335741
45.411527037620544 118.30167436599731 42.51764365285635 49.238492131233215 129.19157353416085 -32.42077046632767
45.411527037620544 118.30167436599731 42.51764365285635 49.48832309246063 126.24477327242494 -24.37148677557707
45.411527037620544 118.30167436599731 42.51764365285635 49.75759959220886 128.44020485132933 -31.362634748220444
45.411527037620544 118.30167436599731 42.51764365285635 44.28559696674347 122.58245959877968 -30.046249449253082
45.411527037620544 118.30167436599731 42.51764365285635 46.56480312347412 116.06023266166449 -23.816428139805794
45.411527037620544 118.30167436599731 42.51764365285635 57.227880358695984 114.40429108589888 -14.55145625770092
45.411527037620544 118.30167436599731 42.51764365285635 48.189656019210815 113.24733305722475 -27.687379129230976
45.411527037620544 118.30167436599731 42.51764365285635 49.87218475341797 128.45136323943734 -32.35598763823509
45.411527037620544 118.30167436599731 42.51764365285635 48.78813028335571 121.27279978245497 -15.447843194007874
58.50052297115326 120.18191924318671 39.015126049518585 59.43054687976837 122.5859752446413 -16.218860782682896
58.50052297115326 120.18191924318671 39.015126049518585 59.902599692344666 121.2646546177566 -21.212730318307877
58.50052297115326 120.18191924318671 39.015126049518585 60.01718485355377 121.27581300586462 -22.206083208322525
58.50052297115326 120.18191924318671 39.015126049518585 59.32967388629913 121.20886267721653 -16.245965868234634
58.50052297115326 120.18191924318671 39.015126049518585 60.13177001476288 121.28697139397264 -23.199436098337173
58.50052297115326 120.18191924318671 39.015126049518585 60.17882466316223 121.85692333802581 -17.14743084460497
58.50052297115326 120.18191924318671 39.015126049518585 59.26890707015991 122.00486491248012 -21.27751314640045
58.50052297115326 120.18191924318671 39.015126049518585 58.12981915473938 122.1304897107184 -23.420889668166637
58.50052297115326 120.18191924318671 39.015126049518585 60.003472685813904 122.64176718518138 -21.185625232756138
58.50052297115326 120.18191924318671 39.015126049518585 60.16511249542236 123.22287751734257 -16.126972869038582
58.50052297115326 120.18191924318671 39.015126049518585 58.64892661571503 121.37912102788687 -22.362753950059414
58.50052297115326 120.18191924318671 39.015126049518585 59.36978006362915 123.38197747990489 -21.250408060848713
58.50052297115326 120.18191924318671 39.015126049518585 58.86438477039337 122.76739198341966 -23.329001754522324
58.50052297115326 120.18191924318671 39.015126049518585 59.39720439910889 120.65006912127137 -23.291324011981487
58.50052297115326 120.18191924318671 39.015126049518585 59.315961718559265 122.57481685653329 -15.225507892668247
58.50052297115326 120.18191924318671 39.015126049518585 58.76351177692413 121.39027941599488 -23.356106840074062
58.50052297115326 120.18191924318671 39.015126049518585 58.53434145450592 121.36796263977885 -21.369401060044765
58.50052297115326 120.18191924318671 39.015126049518585 60.86633563041687 121.9238736666739 -23.10754818469286
58.50052297115326 120.18191924318671 39.015126049518585 60.11805784702301 122.6529255732894 -22.178978122770786
58.50052297115326 120.18191924318671 39.015126049518585 58.749799609184265 122.75623359531164 -22.335648864507675
31.12164604663849 123.61403386294842 36.902169190347195 44.48631262779236 131.60766207426786 -31.935107544064522
31.12164604663849 123.61403386294842 36.902169190347195 39.51989006996155 124.52413078024983 -5.406775683164597
31.12164604663849 123.61403386294842 36.902169190347195 45.12000524997711 130.86745177954435 -31.870324715971947
31.12164604663849 123.61403386294842 36.902169190347195 46.69103980064392 127.24739155173302 -29.716375537216663
31.12164604663849 123.61403386294842 36.902169190347195 45.6871976852417 124.41505770012736 -22.8171154782176
31.12164604663849 123.61403386294842 36.902169190347195 43.11805438995361 131.7109700962901 -32.09177828580141
31.12164604663849 123.61403386294842 36.902169190347195 44.7017707824707 132.99593302980065 -32.90135534852743
31.12164604663849 123.61403386294842 36.902169190347195 43.96720516681671 132.3590307570994 -32.993243262171745
31.12164604663849 123.61403386294842 36.902169190347195 45.33546340465546 132.25572273507714 -32.836572520434856
31.12164604663849 123.61403386294842 36.902169190347195 48.38934135437012 128.54351287335157 -31.519305489957333
31.12164604663849 123.61403386294842 36.902169190347195 43.7380348443985 132.33671398088336 -31.00653748214245
31.12164604663849 123.61403386294842 36.902169190347195 48.503926515579224 128.5546712614596 -32.51265837997198
31.12164604663849 123.61403386294842 36.902169190347195 48.74783933162689 120.94005651772022 -33.57675386965275
31.12164604663849 123.61403386294842 36.902169190347195 39.533602237701416 123.15817660093307 -6.427233658730984
31.12164604663849 123.61403386294842 36.902169190347195 44.600897789001465 131.61882046237588 -32.92846043407917
31.12164604663849 123.61403386294842 36.902169190347195 41.386595129966736 126.63857111334801 -14.22795869410038
31.12164604663849 123.61403386294842 36.902169190347195 47.898688554763794 120.29199585691094 -32.67528889328241
31.12164604663849 123.61403386294842 36.902169190347195 44.37172746658325 131.59650368615985 -30.941754654049873
31.12164604663849 123.61403386294842 36.902169190347195 43.00346922874451 131.6998117081821 -31.098425395786762
31.12164604663849 123.61403386294842 36.902169190347195 45.23459041118622 130.87861016765237 -32.863677605986595
33.51440703868866 123.37394265457988 40.19556934386492 49.373737931251526 126.23361488431692 -23.37813388556242
33.51440703868866 123.37394265457988 40.19556934386492 37.82158851623535 123.22800945863128 -3.6038457304239273
33.51440703868866 123.37394265457988 40.19556934386492 46.468817949295044 125.6219119168818 -16.673222310841084
33.51440703868866 123.37394265457988 40.19556934386492 47.99956154823303 121.66910842433572 -32.648183807730675
33.51440703868866 123.37394265457988 40.19556934386492 44.09653282165527 124.73325762525201 -33.063985861837864
33.51440703868866 123.37394265457988 40.19556934386492 38.49520254135132 126.50128550454974 -31.676857963204384
33.51440703868866 123.37394265457988 40.19556934386492 39.088788986206055 123.58796040713787 -26.60763294249773
33.51440703868866 123.37394265457988 40.19556934386492 48.08775269985199 118.14119783043861 -29.657552480697632
33.51440703868866 123.37394265457988 40.19556934386492 42.65398037433624 125.15815052390099 -14.09839303791523
33.51440703868866 123.37394265457988 40.19556934386492 49.009321808815 129.16925675794482 -30.43406468629837
33.51440703868866 123.37394265457988 40.19556934386492 40.58431422710419 128.40083393454552 -30.407841332256794
33.51440703868866 123.37394265457988 40.19556934386492 47.353187084198 117.50429555773735 -29.749440394341946
33.51440703868866 123.37394265457988 40.19556934386492 46.60490930080414 118.23334746435285 -28.820870332419872
33.51440703868866 123.37394265457988 40.19556934386492 40.1535826921463 123.78392048552632 -5.3419928550720215
33.51440703868866 123.37394265457988 40.19556934386492 46.23964762687683 125.59959514066577 -14.686516530811787
33.51440703868866 123.37394265457988 40.19556934386492 39.93812453746796 122.39564952999353 -4.375745050609112
33.51440703868866 123.37394265457988 40.19556934386492 40.05270969867706 122.40680791810155 -5.36909794062376
33.51440703868866 123.37394265457988 40.19556934386492 39.36398363113403 130.4512064680457 -24.48540173470974
33.51440703868866 123.37394265457988 40.19556934386492 39.990912556648254 129.47378749400377 -12.343713484704494
33.51440703868866 123.37394265457988 40.19556934386492 45.33546340465546 132.25572273507714 -32.836572520434856
31.06473672389984 141.61980526149273 37.09786456078291 42.927114367485046 144.5633512660861 -15.862298361957073
31.06473672389984 141.61980526149273 37.09786456078291 48.4754718542099 137.55755696073174 -32.414810694754124
31.06473672389984 141.61980526149273 37.09786456078291 47.82806706428528 139.66372143477201 -31.45913554728031
31.06473672389984 141.61980526149273 37.09786456078291 37.56969690322876 138.71676440164447 -15.53926595300436
31.06473672389984 141.61980526149273 37.09786456078291 41.02011835575104 142.11616766825318 -25.170026026666164
31.06473672389984 141.61980526149273 37.09786456078291 37.84676742553711 134.87842731922865 -32.66425108164549
31.06473672389984 141.61980526149273 37.09786456078291 38.68220603466034 136.8924421593547 -32.545258082449436
31.06473672389984 141.61980526149273 37.09786456078291 32.797887086868286 137.8309926390648 -23.146524235606194
31.06473672389984 141.61980526149273 37.09786456078291 48.46175968647003 138.9235111400485 -31.394352719187737
31.06473672389984 141.61980526149273 37.09786456078291 42.90156590938568 136.59367648139596 -33.06859874725342
31.06473672389984 141.61980526149273 37.09786456078291 46.97891628742218 139.01566077396274 -30.557670570909977
31.06473672389984 141.61980526149273 37.09786456078291 35.6156462430954 135.69962885975838 -30.898998871445656
31.06473672389984 141.61980526149273 37.09786456078291 38.31694436073303 144.2586898356676 -18.41090428084135
31.06473672389984 141.61980526149273 37.09786456078291 38.48046004772186 134.13821702450514 -32.599468253552914
31.06473672389984 141.61980526149273 37.09786456078291 36.34241783618927 142.37029979377985 -20.67327380180359
31.06473672389984 141.61980526149273 37.09786456078291 38.062225580215454 136.26669827476144 -33.6304988861084
31.06473672389984 141.61980526149273 37.09786456078291 46.99262845516205 137.64970659464598 -31.578128546476364
31.06473672389984 141.61980526149273 37.09786456078291 44.269824147224426 136.4903684593737 -32.91192800551653
31.06473672389984 141.61980526149273 37.09786456078291 40.690075039863586 140.71673832461238 -23.210425332188606
31.06473672389984 141.61980526149273 37.09786456078291 38.43152952194214 144.26984822377563 -19.404257170856
40.8150691986084 116.63105875626206 38.948579758405685 46.18564450740814 126.63280605524778 -31.794969230890274
40.8150691986084 116.63105875626206 38.948579758405685 47.919349193573 117.322878818959 -22.639299422502518
40.8150691986084 116.63105875626206 38.948579758405685 50.291449546813965 120.0519046485424 -29.38188873976469
40.8150691986084 116.63105875626206 38.948579758405685 48.40426862239838 119.06620981544256 -7.46334233134985
40.8150691986084 116.63105875626206 38.948579758405685 48.14851951599121 117.34519559517503 -24.626005202531815
40.8150691986084 116.63105875626206 38.948579758405685 43.665616512298584 121.95671571418643 -31.131490252912045
40.8150691986084 116.63105875626206 38.948579758405685 46.19465363025665 112.48768851533532 -16.852385252714157
40.8150691986084 116.63105875626206 38.948579758405685 47.23860192298889 117.49313716962934 -28.756087504327297
40.8150691986084 116.63105875626206 38.948579758405685 47.82439434528351 120.61358073353767 -13.55302532762289
40.8150691986084 116.63105875626206 38.948579758405685 47.872294545173645 116.75292687490582 -28.691304676234722
40.8150691986084 116.63105875626206 38.948579758405685 46.450217962265015 116.04907427355647 -22.823075249791145
40.8150691986084 116.63105875626206 38.948579758405685 48.681339144706726 115.22787273302674 -24.58832745999098
40.8150691986084 116.63105875626206 38.948579758405685 46.719494462013245 118.24450585246086 -29.81422322243452
40.8150691986084 116.63105875626206 38.948579758405685 47.41987204551697 121.37610780447721 -15.604513935744762
40.8150691986084 116.63105875626206 38.948579758405685 48.78813028335571 121.27279978245497 -15.447843194007874
40.8150691986084 116.63105875626206 38.948579758405685 47.25231409072876 116.12718299031258 -29.776545479893684
40.8150691986084 116.63105875626206 38.948579758405685 45.16809022426605 125.16642638295889 -23.875251196324825
40.8150691986084 116.63105875626206 38.948579758405685 48.53256595134735 117.71141402423382 -9.477153196930885
40.8150691986084 116.63105875626206 38.948579758405685 49.54420208930969 114.50997921451926 -26.5102504119277
40.8150691986084 116.63105875626206 38.948579758405685 47.56864523887634 118.89256651327014 -30.715688198804855
38.515387177467346 124.28203119337559 45.816121846437454 48.707733154296875 118.76694171503186 -28.57231167703867
38.515387177467346 124.28203119337559 45.816121846437454 40.67269015312195 123.0325518026948 -4.283857136964798
38.515387177467346 124.28203119337559 45.816121846437454 46.332541823387146 134.85084790736437 -27.658927157521248
38.515387177467346 124.28203119337559 45.816121846437454 48.90168511867523 127.55493551120162 -18.38426434993744
38.515387177467346 124.28203119337559 45.816121846437454 46.084771513938904 125.25569348782301 -31.822074316442013
38.515387177467346 124.28203119337559 45.816121846437454 54.98775005340576 129.37061016634107 -27.728788025677204
38.515387177467346 124.28203119337559 45.816121846437454 59.55086541175842 129.10531965270638 -31.23218736052513
38.515387177467346 124.28203119337559 45.816121846437454 47.31796872615814 126.26997257769108 -17.574687287211418
38.515387177467346 124.28203119337559 45.816121846437454 46.09951400756836 117.61876196786761 -30.899464026093483
38.515387177467346 124.28203119337559 45.816121846437454 55.507887840270996 122.3482641428709 -24.727584041655064
38.515387177467346 124.28203119337559 45.816121846437454 51.28955829143524 116.37605248019099 -22.261175110936165
38.515387177467346 124.28203119337559 45.816121846437454 47.31308090686798 115.33118075504899 -24.744998201727867
38.515387177467346 124.28203119337559 45.816121846437454 50.209176540374756 128.24762972444296 -23.259140886366367
38.515387177467346 124.28203119337559 45.816121846437454 45.78807067871094 125.79217026755214 -22.790010392665863
38.515387177467346 124.28203119337559 45.816121846437454 44.94568359851837 125.38131828606129 -33.9654508382082
38.515387177467346 124.28203119337559 45.816121846437454 44.831098437309265 125.37015989795327 -32.97209794819355
38.515387177467346 124.28203119337559 45.816121846437454 42.1555335521698 122.94040216878057 -5.1205392852425575
38.515387177467346 124.28203119337559 45.816121846437454 50.10830354690552 126.87051715701818 -23.286245971918106
38.515387177467346 124.28203119337559 45.816121846437454 39.215025663375854 134.7751192972064 -32.5075803399086
38.515387177467346 124.28203119337559 45.816121846437454 55.9377738237381 131.39578339457512 -28.6031479164958
45.09519588947296 115.53629084303975 43.45678637176752 55.1721111536026 114.44064877927303 -8.748009659349918
45.09519588947296 115.53629084303975 43.45678637176752 48.08775269985199 118.14119783043861 -29.657552480697632
45.09519588947296 115.53629084303975 43.45678637176752 50.99859082698822 123.42071527987719 -27.249084874987602
45.09519588947296 115.53629084303975 43.45678637176752 52.758689522743225 117.64985702559352 -22.077399283647537
45.09519588947296 115.53629084303975 43.45678637176752 49.429616928100586 114.49882082641125 -25.51689752191305
45.09519588947296 115.53629084303975 43.45678637176752 52.04478454589844 114.04383771494031 -12.133297726511955
45.09519588947296 115.53629084303975 43.45678637176752 54.22782075405121 118.92366157099605 -21.89362345635891
45.09519588947296 115.53629084303975 43.45678637176752 49.55688393115997 119.41500237584114 -29.473776653409004
45.09519588947296 115.53629084303975 43.45678637176752 57.90064883232117 122.10817293450236 -21.43418388813734
45.09519588947296 115.53629084303975 43.45678637176752 48.82334864139557 112.50712276250124 -27.6225963011384
45.09519588947296 115.53629084303975 43.45678637176752 46.32295095920563 111.13289272412658 -18.866196118295193
45.09519588947296 115.53629084303975 43.45678637176752 47.78428816795349 118.44046593084931 -8.548583135008812
45.09519588947296 115.53629084303975 43.45678637176752 51.167179107666016 122.39866275340319 -11.133985064923763
45.09519588947296 115.53629084303975 43.45678637176752 52.54323136806488 116.26158607006073 -21.111151479184628
45.09519588947296 115.53629084303975 43.45678637176752 53.81756508350372 113.17800262197852 -9.925138376653194
45.09519588947296 115.53629084303975 43.45678637176752 49.53743839263916 114.27277053520083 -14.43334499001503
45.09519588947296 115.53629084303975 43.45678637176752 50.20344316959381 121.7394437044859 -9.23916719853878
45.09519588947296 115.53629084303975 43.45678637176752 54.43754553794861 113.80374650657177 -8.839897572994232
45.09519588947296 115.53629084303975 43.45678637176752 53.29150915145874 115.53253416344523 -22.0397215411067
45.09519588947296 115.53629084303975 43.45678637176752 47.30528688430786 121.3649494163692 -14.611161045730114
33.80228352546692 135.1422118768096 39.354274310171604 40.285552740097046 141.47926539555192 -25.261913940310478
33.80228352546692 135.1422118768096 39.354274310171604 41.32376766204834 139.97652802988887 -23.14564250409603
33.80228352546692 135.1422118768096 39.354274310171604 39.97804594039917 126.40913587063551 -32.51354011148214
33.80228352546692 135.1422118768096 39.354274310171604 46.80562496185303 127.25854993984103 -30.709728427231312
33.80228352546692 135.1422118768096 39.354274310171604 47.6263210773468 136.90949629992247 -31.51334571838379
33.80228352546692 135.1422118768096 39.354274310171604 50.235570549964905 131.78669870644808 -27.24312510341406
33.80228352546692 135.1422118768096 39.354274310171604 41.55988645553589 138.3956819474697 -14.075900837779045
33.80228352546692 135.1422118768096 39.354274310171604 41.02011835575104 142.11616766825318 -25.170026026666164
33.80228352546692 135.1422118768096 39.354274310171604 38.844876170158386 131.20257515087724 -25.543537452816963
33.80228352546692 135.1422118768096 39.354274310171604 37.40908741950989 131.86467672884464 -18.654850050807
33.80228352546692 135.1422118768096 39.354274310171604 51.5567741394043 131.11343874037266 -33.138459615409374
33.80228352546692 135.1422118768096 39.354274310171604 49.71543276309967 138.80904472991824 -30.2443290874362
33.80228352546692 135.1422118768096 39.354274310171604 37.98793137073517 136.58828315138817 -14.508235320448875
33.80228352546692 135.1422118768096 39.354274310171604 36.674521803855896 131.22777445614338 -18.746737964451313
33.80228352546692 135.1422118768096 39.354274310171604 37.60980308055878 140.88987920433283 -20.54370814561844
33.80228352546692 135.1422118768096 39.354274310171604 40.84006333351135 130.12184815481305 -13.245178461074829
33.80228352546692 135.1422118768096 39.354274310171604 48.939730644226074 142.27000499516726 -27.27484307438135
33.80228352546692 135.1422118768096 39.354274310171604 35.386475920677185 135.67731208354235 -28.91229309141636
33.80228352546692 135.1422118768096 39.354274310171604 38.945749163627625 132.579687718302 -25.516432367265224
33.80228352546692 135.1422118768096 39.354274310171604 40.690075039863586 140.71673832461238 -23.210425332188606
38.529099345207214 122.91607701405883 44.79566387087107 43.95573842525482 119.34265871718526 -4.953295886516571
38.529099345207214 122.91607701405883 44.79566387087107 39.12889516353607 125.76107520982623 -31.61207513511181
38.529099345207214 122.91607701405883 44.79566387087107 39.1898467540741 123.12470143660903 -3.4471749886870384
38.529099345207214 122.91607701405883 44.79566387087107 39.47856879234314 130.46236485615373 -25.478754624724388
38.529099345207214 122.91607701405883 44.79566387087107 48.16711950302124 126.91803323850036 -18.476152263581753
38.529099345207214 122.91607701405883 44.79566387087107 52.372767210006714 127.98522173985839 -17.979034952819347
38.529099345207214 122.91607701405883 44.79566387087107 47.08982872962952 119.97667846083641 -13.644913241267204
38.529099345207214 122.91607701405883 44.79566387087107 37.100550293922424 123.06552454456687 -27.84954448789358
38.529099345207214 122.91607701405883 44.79566387087107 55.72231566905975 130.00751243904233 -27.63690011203289
38.529099345207214 122.91607701405883 44.79566387087107 46.68427610397339 127.01018287241459 -17.639470115303993
38.529099345207214 122.91607701405883 44.79566387087107 47.08879840373993 126.24765580147505 -15.587981507182121
38.529099345207214 122.91607701405883 44.79566387087107 48.26799249649048 128.29514580592513 -18.449047178030014
38.529099345207214 122.91607701405883 44.79566387087107 37.82140374183655 125.06838099658489 -26.73719859868288
38.529099345207214 122.91607701405883 44.79566387087107 55.304081201553345 132.13599368929863 -28.667930744588375
38.529099345207214 122.91607701405883 44.79566387087107 50.65380501747131 129.65821745619178 -26.212094470858574
38.529099345207214 122.91607701405883 44.79566387087107 47.23860192298889 117.49313716962934 -28.756087504327297
38.529099345207214 122.91607701405883 44.79566387087107 47.938979506492615 120.62473912164569 -14.546378217637539
38.529099345207214 122.91607701405883 44.79566387087107 42.134872913360596 125.90951920673251 -15.156528756022453
38.529099345207214 122.91607701405883 44.79566387087107 52.02412390708923 117.01295475289226 -22.16928719729185
38.529099345207214 122.91607701405883 44.79566387087107 37.61965775489807 122.31415586173534 -26.791408769786358
28.974594712257385 145.9912341721356 33.8857796639204 40.05638241767883 141.4569486193359 -23.27520816028118
28.974594712257385 145.9912341721356 33.8857796639204 38.303232192993164 145.62464401498437 -17.390446305274963
28.974594712257385 145.9912341721356 33.8857796639204 37.68325173854828 144.99890013039112 -18.475687108933926
28.974594712257385 145.9912341721356 33.8857796639204 39.799787759780884 144.16654020175338 -19.24758642911911
28.974594712257385 145.9912341721356 33.8857796639204 41.525513648986816 142.73075316473842 -23.091432332992554
28.974594712257385 145.9912341721356 33.8857796639204 38.950636982917786 143.5184795409441 -18.346121452748775
28.974594712257385 145.9912341721356 33.8857796639204 38.83605182170868 143.50732115283608 -17.352768562734127
28.974594712257385 145.9912341721356 33.8857796639204 40.90553319454193 142.10500928014517 -24.176673136651516
28.974594712257385 145.9912341721356 33.8857796639204 39.57061743736267 144.14422342553735 -17.260880649089813
28.974594712257385 145.9912341721356 33.8857796639204 37.56866657733917 144.9877417422831 -17.482334218919277
28.974594712257385 145.9912341721356 33.8857796639204 36.94868612289429 144.36199785768986 -18.56757502257824
28.974594712257385 145.9912341721356 33.8857796639204 38.93692481517792 144.88443372026086 -17.32566347718239
28.974594712257385 145.9912341721356 33.8857796639204 38.216071367263794 142.88157726824284 -18.43800936639309
28.974594712257385 145.9912341721356 33.8857796639204 40.285552740097046 141.47926539555192 -25.261913940310478
28.974594712257385 145.9912341721356 33.8857796639204 41.64009881019592 142.74191155284643 -24.084785223007202
28.974594712257385 145.9912341721356 33.8857796639204 39.06522214412689 143.52963792905211 -19.339474342763424
28.974594712257385 145.9912341721356 33.8857796639204 38.202359199523926 144.2475314475596 -17.417551390826702
28.974594712257385 145.9912341721356 33.8857796639204 40.790948033332825 142.09385089203715 -23.183320246636868
28.974594712257385 145.9912341721356 33.8857796639204 38.31694436073303 144.2586898356676 -18.41090428084135
28.974594712257385 145.9912341721356 33.8857796639204 39.68520259857178 144.15538181364536 -18.25423353910446
35.48893356323242 125.26233269646764 42.457938864827156 50.84286916255951 127.50741942971945 -23.194358058273792
35.48893356323242 125.26233269646764 42.457938864827156 38.945749163627625 132.579687718302 -25.516432367265224
35.48893356323242 125.26233269646764 42.457938864827156 38.94001579284668 126.07150169834495 -11.496458679437637
35.48893356323242 125.26233269646764 42.457938864827156 51.5567741394043 131.11343874037266 -33.138459615409374
35.48893356323242 125.26233269646764 42.457938864827156 47.20235323905945 132.5297915302217 -18.524402663111687
35.48893356323242 125.26233269646764 42.457938864827156 37.40908741950989 131.86467672884464 -18.654850050807
35.48893356323242 125.26233269646764 42.457938864827156 49.99371838569641 126.85935876891017 -22.292893081903458
35.48893356323242 125.26233269646764 42.457938864827156 43.44828248023987 131.2700279019773 -10.918026112020016
35.48893356323242 125.26233269646764 42.457938864827156 44.16895115375519 135.11325589194894 -32.93903309106827
35.48893356323242 125.26233269646764 42.457938864827156 44.93891990184784 125.14410960674286 -21.88854541629553
35.48893356323242 125.26233269646764 42.457938864827156 39.4511444568634 133.19427321478724 -23.437838673591614
35.48893356323242 125.26233269646764 42.457938864827156 41.851699471473694 126.9204133450985 -30.278275676071644
35.48893356323242 125.26233269646764 42.457938864827156 39.949591279029846 135.41202156990767 -32.415692426264286
35.48893356323242 125.26233269646764 42.457938864827156 44.831098437309265 125.37015989795327 -32.97209794819355
35.48893356323242 125.26233269646764 42.457938864827156 46.98792541027069 124.87054323405027 -15.61508659273386
35.48893356323242 125.26233269646764 42.457938864827156 43.96720516681671 132.3590307570994 -32.993243262171745
35.48893356323242 125.26233269646764 42.457938864827156 49.8584725856781 129.8173174187541 -31.335529662668705
35.48893356323242 125.26233269646764 42.457938864827156 37.94970107078552 123.71358520537615 -28.751009464263916
35.48893356323242 125.26233269646764 42.457938864827156 44.51476728916168 122.60477637499571 -32.03295522928238
35.48893356323242 125.26233269646764 42.457938864827156 38.844876170158386 131.20257515087724 -25.543537452816963
44.2734694480896 112.15632182359695 42.31733539700508 48.417980790138245 117.7002556361258 -8.483800306916237
44.2734694480896 112.15632182359695 42.31733539700508 50.17686438560486 120.04074626043439 -28.388535849750042
44.2734694480896 112.15632182359695 42.31733539700508 47.898688554763794 120.29199585691094 -32.67528889328241
44.2734694480896 112.15632182359695 42.31733539700508 54.03875660896301 121.07445959746838 -24.91135986894369
44.2734694480896 112.15632182359695 42.31733539700508 50.07599139213562 118.66363369300961 -28.41564093530178
44.2734694480896 112.15632182359695 42.31733539700508 49.55688393115997 119.41500237584114 -29.473776653409004
44.2734694480896 112.15632182359695 42.31733539700508 55.40701484680176 120.97115157544613 -24.754689127206802
44.2734694480896 112.15632182359695 42.31733539700508 50.89771783351898 122.04360271245241 -27.27618996053934
44.2734694480896 112.15632182359695 42.31733539700508 47.68341517448425 117.06335336342454 -8.57568822056055
44.2734694480896 112.15632182359695 42.31733539700508 47.454060077667236 118.88140812516212 -29.722335308790207
44.2734694480896 112.15632182359695 42.31733539700508 48.74783933162689 120.94005651772022 -33.57675386965275
44.2734694480896 112.15632182359695 42.31733539700508 50.291449546813965 120.0519046485424 -29.38188873976469
44.2734694480896 112.15632182359695 42.31733539700508 50.26402521133423 122.78381300717592 -27.340972788631916
44.2734694480896 112.15632182359695 42.31733539700508 48.633254170417786 120.92889812961221 -32.5834009796381
44.2734694480896 112.15632182359695 42.31733539700508 54.88790738582611 121.72252025827765 -25.812824845314026
44.2734694480896 112.15632182359695 42.31733539700508 49.65775692462921 120.79211494326591 -29.446671567857265
44.2734694480896 112.15632182359695 42.31733539700508 48.707733154296875 118.76694171503186 -28.57231167703867
44.2734694480896 112.15632182359695 42.31733539700508 48.53256595134735 117.71141402423382 -9.477153196930885
44.2734694480896 112.15632182359695 42.31733539700508 49.26694679260254 120.1886878348887 -32.518618151545525
44.2734694480896 112.15632182359695 42.31733539700508 49.051673412323 116.96004534140229 -8.419017478823662
44.69067358970642 116.29881791397929 41.40529776364565 46.423823952674866 112.51000529155135 -18.839091032743454
44.69067358970642 116.29881791397929 41.40529776364565 48.91050946712494 115.25018950924277 -26.575033240020275
44.69067358970642 116.29881791397929 41.40529776364565 49.443329095840454 113.13286664709449 -26.53735549747944
44.69067358970642 116.29881791397929 41.40529776364565 46.786179423332214 122.11631809920073 -15.669296763837337
44.69067358970642 116.29881791397929 41.40529776364565 52.55694353580475 114.89563189074397 -22.131609454751015
44.69067358970642 116.29881791397929 41.40529776364565 49.55688393115997 119.41500237584114 -29.473776653409004
44.69067358970642 116.29881791397929 41.40529776364565 52.85956251621246 119.0269695930183 -22.0502941980958
44.69067358970642 116.29881791397929 41.40529776364565 55.300408482551575 113.08585298806429 -10.761820524930954
44.69067358970642 116.29881791397929 41.40529776364565 49.32771360874176 119.39268559962511 -27.487070873379707
44.69067358970642 116.29881791397929 41.40529776364565 55.1721111536026 114.44064877927303 -8.748009659349918
44.69067358970642 116.29881791397929 41.40529776364565 52.758689522743225 117.64985702559352 -22.077399283647537
44.69067358970642 116.29881791397929 41.40529776364565 48.417980790138245 117.7002556361258 -8.483800306916237
44.69067358970642 116.29881791397929 41.40529776364565 51.68628656864166 121.64729407057166 -10.07584934681654
44.69067358970642 116.29881791397929 41.40529776364565 53.37866997718811 118.27560091018677 -20.992158479988575
44.69067358970642 116.29881791397929 41.40529776364565 46.719494462013245 118.24450585246086 -29.81422322243452
44.69067358970642 116.29881791397929 41.40529776364565 44.28559696674347 122.58245959877968 -30.046249449253082
44.69067358970642 116.29881791397929 41.40529776364565 50.391292214393616 127.69999455660582 -31.29785192012787
44.69067358970642 116.29881791397929 41.40529776364565 50.432613492012024 121.76176048070192 -11.225872978568077
44.69067358970642 116.29881791397929 41.40529776364565 59.168034076690674 120.62775234505534 -21.30461823195219
44.69067358970642 116.29881791397929 41.40529776364565 47.31899905204773 119.99899523705244 -15.631619021296501
39.364537954330444 124.93009185418487 44.91465687006712 50.9701361656189 132.42360097914934 -27.151237189769745
39.364537954330444 124.93009185418487 44.91465687006712 47.08982872962952 119.97667846083641 -13.644913241267204
39.364537954330444 124.93009185418487 44.91465687006712 45.930264949798584 121.23104875907302 -2.6909263655543327
39.364537954330444 124.93009185418487 44.91465687006712 44.05661141872406 120.71977128461003 -4.926190800964832
39.364537954330444 124.93009185418487 44.91465687006712 48.95550346374512 128.36209613457322 -24.409164518117905
39.364537954330444 124.93009185418487 44.91465687006712 44.20435428619385 124.5072073340416 -21.980433329939842
39.364537954330444 124.93009185418487 44.91465687006712 42.02028775215149 125.8983608186245 -14.163175866007805
39.364537954330444 124.93009185418487 44.91465687006712 54.6587370634079 121.70020348206162 -23.82611906528473
39.364537954330444 124.93009185418487 44.91465687006712 50.85555100440979 132.41244259104133 -26.157884299755096
39.364537954330444 124.93009185418487 44.91465687006712 48.835184931755066 121.84275172650814 -9.395837940275669
39.364537954330444 124.93009185418487 44.91465687006712 47.84177923202515 138.29776725545526 -32.4795935228467
39.364537954330444 124.93009185418487 44.91465687006712 49.2718346118927 131.12747965753078 -25.348307237029076
39.364537954330444 124.93009185418487 44.91465687006712 50.418901324272156 123.12771466001868 -10.20541500300169
39.364537954330444 124.93009185418487 44.91465687006712 51.78594446182251 131.1357555165887 -35.12516539543867
39.364537954330444 124.93009185418487 44.91465687006712 45.8545708656311 131.50435405224562 -31.778436802327633
39.364537954330444 124.93009185418487 44.91465687006712 49.97305774688721 129.82847580686212 -32.32888255268335
39.364537954330444 124.93009185418487 44.91465687006712 46.5040363073349 116.85623489692807 -28.84797541797161
39.364537954330444 124.93009185418487 44.91465687006712 48.038822174072266 128.2728290297091 -16.462341398000717
39.364537954330444 124.93009185418487 44.91465687006712 59.55086541175842 129.10531965270638 -31.23218736052513
39.364537954330444 124.93009185418487 44.91465687006712 50.07599139213562 118.66363369300961 -28.41564093530178
55.548548340797424 119.00026433169842 39.66803237050772 60.01718485355377 121.27581300586462 -22.206083208322525
55.548548340797424 119.00026433169842 39.66803237050772 58.810566425323486 121.96023136004806 -17.304101586341858
55.548548340797424 119.00026433169842 39.66803237050772 60.003472685813904 122.64176718518138 -21.185625232756138
55.548548340797424 119.00026433169842 39.66803237050772 59.94965434074402 121.83460656180978 -15.160725064575672
55.548548340797424 119.00026433169842 39.66803237050772 60.16511249542236 123.22287751734257 -16.126972869038582
55.548548340797424 119.00026433169842 39.66803237050772 59.28261923789978 120.63891073316336 -22.29797112196684
55.548548340797424 119.00026433169842 39.66803237050772 59.48436522483826 123.3931358680129 -22.24376095086336
55.548548340797424 119.00026433169842 39.66803237050772 60.58334696292877 121.09439626708627 -15.095942236483097
55.548548340797424 119.00026433169842 39.66803237050772 58.86438477039337 122.76739198341966 -23.329001754522324
55.548548340797424 119.00026433169842 39.66803237050772 55.40701484680176 120.97115157544613 -24.754689127206802
55.548548340797424 119.00026433169842 39.66803237050772 61.43249773979187 121.74245692789555 -15.997407212853432
55.548548340797424 119.00026433169842 39.66803237050772 62.564637184143066 123.21999498829246 -24.91047813743353
55.548548340797424 119.00026433169842 39.66803237050772 62.67922234535217 123.23115337640047 -25.903831027448177
55.548548340797424 119.00026433169842 39.66803237050772 59.96336650848389 120.46865238249302 -16.18118304014206
55.548548340797424 119.00026433169842 39.66803237050772 61.81635940074921 123.94904689490795 -23.981908075511456
55.548548340797424 119.00026433169842 39.66803237050772 59.26890707015991 122.00486491248012 -21.27751314640045
55.548548340797424 119.00026433169842 39.66803237050772 59.39720439910889 120.65006912127137 -23.291324011981487
55.548548340797424 119.00026433169842 39.66803237050772 61.094475626945496 128.21716778352857 -27.037322230637074
55.548548340797424 119.00026433169842 39.66803237050772 62.0582115650177 128.87638683244586 -28.932140097022057
55.548548340797424 119.00026433169842 39.66803237050772 60.064239501953125 121.8457649499178 -16.15407795459032
44.980610728263855 115.52513245493174 44.45013926178217 59.168034076690674 120.62775234505534 -21.30461823195219
44.980610728263855 115.52513245493174 44.45013926178217 54.22782075405121 118.92366157099605 -21.89362345635891
44.980610728263855 115.52513245493174 44.45013926178217 51.240442991256714 128.3480552174151 -32.1993168964982
44.980610728263855 115.52513245493174 44.45013926178217 49.079097747802734 114.22813698276877 -10.459933429956436
44.980610728263855 115.52513245493174 44.45013926178217 54.12694776058197 117.54654900357127 -21.92072854191065
44.980610728263855 115.52513245493174 44.45013926178217 47.933061361312866 115.95692463964224 -23.659757398068905
44.980610728263855 115.52513245493174 44.45013926178217 48.51866900920868 120.91773974150419 -31.59004808962345
44.980610728263855 115.52513245493174 44.45013926178217 52.77240169048309 116.28390284627676 -23.097857259213924
44.980610728263855 115.52513245493174 44.45013926178217 49.41590476036072 115.864775005728 -24.496439546346664
44.980610728263855 115.52513245493174 44.45013926178217 51.28955829143524 116.37605248019099 -22.261175110936165
44.980610728263855 115.52513245493174 44.45013926178217 46.842058420181274 110.38152404129505 -17.80806040018797
44.980610728263855 115.52513245493174 44.45013926178217 59.498077392578125 122.02718168869615 -23.26421892642975
44.980610728263855 115.52513245493174 44.45013926178217 49.77131175994873 127.07425067201257 -32.38309272378683
44.980610728263855 115.52513245493174 44.45013926178217 47.99956154823303 121.66910842433572 -32.648183807730675
44.980610728263855 115.52513245493174 44.45013926178217 48.8096364736557 113.873076941818 -26.602138325572014
44.980610728263855 115.52513245493174 44.45013926178217 49.79892086982727 122.50197077542543 -11.290655806660652
44.980610728263855 115.52513245493174 44.45013926178217 47.366899251937866 116.13834137842059 -30.769898369908333
44.980610728263855 115.52513245493174 44.45013926178217 55.07123816013336 113.06353621184826 -8.775114744901657
44.980610728263855 115.52513245493174 44.45013926178217 48.835184931755066 121.84275172650814 -9.395837940275669
44.980610728263855 115.52513245493174 44.45013926178217 49.76660871505737 114.29508731141686 -16.420050770044327
30.559341430664062 141.0052197650075 35.0192708671093 37.23965358734131 137.31733505800366 -13.579665258526802
30.559341430664062 141.0052197650075 35.0192708671093 38.43152952194214 144.26984822377563 -19.404257170856
30.559341430664062 141.0052197650075 35.0192708671093 36.83513128757477 138.0798621289432 -15.631153866648674
30.559341430664062 141.0052197650075 35.0192708671093 36.201438665390015 138.82007242366672 -15.695936694741249
30.559341430664062 141.0052197650075 35.0192708671093 39.32961082458496 134.78627768531442 -33.50093322992325
30.559341430664062 141.0052197650075 35.0192708671093 38.796791195869446 136.9036005474627 -33.538610972464085
30.559341430664062 141.0052197650075 35.0192708671093 38.56762087345123 136.88128377124667 -31.551905192434788
30.559341430664062 141.0052197650075 35.0192708671093 38.5813330411911 135.5153295919299 -32.572363168001175
30.559341430664062 141.0052197650075 35.0192708671093 35.9722683429718 138.79775564745069 -13.709230914711952
30.559341430664062 141.0052197650075 35.0192708671093 35.87139534950256 137.4206430800259 -13.736336000263691
30.559341430664062 141.0052197650075 35.0192708671093 39.16609513759613 144.9067504964769 -19.312369257211685
30.559341430664062 141.0052197650075 35.0192708671093 44.04657196998596 141.13586616516113 -21.811843045055866
30.559341430664062 141.0052197650075 35.0192708671093 38.3306565284729 142.89273565635085 -19.431362256407738
30.559341430664062 141.0052197650075 35.0192708671093 33.53245270252228 138.46789491176605 -23.05463632196188
30.559341430664062 141.0052197650075 35.0192708671093 44.25611197948456 137.85632263869047 -31.891470029950142
30.559341430664062 141.0052197650075 35.0192708671093 38.08880436420441 137.96539571881294 -14.481130234897137
30.559341430664062 141.0052197650075 35.0192708671093 39.4304838180542 136.1633902527392 -33.47382814437151
30.559341430664062 141.0052197650075 35.0192708671093 41.12793982028961 141.89011737704277 -14.086473494768143
30.559341430664062 141.0052197650075 35.0192708671093 44.15523898601532 136.4792100712657 -31.91857511550188
30.559341430664062 141.0052197650075 35.0192708671093 39.051509976387024 144.89559210836887 -18.319016367197037
43.322415351867676 116.40212593600154 41.24862702190876 47.4061598777771 122.74206198379397 -14.584055960178375
43.322415351867676 116.40212593600154 41.24862702190876 49.46887755393982 121.10254143178463 -9.331055112183094
43.322415351867676 116.40212593600154 41.24862702190876 49.01833093166351 115.02413921803236 -15.491480708122253
43.322415351867676 116.40212593600154 41.24862702190876 46.685306429862976 120.73920553177595 -15.696401849389076
43.322415351867676 116.40212593600154 41.24862702190876 47.55596339702606 113.98754335194826 -27.75216195732355
43.322415351867676 116.40212593600154 41.24862702190876 49.02303397655487 127.80330257862806 -31.454522661864758
43.322415351867676 116.40212593600154 41.24862702190876 47.467772245407104 117.51545394584537 -30.742793284356594
43.322415351867676 116.40212593600154 41.24862702190876 48.673545122146606 121.26164139434695 -14.454490303993225
43.322415351867676 116.40212593600154 41.24862702190876 46.67938828468323 116.0713910497725 -24.809781029820442
43.322415351867676 116.40212593600154 41.24862702190876 47.366899251937866 116.13834137842059 -30.769898369908333
43.322415351867676 116.40212593600154 41.24862702190876 50.38658916950226 114.92083119601011 -15.334809966385365
43.322415351867676 116.40212593600154 41.24862702190876 47.99956154823303 121.66910842433572 -32.648183807730675
43.322415351867676 116.40212593600154 41.24862702190876 50.10257017612457 120.36233113706112 -9.266272284090519
43.322415351867676 116.40212593600154 41.24862702190876 49.025094628334045 115.26134789735079 -27.568386130034924
43.322415351867676 116.40212593600154 41.24862702190876 47.33947491645813 118.87024973705411 -28.72898241877556
43.322415351867676 116.40212593600154 41.24862702190876 47.31308090686798 115.33118075504899 -24.744998201727867
43.322415351867676 116.40212593600154 41.24862702190876 52.67847716808319 113.3036274202168 -12.06851489841938
43.322415351867676 116.40212593600154 41.24862702190876 47.198495745658875 115.32002236694098 -23.75164531171322
43.322415351867676 116.40212593600154 41.24862702190876 53.298457622528076 113.92937130481005 -10.983274094760418
43.322415351867676 116.40212593600154 41.24862702190876 50.21715533733368 120.37348952516913 -10.259625174105167
44.0432687997818 118.40498238801956 42.36097291111946 48.51866900920868 120.91773974150419 -31.59004808962345
44.0432687997818 118.40498238801956 42.36097291111946 49.25915277004242 126.2224564962089 -22.38478099554777
44.0432687997818 118.40498238801956 42.36097291111946 49.52945959568024 122.14691073447466 -27.43286070227623
44.0432687997818 118.40498238801956 42.36097291111946 51.411091923713684 114.78404800966382 -12.19808055460453
44.0432687997818 118.40498238801956 42.36097291111946 45.13474774360657 123.23052025958896 -30.947714425623417
44.0432687997818 118.40498238801956 42.36097291111946 51.80866575241089 115.62468379735947 -21.20303939282894
44.0432687997818 118.40498238801956 42.36097291111946 51.5567741394043 131.11343874037266 -33.138459615409374
44.0432687997818 118.40498238801956 42.36097291111946 50.28571617603302 113.54371862858534 -15.361915051937103
44.0432687997818 118.40498238801956 42.36097291111946 50.50587737560272 127.71115294471383 -32.29120481014252
44.0432687997818 118.40498238801956 42.36097291111946 59.28261923789978 120.63891073316336 -22.29797112196684
44.0432687997818 118.40498238801956 42.36097291111946 46.45613610744476 120.71688875555992 -13.70969606935978
44.0432687997818 118.40498238801956 42.36097291111946 45.053505063056946 125.15526799485087 -22.881898306310177
44.0432687997818 118.40498238801956 42.36097291111946 47.99956154823303 121.66910842433572 -32.648183807730675
44.0432687997818 118.40498238801956 42.36097291111946 51.6713593006134 131.12459712848067 -34.13181250542402
44.0432687997818 118.40498238801956 42.36097291111946 47.41395390033722 116.70829332247376 -24.71789311617613
44.0432687997818 118.40498238801956 42.36097291111946 46.719494462013245 118.24450585246086 -29.81422322243452
44.0432687997818 118.40498238801956 42.36097291111946 58.86438477039337 122.76739198341966 -23.329001754522324
44.0432687997818 118.40498238801956 42.36097291111946 47.467772245407104 117.51545394584537 -30.742793284356594
44.0432687997818 118.40498238801956 42.36097291111946 47.454060077667236 118.88140812516212 -29.722335308790207
44.0432687997818 118.40498238801956 42.36097291111946 46.920210123062134 127.26970832794905 -31.70308131724596
32.894426584243774 122.74819876998663 39.110328540205956 41.386595129966736 126.63857111334801 -14.22795869410038
32.894426584243774 122.74819876998663 39.110328540205956 41.21800684928894 127.660623639822 -30.34305850416422
32.894426584243774 122.74819876998663 39.110328540205956 49.54214143753052 127.05193389579654 -30.396386943757534
32.894426584243774 122.74819876998663 39.110328540205956 48.60686016082764 117.38982914760709 -28.59941676259041
32.894426584243774 122.74819876998663 39.110328540205956 43.86633217334747 130.98191818967462 -33.020348347723484
32.894426584243774 122.74819876998663 39.110328540205956 39.3044319152832 123.13585982471704 -4.440527878701687
32.894426584243774 122.74819876998663 39.110328540205956 45.619667172431946 124.97385125607252 -15.771757334470749
32.894426584243774 122.74819876998663 39.110328540205956 40.94770002365112 131.73616940155625 -25.29497879743576
32.894426584243774 122.74819876998663 39.110328540205956 40.71852970123291 131.71385262534022 -23.308273017406464
32.894426584243774 122.74819876998663 39.110328540205956 43.84791696071625 119.56870900839567 -16.036848418414593
32.894426584243774 122.74819876998663 39.110328540205956 48.633254170417786 120.92889812961221 -32.5834009796381
32.894426584243774 122.74819876998663 39.110328540205956 39.83603644371033 129.129885841161 -29.47927127033472
32.894426584243774 122.74819876998663 39.110328540205956 44.93891990184784 125.14410960674286 -21.88854541629553
32.894426584243774 122.74819876998663 39.110328540205956 39.68829357624054 125.34244979172945 -12.42502874135971
32.894426584243774 122.74819876998663 39.110328540205956 36.57364881038666 129.8506618887186 -18.77384305000305
32.894426584243774 122.74819876998663 39.110328540205956 41.622713923454285 125.05772503092885 -5.158217027783394
32.894426584243774 122.74819876998663 39.110328540205956 50.60675036907196 129.0882655121386 -32.26409972459078
32.894426584243774 122.74819876998663 39.110328540205956 39.16918611526489 126.09381847456098 -13.483164459466934
32.894426584243774 122.74819876998663 39.110328540205956 46.071059346199036 126.62164766713977 -30.801616340875626
32.894426584243774 122.74819876998663 39.110328540205956 46.5040363073349 116.85623489692807 -28.84797541797161
35.50264573097229 123.89637851715088 41.43748088926077 41.31887984275818 129.03773620724678 -30.31595341861248
35.50264573097229 123.89637851715088 41.43748088926077 48.05356466770172 120.6358975097537 -15.539731107652187
35.50264573097229 123.89637851715088 41.43748088926077 50.13469755649567 130.4095861390233 -27.270230188965797
35.50264573097229 123.89637851715088 41.43748088926077 44.269824147224426 136.4903684593737 -32.91192800551653
35.50264573097229 123.89637851715088 41.43748088926077 50.92308151721954 131.85364903509617 -33.20324244350195
35.50264573097229 123.89637851715088 41.43748088926077 49.460898756980896 128.97668163105845 -22.330570824444294
35.50264573097229 123.89637851715088 41.43748088926077 43.954708099365234 125.6136360578239 -6.896364152431488
35.50264573097229 123.89637851715088 41.43748088926077 48.83603048324585 117.41214592382312 -30.586122542619705
35.50264573097229 123.89637851715088 41.43748088926077 49.238492131233215 129.19157353416085 -32.42077046632767
35.50264573097229 123.89637851715088 41.43748088926077 49.75759959220886 128.44020485132933 -31.362634748220444
35.50264573097229 123.89637851715088 41.43748088926077 40.098549246788025 131.08810874074697 -24.393513821065426
35.50264573097229 123.89637851715088 41.43748088926077 45.22087824344635 132.24456434696913 -31.843219630420208
35.50264573097229 123.89637851715088 41.43748088926077 48.38934135437012 128.54351287335157 -31.519305489957333
35.50264573097229 123.89637851715088 41.43748088926077 52.5205100774765 131.77265778928995 -35.03327748179436
35.50264573097229 123.89637851715088 41.43748088926077 47.797815561294556 118.91488328948617 -32.70239397883415
35.50264573097229 123.89637851715088 41.43748088926077 38.320035338401794 125.4457578137517 -12.5816994830966
35.50264573097229 123.89637851715088 41.43748088926077 38.89990961551666 123.89838689565659 -6.492016486823559
35.50264573097229 123.89637851715088 41.43748088926077 44.94568359851837 125.38131828606129 -33.9654508382082
35.50264573097229 123.89637851715088 41.43748088926077 46.98792541027069 124.87054323405027 -15.61508659273386
35.50264573097229 123.89637851715088 41.43748088926077 45.053505063056946 125.15526799485087 -22.881898306310177
56.68763625621796 118.87463953346014 41.8114088922739 59.48436522483826 123.3931358680129 -22.24376095086336
56.68763625621796 118.87463953346014 41.8114088922739 58.64892661571503 121.37912102788687 -22.362753950059414
56.68763625621796 118.87463953346014 41.8114088922739 63.413787961006165 123.86805564910173 -25.811943113803864
56.68763625621796 118.87463953346014 41.8114088922739 60.07795166969299 120.47981077060103 -17.174535930156708
56.68763625621796 118.87463953346014 41.8114088922739 61.29725193977356 124.70041557773948 -25.04004379361868
56.68763625621796 118.87463953346014 41.8114088922739 61.31096410751343 123.33446139842272 -26.060501769185066
56.68763625621796 118.87463953346014 41.8114088922739 59.28261923789978 120.63891073316336 -22.29797112196684
56.68763625621796 118.87463953346014 41.8114088922739 59.84878134727478 120.457493994385 -15.187830150127411
56.68763625621796 118.87463953346014 41.8114088922739 60.064239501953125 121.8457649499178 -16.15407795459032
56.68763625621796 118.87463953346014 41.8114088922739 59.44425904750824 121.22002106532454 -17.239318758249283
56.68763625621796 118.87463953346014 41.8114088922739 62.03181755542755 125.33731785044074 -24.948155879974365
56.68763625621796 118.87463953346014 41.8114088922739 59.498077392578125 122.02718168869615 -23.26421892642975
56.68763625621796 118.87463953346014 41.8114088922739 60.63716530799866 121.90155689045787 -21.120842404663563
56.68763625621796 118.87463953346014 41.8114088922739 60.16511249542236 123.22287751734257 -16.126972869038582
56.68763625621796 118.87463953346014 41.8114088922739 61.2090607881546 128.22832617163658 -28.030675120651722
56.68763625621796 118.87463953346014 41.8114088922739 62.665510177612305 124.59710755571723 -24.88337305188179
56.68763625621796 118.87463953346014 41.8114088922739 61.94465672969818 122.59425110369921 -25.99571894109249
56.68763625621796 118.87463953346014 41.8114088922739 61.81635940074921 123.94904689490795 -23.981908075511456
56.68763625621796 118.87463953346014 41.8114088922739 59.21508872509003 121.19770428910851 -15.252612978219986
56.68763625621796 118.87463953346014 41.8114088922739 58.810566425323486 121.96023136004806 -17.304101586341858
56.12147414684296 119.0560562722385 34.701267920434475 58.64892661571503 121.37912102788687 -22.362753950059414
56.12147414684296 119.0560562722385 34.701267920434475 60.812517285346985 121.1167130433023 -17.082648016512394
56.12147414684296 119.0560562722385 34.701267920434475 61.081793785095215 123.31214462220669 -24.07379598915577
56.12147414684296 119.0560562722385 34.701267920434475 58.69701159000397 115.6780956313014 -14.367680430412292
56.12147414684296 119.0560562722385 34.701267920434475 60.11805784702301 122.6529255732894 -22.178978122770786
56.12147414684296 119.0560562722385 34.701267920434475 59.44425904750824 121.22002106532454 -17.239318758249283
56.12147414684296 119.0560562722385 34.701267920434475 61.94465672969818 122.59425110369921 -25.99571894109249
56.12147414684296 119.0560562722385 34.701267920434475 60.91339027881622 122.49382561072707 -17.055542930960655
56.12147414684296 119.0560562722385 34.701267920434475 60.86633563041687 121.9238736666739 -23.10754818469286
56.12147414684296 119.0560562722385 34.701267920434475 58.69598126411438 121.94907297194004 -16.31074869632721
56.12147414684296 119.0560562722385 34.701267920434475 60.56268632411957 124.06351330503821 -25.131931707262993
56.12147414684296 119.0560562722385 34.701267920434475 60.01718485355377 121.27581300586462 -22.206083208322525
56.12147414684296 119.0560562722385 34.701267920434475 59.38349223136902 122.01602330058813 -22.2708660364151
56.12147414684296 119.0560562722385 34.701267920434475 59.43054687976837 122.5859752446413 -16.218860782682896
56.12147414684296 119.0560562722385 34.701267920434475 59.28261923789978 120.63891073316336 -22.29797112196684
56.12147414684296 119.0560562722385 34.701267920434475 58.53434145450592 121.36796263977885 -21.369401060044765
56.12147414684296 119.0560562722385 34.701267920434475 61.19637894630432 123.3233030103147 -25.067148879170418
56.12147414684296 119.0560562722385 34.701267920434475 60.68421995639801 122.47150883451104 -15.068837150931358
56.12147414684296 119.0560562722385 34.701267920434475 58.76351177692413 121.39027941599488 -23.356106840074062
56.12147414684296 119.0560562722385 34.701267920434475 61.317912578582764 121.73129853978753 -15.004054322838783
56.599445104599 122.40255012735724 38.82077756524086 60.56268632411957 124.06351330503821 -25.131931707262993
56.599445104599 122.40255012735724 38.82077756524086 59.82709038257599 129.6975883729756 -27.166887886822224
56.599445104599 122.40255012735724 38.82077756524086 62.15908455848694 130.25349939987063 -28.905035011470318
56.599445104599 122.40255012735724 38.82077756524086 59.28261923789978 120.63891073316336 -22.29797112196684
56.599445104599 122.40255012735724 38.82077756524086 58.12981915473938 122.1304897107184 -23.420889668166637
56.599445104599 122.40255012735724 38.82077756524086 58.86438477039337 122.76739198341966 -23.329001754522324
56.599445104599 122.40255012735724 38.82077756524086 61.43249773979187 121.74245692789555 -15.997407212853432
56.599445104599 122.40255012735724 38.82077756524086 60.69793212413788 121.10555465519428 -16.089295126497746
56.599445104599 122.40255012735724 38.82077756524086 61.19637894630432 123.3233030103147 -25.067148879170418
56.599445104599 122.40255012735724 38.82077756524086 59.168034076690674 120.62775234505534 -21.30461823195219
56.599445104599 122.40255012735724 38.82077756524086 61.81635940074921 123.94904689490795 -23.981908075511456
56.599445104599 122.40255012735724 38.82077756524086 63.413787961006165 123.86805564910173 -25.811943113803864
56.599445104599 122.40255012735724 38.82077756524086 61.525391936302185 130.99370969459414 -28.969817839562893
56.599445104599 122.40255012735724 38.82077756524086 59.32169508934021 129.08300287649035 -29.245481580495834
56.599445104599 122.40255012735724 38.82077756524086 61.094475626945496 128.21716778352857 -27.037322230637074
56.599445104599 122.40255012735724 38.82077756524086 60.11805784702301 122.6529255732894 -22.178978122770786
56.599445104599 122.40255012735724 38.82077756524086 61.943626403808594 128.86522844433784 -27.938787207007408
56.599445104599 122.40255012735724 38.82077756524086 58.283480167388916 130.5857402421534 -31.36175301671028
56.599445104599 122.40255012735724 38.82077756524086 60.05052733421326 123.21171912923455 -15.133619979023933
56.599445104599 122.40255012735724 38.82077756524086 58.64892661571503 121.37912102788687 -22.362753950059414
41.56334698200226 115.90200684964657 38.02000969648361 47.71083950996399 114.33144500479102 -10.616604171693325
41.56334698200226 115.90200684964657 38.02000969648361 50.89771783351898 122.04360271245241 -27.27618996053934
41.56334698200226 115.90200684964657 38.02000969648361 48.82334864139557 112.50712276250124 -27.6225963011384
41.56334698200226 115.90200684964657 38.02000969648361 47.353187084198 117.50429555773735 -29.749440394341946
41.56334698200226 115.90200684964657 38.02000969648361 49.01833093166351 115.02413921803236 -15.491480708122253
41.56334698200226 115.90200684964657 38.02000969648361 50.38658916950226 114.92083119601011 -15.334809966385365
41.56334698200226 115.90200684964657 38.02000969648361 47.30528688430786 121.3649494163692 -14.611161045730114
41.56334698200226 115.90200684964657 38.02000969648361 46.83407962322235 118.25566424056888 -30.80757611244917
41.56334698200226 115.90200684964657 38.02000969648361 49.30131959915161 115.85361661761999 -23.503086656332016
41.56334698200226 115.90200684964657 38.02000969648361 47.23860192298889 117.49313716962934 -28.756087504327297
41.56334698200226 115.90200684964657 38.02000969648361 46.618621468544006 116.86739328503609 -29.84132830798626
41.56334698200226 115.90200684964657 38.02000969648361 49.025094628334045 115.26134789735079 -27.568386130034924
41.56334698200226 115.90200684964657 38.02000969648361 50.26402521133423 122.78381300717592 -27.340972788631916
41.56334698200226 115.90200684964657 38.02000969648361 48.594178318977356 112.48480598628521 -25.635890521109104
41.56334698200226 115.90200684964657 38.02000969648361 47.31899905204773 119.99899523705244 -15.631619021296501
41.56334698200226 115.90200684964657 38.02000969648361 48.782212138175964 116.60498530045152 -24.56122237443924
41.56334698200226 115.90200684964657 38.02000969648361 48.92422163486481 113.88423532992601 -27.595491215586662
41.56334698200226 115.90200684964657 38.02000969648361 49.41590476036072 115.864775005728 -24.496439546346664
41.56334698200226 115.90200684964657 38.02000969648361 46.95664358139038 110.39268242940307 -18.801413290202618
41.56334698200226 115.90200684964657 38.02000969648361 49.76660871505737 114.29508731141686 -16.420050770044327
32.27444612979889 122.12245488539338 38.02508773654699 39.3044319152832 123.13585982471704 -4.440527878701687
32.27444612979889 122.12245488539338 38.02508773654699 42.75485336780548 126.53526309132576 -14.071287952363491
32.27444612979889 122.12245488539338 38.02508773654699 38.71066069602966 127.88955646008253 -32.64310576766729
32.27444612979889 122.12245488539338 38.02508773654699 48.908448815345764 127.79214419052005 -30.46116977185011
32.27444612979889 122.12245488539338 38.02508773654699 40.58431422710419 128.40083393454552 -30.407841332256794
32.27444612979889 122.12245488539338 38.02508773654699 40.038997530937195 123.77276209741831 -4.348639965057373
32.27444612979889 122.12245488539338 38.02508773654699 44.43352460861206 124.52952411025763 -23.96713910996914
32.27444612979889 122.12245488539338 38.02508773654699 38.050758838653564 123.25032623484731 -5.590551510453224
32.27444612979889 122.12245488539338 38.02508773654699 40.13987052440643 125.14987466484308 -4.321534879505634
32.27444612979889 122.12245488539338 38.02508773654699 38.72437286376953 126.52360228076577 -33.66356374323368
32.27444612979889 122.12245488539338 38.02508773654699 45.12000524997711 130.86745177954435 -31.870324715971947
32.27444612979889 122.12245488539338 38.02508773654699 47.33947491645813 118.87024973705411 -28.72898241877556
32.27444612979889 122.12245488539338 38.02508773654699 38.55615413188934 123.86491173133254 -3.5119578167796135
32.27444612979889 122.12245488539338 38.02508773654699 39.45893847942352 127.16050455346704 -33.57167582958937
32.27444612979889 122.12245488539338 38.02508773654699 43.86633217334747 130.98191818967462 -33.020348347723484
32.27444612979889 122.12245488539338 38.02508773654699 44.48631262779236 131.60766207426786 -31.935107544064522
32.27444612979889 122.12245488539338 38.02508773654699 37.98980724811554 125.88670000806451 -33.755451656877995
32.27444612979889 122.12245488539338 38.02508773654699 39.34435331821442 127.14934616535902 -32.57832293957472
32.27444612979889 122.12245488539338 38.02508773654699 47.467772245407104 117.51545394584537 -30.742793284356594
32.27444612979889 122.12245488539338 38.02508773654699 48.38934135437012 128.54351287335157 -31.519305489957333
56.16852879524231 119.62600821629167 40.75327317416668 59.26890707015991 122.00486491248012 -21.27751314640045
56.16852879524231 119.62600821629167 40.75327317416668 61.195348620414734 129.59428035095334 -27.010217145085335
56.16852879524231 119.62600821629167 40.75327317416668 63.18461763858795 123.8457388728857 -23.825237333774567
56.16852879524231 119.62600821629167 40.75327317416668 58.76351177692413 121.39027941599488 -23.356106840074062
56.16852879524231 119.62600821629167 40.75327317416668 58.58242642879486 115.66693724319339 -13.374327540397644
56.16852879524231 119.62600821629167 40.75327317416668 62.14640271663666 125.34847623854876 -25.941508769989014
56.16852879524231 119.62600821629167 40.75327317416668 57.90064883232117 122.10817293450236 -21.43418388813734
56.16852879524231 119.62600821629167 40.75327317416668 58.86438477039337 122.76739198341966 -23.329001754522324
56.16852879524231 119.62600821629167 40.75327317416668 60.17882466316223 121.85692333802581 -17.14743084460497
56.16852879524231 119.62600821629167 40.75327317416668 58.64892661571503 121.37912102788687 -22.362753950059414
56.16852879524231 119.62600821629167 40.75327317416668 59.43054687976837 122.5859752446413 -16.218860782682896
56.16852879524231 119.62600821629167 40.75327317416668 59.39720439910889 120.65006912127137 -23.291324011981487
56.16852879524231 119.62600821629167 40.75327317416668 60.63716530799866 121.90155689045787 -21.120842404663563
56.16852879524231 119.62600821629167 40.75327317416668 61.917232394218445 125.32615946233273 -23.954802989959717
56.16852879524231 119.62600821629167 40.75327317416668 59.32169508934021 129.08300287649035 -29.245481580495834
56.16852879524231 119.62600821629167 40.75327317416668 61.411837100982666 124.71157396584749 -26.033396683633327
56.16852879524231 119.62600821629167 40.75327317416668 60.01718485355377 121.27581300586462 -22.206083208322525
56.16852879524231 119.62600821629167 40.75327317416668 62.564637184143066 123.21999498829246 -24.91047813743353
56.16852879524231 119.62600821629167 40.75327317416668 59.28261923789978 120.63891073316336 -22.29797112196684
56.16852879524231 119.62600821629167 40.75327317416668 60.58334696292877 121.09439626708627 -15.095942236483097
55.66313350200653 119.01142271980643 38.67467948049307 61.917232394218445 125.32615946233273 -23.954802989959717
55.66313350200653 119.01142271980643 38.67467948049307 62.5509250164032 124.58594916760921 -23.89002016186714
55.66313350200653 119.01142271980643 38.67467948049307 59.38349223136902 122.01602330058813 -22.2708660364151
55.66313350200653 119.01142271980643 38.67467948049307 61.317912578582764 121.73129853978753 -15.004054322838783
55.66313350200653 119.01142271980643 38.67467948049307 58.01523399353027 122.11933132261038 -22.42753677815199
55.66313350200653 119.01142271980643 38.67467948049307 62.03181755542755 125.33731785044074 -24.948155879974365
55.66313350200653 119.01142271980643 38.67467948049307 59.32967388629913 121.20886267721653 -16.245965868234634
55.66313350200653 119.01142271980643 38.67467948049307 60.63716530799866 121.90155689045787 -21.120842404663563
55.66313350200653 119.01142271980643 38.67467948049307 58.12981915473938 122.1304897107184 -23.420889668166637
55.66313350200653 119.01142271980643 38.67467948049307 59.21508872509003 121.19770428910851 -15.252612978219986
55.66313350200653 119.01142271980643 38.67467948049307 58.64892661571503 121.37912102788687 -22.362753950059414
55.66313350200653 119.01142271980643 38.67467948049307 61.93094456195831 123.96020528301597 -24.975260965526104
55.66313350200653 119.01142271980643 38.67467948049307 60.56268632411957 124.06351330503821 -25.131931707262993
55.66313350200653 119.01142271980643 38.67467948049307 59.33070421218872 114.93788533657789 -14.302897602319717
55.66313350200653 119.01142271980643 38.67467948049307 58.69598126411438 121.94907297194004 -16.31074869632721
55.66313350200653 119.01142271980643 38.67467948049307 62.564637184143066 123.21999498829246 -24.91047813743353
55.66313350200653 119.01142271980643 38.67467948049307 58.69701159000397 115.6780956313014 -14.367680430412292
55.66313350200653 119.01142271980643 38.67467948049307 62.04552972316742 123.97136367112398 -25.968613855540752
55.66313350200653 119.01142271980643 38.67467948049307 59.84981167316437 114.18651665374637 -13.244761884212494
55.66313350200653 119.01142271980643 38.67467948049307 60.79880511760712 122.48266722261906 -16.062190040946007
39.44681096076965 116.73436677828431 38.7919090166688 44.20435428619385 124.5072073340416 -21.980433329939842
39.44681096076965 116.73436677828431 38.7919090166688 48.707733154296875 118.76694171503186 -28.57231167703867
39.44681096076965 116.73436677828431 38.7919090166688 49.01833093166351 115.02413921803236 -15.491480708122253
39.44681096076965 116.73436677828431 38.7919090166688 45.03387475013733 121.85340769216418 -30.974819511175156
39.44681096076965 116.73436677828431 38.7919090166688 44.51476728916168 122.60477637499571 -32.03295522928238
39.44681096076965 116.73436677828431 38.7919090166688 44.8173862695694 126.73611407727003 -31.951639972627163
39.44681096076965 116.73436677828431 38.7919090166688 47.33947491645813 118.87024973705411 -28.72898241877556
39.44681096076965 116.73436677828431 38.7919090166688 47.82439434528351 120.61358073353767 -13.55302532762289
39.44681096076965 116.73436677828431 38.7919090166688 45.20941150188446 119.228192307055 -3.8032722547650337
39.44681096076965 116.73436677828431 38.7919090166688 46.69103980064392 127.24739155173302 -29.716375537216663
39.44681096076965 116.73436677828431 38.7919090166688 50.378610372543335 122.79497139528394 -28.334325678646564
39.44681096076965 116.73436677828431 38.7919090166688 44.36026072502136 118.58013164624572 -2.901807278394699
39.44681096076965 116.73436677828431 38.7919090166688 46.084771513938904 125.25569348782301 -31.822074316442013
39.44681096076965 116.73436677828431 38.7919090166688 49.52945959568024 122.14691073447466 -27.43286070227623
39.44681096076965 116.73436677828431 38.7919090166688 50.28571617603302 113.54371862858534 -15.361915051937103
39.44681096076965 116.73436677828431 38.7919090166688 48.79592430591583 115.23903112113476 -25.581680350005627
39.44681096076965 116.73436677828431 38.7919090166688 47.08982872962952 119.97667846083641 -13.644913241267204
39.44681096076965 116.73436677828431 38.7919090166688 48.44540512561798 114.96834727749228 -10.524716258049011
39.44681096076965 116.73436677828431 38.7919090166688 50.17686438560486 120.04074626043439 -28.388535849750042
39.44681096076965 116.73436677828431 38.7919090166688 48.330819964408875 114.95718888938427 -9.531363368034363
55.7502943277359 121.75448946654797 39.722242541611195 61.54708290100098 121.75361531600356 -16.99076010286808
55.7502943277359 121.75448946654797 39.722242541611195 59.21508872509003 121.19770428910851 -15.252612978219986
55.7502943277359 121.75448946654797 39.722242541611195 59.55086541175842 129.10531965270638 -31.23218736052513
55.7502943277359 121.75448946654797 39.722242541611195 60.44810116291046 124.0523549169302 -24.138578817248344
55.7502943277359 121.75448946654797 39.722242541611195 61.41080677509308 130.98255130648613 -27.976464949548244
55.7502943277359 121.75448946654797 39.722242541611195 60.56165599822998 130.33449064567685 -27.07499997317791
55.7502943277359 121.75448946654797 39.722242541611195 60.285431027412415 129.74222192540765 -31.140299446880817
55.7502943277359 121.75448946654797 39.722242541611195 62.665510177612305 124.59710755571723 -24.88337305188179
55.7502943277359 121.75448946654797 39.722242541611195 62.04449939727783 130.24234101176262 -27.91168212145567
55.7502943277359 121.75448946654797 39.722242541611195 59.941675543785095 129.7087467610836 -28.160240776836872
55.7502943277359 121.75448946654797 39.722242541611195 60.01718485355377 121.27581300586462 -22.206083208322525
55.7502943277359 121.75448946654797 39.722242541611195 58.749799609184265 122.75623359531164 -22.335648864507675
55.7502943277359 121.75448946654797 39.722242541611195 59.28261923789978 120.63891073316336 -22.29797112196684
55.7502943277359 121.75448946654797 39.722242541611195 63.413787961006165 123.86805564910173 -25.811943113803864
55.7502943277359 121.75448946654797 39.722242541611195 54.88790738582611 121.72252025827765 -25.812824845314026
55.7502943277359 121.75448946654797 39.722242541611195 59.01804578304291 131.22264251485467 -31.269865103065968
55.7502943277359 121.75448946654797 39.722242541611195 61.411837100982666 124.71157396584749 -26.033396683633327
55.7502943277359 121.75448946654797 39.722242541611195 58.810566425323486 121.96023136004806 -17.304101586341858
55.7502943277359 121.75448946654797 39.722242541611195 58.53434145450592 121.36796263977885 -21.369401060044765
55.7502943277359 121.75448946654797 39.722242541611195 62.564637184143066 123.21999498829246 -24.91047813743353
44.76412224769592 120.40783884003758 43.47331880033016 48.38934135437012 128.54351287335157 -31.519305489957333
44.76412224769592 120.40783884003758 43.47331880033016 54.13962960243225 122.45157216489315 -24.884254783391953
44.76412224769592 120.40783884003758 43.47331880033016 50.53921985626221 129.64705906808376 -25.218741580843925
44.76412224769592 120.40783884003758 43.47331880033016 47.898688554763794 120.29199585691094 -32.67528889328241
44.76412224769592 120.40783884003758 43.47331880033016 46.920210123062134 127.26970832794905 -31.70308131724596
44.76412224769592 120.40783884003758 43.47331880033016 47.54019057750702 127.8954522125423 -30.617840513586998
44.76412224769592 120.40783884003758 43.47331880033016 46.67938828468323 116.0713910497725 -24.809781029820442
44.76412224769592 120.40783884003758 43.47331880033016 61.081793785095215 123.31214462220669 -24.07379598915577
44.76412224769592 120.40783884003758 43.47331880033016 48.70876348018646 112.49596437439322 -26.629243411123753
44.76412224769592 120.40783884003758 43.47331880033016 50.222888708114624 126.8816755451262 -24.279598861932755
44.76412224769592 120.40783884003758 43.47331880033016 46.084771513938904 125.25569348782301 -31.822074316442013
44.76412224769592 120.40783884003758 43.47331880033016 49.67165386676788 117.58578922599554 -7.3337766751646996
44.76412224769592 120.40783884003758 43.47331880033016 44.20435428619385 124.5072073340416 -21.980433329939842
44.76412224769592 120.40783884003758 43.47331880033016 59.26890707015991 122.00486491248012 -21.27751314640045
44.76412224769592 120.40783884003758 43.47331880033016 49.26694679260254 120.1886878348887 -32.518618151545525
44.76412224769592 120.40783884003758 43.47331880033016 48.202337861061096 118.15235621854663 -30.65090537071228
44.76412224769592 120.40783884003758 43.47331880033016 45.16809022426605 125.16642638295889 -23.875251196324825
44.76412224769592 120.40783884003758 43.47331880033016 47.4061598777771 122.74206198379397 -14.584055960178375
44.76412224769592 120.40783884003758 43.47331880033016 53.00645983219147 127.24501144513488 -17.914252124726772
44.76412224769592 120.40783884003758 43.47331880033016 45.21617519855499 119.46540098637342 -15.880177676677704
53.57402181625366 117.11187428981066 37.40566284954548 60.17882466316223 121.85692333802581 -17.14743084460497
53.57402181625366 117.11187428981066 37.40566284954548 62.67922234535217 123.23115337640047 -25.903831027448177
53.57402181625366 117.11187428981066 37.40566284954548 61.19637894630432 123.3233030103147 -25.067148879170418
53.57402181625366 117.11187428981066 37.40566284954548 61.081793785095215 123.31214462220669 -24.07379598915577
53.57402181625366 117.11187428981066 37.40566284954548 60.05052733421326 123.21171912923455 -15.133619979023933
53.57402181625366 117.11187428981066 37.40566284954548 57.86157298088074 113.66408079117537 -14.486673429608345
53.57402181625366 117.11187428981066 37.40566284954548 57.90064883232117 122.10817293450236 -21.43418388813734
53.57402181625366 117.11187428981066 37.40566284954548 61.81635940074921 123.94904689490795 -23.981908075511456
53.57402181625366 117.11187428981066 37.40566284954548 60.812517285346985 121.1167130433023 -17.082648016512394
53.57402181625366 117.11187428981066 37.40566284954548 60.003472685813904 122.64176718518138 -21.185625232756138
53.57402181625366 117.11187428981066 37.40566284954548 58.380680441856384 112.91271210834384 -13.428537711501122
53.57402181625366 117.11187428981066 37.40566284954548 61.29725193977356 124.70041557773948 -25.04004379361868
53.57402181625366 117.11187428981066 37.40566284954548 60.27969765663147 123.23403590545058 -17.12032575905323
53.57402181625366 117.11187428981066 37.40566284954548 60.677271485328674 124.07467169314623 -26.12528459727764
53.57402181625366 117.11187428981066 37.40566284954548 57.11329519748688 114.39313269779086 -13.558103367686272
53.57402181625366 117.11187428981066 37.40566284954548 59.59895038604736 123.40429425612092 -23.23711384087801
53.57402181625366 117.11187428981066 37.40566284954548 56.99871003627777 114.38197430968285 -12.564750477671623
53.57402181625366 117.11187428981066 37.40566284954548 58.63521444797516 122.74507520720363 -21.342295974493027
53.57402181625366 117.11187428981066 37.40566284954548 60.79880511760712 122.48266722261906 -16.062190040946007
53.57402181625366 117.11187428981066 37.40566284954548 59.43054687976837 122.5859752446413 -16.218860782682896
21.245076894760132 137.41562147811055 40.95140139013529 38.59504520893097 134.14937541261315 -33.59282114356756
21.245076894760132 137.41562147811055 40.95140139013529 35.18472993373871 132.9230869486928 -28.966503262519836
21.245076894760132 137.41562147811055 40.95140139013529 38.68220603466034 136.8924421593547 -32.545258082449436
21.245076894760132 137.41562147811055 40.95140139013529 35.40018808841705 134.3113579042256 -29.932751066982746
21.245076894760132 137.41562147811055 40.95140139013529 37.732182264328 134.86726893112063 -31.67089819163084
21.245076894760132 137.41562147811055 40.95140139013529 34.43645215034485 133.6521388553083 -28.037933200597763
21.245076894760132 137.41562147811055 40.95140139013529 36.383554339408875 138.27243725582957 -23.73464772850275
21.245076894760132 137.41562147811055 40.95140139013529 35.386475920677185 135.67731208354235 -28.91229309141636
21.245076894760132 137.41562147811055 40.95140139013529 32.898760080337524 139.20810520648956 -23.119419150054455
21.245076894760132 137.41562147811055 40.95140139013529 37.00353479385376 138.89818114042282 -22.649406924843788
21.245076894760132 137.41562147811055 40.95140139013529 34.7664954662323 135.0515681989491 -29.99753389507532
21.245076894760132 137.41562147811055 40.95140139013529 39.201313495635986 136.14107347652316 -31.487122364342213
21.245076894760132 137.41562147811055 40.95140139013529 35.28560292720795 134.30019951611757 -28.939398176968098
21.245076894760132 137.41562147811055 40.95140139013529 38.466747879981995 135.5041712038219 -31.579010277986526
21.245076894760132 137.41562147811055 40.95140139013529 33.53245270252228 138.46789491176605 -23.05463632196188
21.245076894760132 137.41562147811055 40.95140139013529 39.215025663375854 134.7751192972064 -32.5075803399086
21.245076894760132 137.41562147811055 40.95140139013529 38.5813330411911 135.5153295919299 -32.572363168001175
21.245076894760132 137.41562147811055 40.95140139013529 33.647037863731384 138.47905329987407 -24.047989211976528
21.245076894760132 137.41562147811055 40.95140139013529 39.4304838180542 136.1633902527392 -33.47382814437151
21.245076894760132 137.41562147811055 40.95140139013529 36.02016854286194 134.93710178881884 -28.847510263323784
42.28420042991638 117.90486330166459 39.13235558569431 46.60490930080414 118.23334746435285 -28.820870332419872
42.28420042991638 117.90486330166459 39.13235558569431 47.366899251937866 116.13834137842059 -30.769898369908333
42.28420042991638 117.90486330166459 39.13235558569431 48.80860614776611 120.14405428245664 -28.54520659148693
42.28420042991638 117.90486330166459 39.13235558569431 47.43931758403778 126.51833964511752 -30.644945599138737
42.28420042991638 117.90486330166459 39.13235558569431 49.55688393115997 119.41500237584114 -29.473776653409004
42.28420042991638 117.90486330166459 39.13235558569431 54.88790738582611 121.72252025827765 -25.812824845314026
42.28420042991638 117.90486330166459 39.13235558569431 49.6587872505188 114.52113760262728 -27.50360330194235
42.28420042991638 117.90486330166459 39.13235558569431 51.411091923713684 114.78404800966382 -12.19808055460453
42.28420042991638 117.90486330166459 39.13235558569431 48.835184931755066 121.84275172650814 -9.395837940275669
42.28420042991638 117.90486330166459 39.13235558569431 48.06135869026184 114.6021288484335 -25.67356826364994
42.28420042991638 117.90486330166459 39.13235558569431 53.29150915145874 115.53253416344523 -22.0397215411067
42.28420042991638 117.90486330166459 39.13235558569431 47.30528688430786 121.3649494163692 -14.611161045730114
42.28420042991638 117.90486330166459 39.13235558569431 44.20435428619385 124.5072073340416 -21.980433329939842
42.28420042991638 117.90486330166459 39.13235558569431 43.76648950576782 123.3338282816112 -31.104385167360306
42.28420042991638 117.90486330166459 39.13235558569431 50.95172095298767 121.0103917978704 -10.167737260460854
42.28420042991638 117.90486330166459 39.13235558569431 48.08775269985199 118.14119783043861 -29.657552480697632
42.28420042991638 117.90486330166459 39.13235558569431 53.39238214492798 116.90964673087001 -22.012616455554962
42.28420042991638 117.90486330166459 39.13235558569431 49.656726598739624 127.06309228390455 -31.389739833772182
42.28420042991638 117.90486330166459 39.13235558569431 48.917457938194275 113.64702665060759 -15.518585793673992
42.28420042991638 117.90486330166459 39.13235558569431 44.4611337184906 119.95724421367049 -2.8747021928429604
37.60546958446503 124.4299727678299 41.68603954464197 49.26694679260254 120.1886878348887 -32.518618151545525
37.60546958446503 124.4299727678299 41.68603954464197 40.098549246788025 131.08810874074697 -24.393513821065426
37.60546958446503 124.4299727678299 41.68603954464197 52.1229362487793 130.9320220015943 -26.028318643569946
37.60546958446503 124.4299727678299 41.68603954464197 39.34435331821442 127.14934616535902 -32.57832293957472
37.60546958446503 124.4299727678299 41.68603954464197 40.84006333351135 130.12184815481305 -13.245178461074829
37.60546958446503 124.4299727678299 41.68603954464197 47.30528688430786 121.3649494163692 -14.611161045730114
37.60546958446503 124.4299727678299 41.68603954464197 39.21605598926544 128.50414195656776 -30.564512073993683
37.60546958446503 124.4299727678299 41.68603954464197 40.83311486244202 131.72501101344824 -24.301625907421112
37.60546958446503 124.4299727678299 41.68603954464197 39.98396408557892 131.07695035263896 -23.400160931050777
37.60546958446503 124.4299727678299 41.68603954464197 41.63642609119415 123.69177085161209 -6.178675003349781
37.60546958446503 124.4299727678299 41.68603954464197 41.40725576877594 123.66945407539606 -4.191969223320484
37.60546958446503 124.4299727678299 41.68603954464197 43.33472764492035 124.98789217323065 -7.98160495609045
37.60546958446503 124.4299727678299 41.68603954464197 48.60686016082764 117.38982914760709 -28.59941676259041
37.60546958446503 124.4299727678299 41.68603954464197 48.10635268688202 127.71403547376394 -23.50769954174757
37.60546958446503 124.4299727678299 41.68603954464197 44.15523898601532 136.4792100712657 -31.91857511550188
37.60546958446503 124.4299727678299 41.68603954464197 49.12390697002411 129.18041514605284 -31.42741757631302
37.60546958446503 124.4299727678299 41.68603954464197 43.665616512298584 121.95671571418643 -31.131490252912045
37.60546958446503 124.4299727678299 41.68603954464197 47.872294545173645 116.75292687490582 -28.691304676234722
37.60546958446503 124.4299727678299 41.68603954464197 42.1555335521698 122.94040216878057 -5.1205392852425575
37.60546958446503 124.4299727678299 41.68603954464197 40.77356314659119 124.40966437011957 -4.256752051413059
30.154819130897522 141.76774683594704 32.96778225898743 36.24933886528015 134.95941856503487 -30.83421604335308
30.154819130897522 141.76774683594704 32.96778225898743 43.022069215774536 141.27264935150743 -24.9485724568367
30.154819130897522 141.76774683594704 32.96778225898743 39.68520259857178 144.15538181364536 -18.25423353910446
30.154819130897522 141.76774683594704 32.96778225898743 38.43152952194214 144.26984822377563 -19.404257170856
30.154819130897522 141.76774683594704 32.96778225898743 41.02011835575104 142.11616766825318 -25.170026026666164
30.154819130897522 141.76774683594704 32.96778225898743 36.34241783618927 142.37029979377985 -20.67327380180359
30.154819130897522 141.76774683594704 32.96778225898743 34.7664954662323 135.0515681989491 -29.99753389507532
30.154819130897522 141.76774683594704 32.96778225898743 36.97611045837402 141.63008949905634 -20.608490973711014
30.154819130897522 141.76774683594704 32.96778225898743 35.50106108188629 135.68847047165036 -29.905645981431007
30.154819130897522 141.76774683594704 32.96778225898743 39.949591279029846 135.41202156990767 -32.415692426264286
30.154819130897522 141.76774683594704 32.96778225898743 40.49424719810486 142.63032767176628 -14.151256322860718
30.154819130897522 141.76774683594704 32.96778225898743 39.57061743736267 144.14422342553735 -17.260880649089813
30.154819130897522 141.76774683594704 32.96778225898743 37.60980308055878 140.88987920433283 -20.54370814561844
30.154819130897522 141.76774683594704 32.96778225898743 34.26701831817627 139.10479718446732 -22.962748408317566
30.154819130897522 141.76774683594704 32.96778225898743 39.31589865684509 136.15223186463118 -32.48047525435686
30.154819130897522 141.76774683594704 32.96778225898743 38.68220603466034 136.8924421593547 -32.545258082449436
30.154819130897522 141.76774683594704 32.96778225898743 41.55293798446655 139.9988448061049 -25.132348284125328
30.154819130897522 141.76774683594704 32.96778225898743 36.201438665390015 138.82007242366672 -15.695936694741249
30.154819130897522 141.76774683594704 32.96778225898743 37.69696390628815 143.63294595107436 -19.496145084500313
30.154819130897522 141.76774683594704 32.96778225898743 38.365874886512756 134.12705863639712 -31.606115363538265
